channelKey,displayName,groups,sourceFile,sourceRole,originalName,host,kind,durable,continuousUpdate,updateMode,signedExpireAt,youtubeVideoId,url
時移新時代西,（時移）新時代西,港澳頻道,sources/live-base.txt,durable-base-hls,（時移）新時代西,z3.ubtvfans.com,direct-hls,true,true,retest-existing-hls,,,https://z3.ubtvfans.com/live/rx3/1287/e4cb5f65549108452b651955a0cc56e5/index.m3u8
時移新時代西,（時移）新時代西,港澳頻道,sources/live-cleaned-backup.txt,durable-cleaned-backup-hls,（時移）新時代西,z3.ubtvfans.com,direct-hls,true,true,retest-existing-hls,,,https://z3.ubtvfans.com/live/rx3/1287/e4cb5f65549108452b651955a0cc56e5/index.m3u8
18台,18台,港澳頻道,sources/live-base.txt,durable-base-hls,18台,z3.ubtvfans.com,direct-hls,true,true,retest-existing-hls,,,https://z3.ubtvfans.com/live/rx6/2813/10adbff6b7c8c269e5cf076543d9243a/index.m3u8
18台,18台,港澳頻道,sources/live-cleaned-backup.txt,durable-cleaned-backup-hls,18台,z3.ubtvfans.com,direct-hls,true,true,retest-existing-hls,,,https://z3.ubtvfans.com/live/rx6/2813/10adbff6b7c8c269e5cf076543d9243a/index.m3u8
4seven,4seven hd,體育頻道,sources/live-base.txt,durable-base-hls,4seven hd,z3.ubtvfans.com,direct-hls,true,true,retest-existing-hls,,,https://z3.ubtvfans.com/live/rx3/3240/d298b3e4b1cbe7312309e0406505174b/index.m3u8
4seven,4seven hd,體育頻道,sources/live-cleaned-backup.txt,durable-cleaned-backup-hls,4seven hd,z3.ubtvfans.com,direct-hls,true,true,retest-existing-hls,,,https://z3.ubtvfans.com/live/rx3/3240/d298b3e4b1cbe7312309e0406505174b/index.m3u8
5star,5 star,英國頻道,sources/live-base.txt,durable-base-hls,5 star,z3.ubtvfans.com,direct-hls,true,true,retest-existing-hls,,,https://z3.ubtvfans.com/live/rx4/1400/9700bf9539809071f3e3ae1f589664b4/index.m3u8
5star,5 star,英國頻道,sources/live-cleaned-backup.txt,durable-cleaned-backup-hls,5 star,z3.ubtvfans.com,direct-hls,true,true,retest-existing-hls,,,https://z3.ubtvfans.com/live/rx4/1400/9700bf9539809071f3e3ae1f589664b4/index.m3u8
5starmax,5 Star Max,美國頻道,sources/live-base.txt,durable-base-hls,5 Star Max,z3.ubtvfans.com,direct-hls,true,true,retest-existing-hls,,,https://z3.ubtvfans.com/live/rx3/1174/7de90c5079acbf4236a61de804deb3dc/index.m3u8
5starmax,5 Star Max,美國頻道,sources/live-cleaned-backup.txt,durable-cleaned-backup-hls,5 Star Max,z3.ubtvfans.com,direct-hls,true,true,retest-existing-hls,,,https://z3.ubtvfans.com/live/rx3/1174/7de90c5079acbf4236a61de804deb3dc/index.m3u8
5usa,5usa,體育頻道,sources/live-base.txt,durable-base-hls,5usa,z3.ubtvfans.com,direct-hls,true,true,retest-existing-hls,,,https://z3.ubtvfans.com/live/rx3/3280/7ff2b0ace2a5e1ffd21f66764216b7fb/index.m3u8
5usa,5usa,體育頻道,sources/live-cleaned-backup.txt,durable-cleaned-backup-hls,5usa,z3.ubtvfans.com,direct-hls,true,true,retest-existing-hls,,,https://z3.ubtvfans.com/live/rx3/3280/7ff2b0ace2a5e1ffd21f66764216b7fb/index.m3u8
60daysin,60 Days In,紀實頻道,sources/live-base.txt,durable-base-hls,60 Days In,z3.ubtvfans.com,direct-hls,true,true,retest-existing-hls,,,https://z3.ubtvfans.com/live/rx1/2404/64b5f581064352f3fab222a6caa75801/index.m3u8
60daysin,60 Days In,紀實頻道,sources/live-cleaned-backup.txt,durable-cleaned-backup-hls,60 Days In,z3.ubtvfans.com,direct-hls,true,true,retest-existing-hls,,,https://z3.ubtvfans.com/live/rx1/2404/64b5f581064352f3fab222a6caa75801/index.m3u8
8world,8world,YouTube綜合娛樂,sources/youtube-live-channels.csv,durable-youtube-page,8world,www.youtube.com,youtube-page,true,true,resolve-with-yt-dlp,,RvSOIM620bA,https://www.youtube.com/watch?v=RvSOIM620bA
91沈先生,91沈先生,私密頻道_7708,sources/live-base.txt,durable-base-hls,91沈先生,z3.ubtvfans.com,direct-hls,true,true,retest-existing-hls,,,https://z3.ubtvfans.com/live/rx1/3185/1cc03bdef8e657335cf8087d59e04228/index.m3u8
91沈先生,91沈先生,私密頻道_7708,sources/live-cleaned-backup.txt,durable-cleaned-backup-hls,91沈先生,z3.ubtvfans.com,direct-hls,true,true,retest-existing-hls,,,https://z3.ubtvfans.com/live/rx1/3185/1cc03bdef8e657335cf8087d59e04228/index.m3u8
91短视频,91短视频,私密頻道_7708,sources/live-base.txt,durable-base-hls,91短视频,z3.ubtvfans.com,direct-hls,true,true,retest-existing-hls,,,https://z3.ubtvfans.com/live/rx4/3172/d072c9162a60525dab8cf99c8201ef8c/index.m3u8
91短视频,91短视频,私密頻道_7708,sources/live-cleaned-backup.txt,durable-cleaned-backup-hls,91短视频,z3.ubtvfans.com,direct-hls,true,true,retest-existing-hls,,,https://z3.ubtvfans.com/live/rx4/3172/d072c9162a60525dab8cf99c8201ef8c/index.m3u8
人間衛視,人間衛視,音樂宗教,sources/live-base.txt,durable-base-hls,人間衛視,z3.ubtvfans.com,direct-hls,true,true,retest-existing-hls,,,https://z3.ubtvfans.com/live/rx1/101/cd647060070bbf8452444f239d33ef20/index.m3u8
人間衛視,人間衛視,音樂宗教,sources/live-cleaned-backup.txt,durable-cleaned-backup-hls,人間衛視,z3.ubtvfans.com,direct-hls,true,true,retest-existing-hls,,,https://z3.ubtvfans.com/live/rx1/101/cd647060070bbf8452444f239d33ef20/index.m3u8
八大娱乐,八大娱乐,台灣頻道,sources/live-base.txt,durable-base-hls,八大娱乐,z3.ubtvfans.com,direct-hls,true,true,retest-existing-hls,,,https://z3.ubtvfans.com/live/rx3/105/c06e7c42f728061cb24da4136bd5cb56/index.m3u8
八大娱乐,八大娱乐,台灣頻道,sources/live-cleaned-backup.txt,durable-cleaned-backup-hls,八大娱乐,z3.ubtvfans.com,direct-hls,true,true,retest-existing-hls,,,https://z3.ubtvfans.com/live/rx3/105/c06e7c42f728061cb24da4136bd5cb56/index.m3u8
八大第一,八大第一,台灣頻道,sources/live-base.txt,durable-base-hls,八大第一,z3.ubtvfans.com,direct-hls,true,true,retest-existing-hls,,,https://z3.ubtvfans.com/live/rx3/318/d3d81cb63f9a6add6c7b089c0b1a1869/index.m3u8
八大第一,八大第一,台灣頻道,sources/live-cleaned-backup.txt,durable-cleaned-backup-hls,八大第一,z3.ubtvfans.com,direct-hls,true,true,retest-existing-hls,,,https://z3.ubtvfans.com/live/rx3/318/d3d81cb63f9a6add6c7b089c0b1a1869/index.m3u8
八大精彩,八大精彩,台灣頻道,sources/live-base.txt,durable-base-hls,八大精彩,z3.ubtvfans.com,direct-hls,true,true,retest-existing-hls,,,https://z3.ubtvfans.com/live/rx2/1024/9c5eb6efea98b18aa7a0e60cae1af719/index.m3u8
八大精彩,八大精彩,台灣頻道,sources/live-cleaned-backup.txt,durable-cleaned-backup-hls,八大精彩,z3.ubtvfans.com,direct-hls,true,true,retest-existing-hls,,,https://z3.ubtvfans.com/live/rx2/1024/9c5eb6efea98b18aa7a0e60cae1af719/index.m3u8
八大綜合,八大綜合,台灣頻道,sources/live-base.txt,durable-base-hls,八大綜合,z3.ubtvfans.com,direct-hls,true,true,retest-existing-hls,,,https://z3.ubtvfans.com/live/rx3/3258/5b03fd9763b6df0253ae76a86cda3b2e/index.m3u8
八大綜合,八大綜合,台灣頻道,sources/live-base.txt,durable-base-hls,八大綜合,z3.ubtvfans.com,direct-hls,true,true,retest-existing-hls,,,https://z3.ubtvfans.com/live/rx3/2286/1024e5d806fb08a4d6bc3f167da6ac20/index.m3u8
八大綜合,八大綜合,台灣頻道,sources/live-cleaned-backup.txt,durable-cleaned-backup-hls,八大綜合,z3.ubtvfans.com,direct-hls,true,true,retest-existing-hls,,,https://z3.ubtvfans.com/live/rx3/3258/5b03fd9763b6df0253ae76a86cda3b2e/index.m3u8
八大綜合,八大綜合,台灣頻道,sources/live-cleaned-backup.txt,durable-cleaned-backup-hls,八大綜合,z3.ubtvfans.com,direct-hls,true,true,retest-existing-hls,,,https://z3.ubtvfans.com/live/rx3/2286/1024e5d806fb08a4d6bc3f167da6ac20/index.m3u8
八大戲劇,八大戲劇,Verified Fastest | 台灣頻道,sources/live-base.txt,durable-base-hls,八大戲劇,z3.ubtvfans.com,direct-hls,true,true,retest-existing-hls,,,https://z3.ubtvfans.com/live/rx3/81/c259ad66779795d2f66ebe688e1035e7/index.m3u8
八大戲劇,八大戲劇,Verified Fastest | 台灣頻道,sources/live-base.txt,durable-base-hls,八大戲劇,z3.ubtvfans.com,direct-hls,true,true,retest-existing-hls,,,https://z3.ubtvfans.com/live/rx3/81/c259ad66779795d2f66ebe688e1035e7/index.m3u8
八大戲劇,八大戲劇,Verified Fastest | 台灣頻道,sources/live-cleaned-backup.txt,durable-cleaned-backup-hls,八大戲劇,z3.ubtvfans.com,direct-hls,true,true,retest-existing-hls,,,https://z3.ubtvfans.com/live/rx3/81/c259ad66779795d2f66ebe688e1035e7/index.m3u8
三立国際,三立国際,台灣頻道,sources/live-base.txt,durable-base-hls,三立国際,z3.ubtvfans.com,direct-hls,true,true,retest-existing-hls,,,https://z3.ubtvfans.com/live/rx1/2285/ec005f2a19f1c7aced6f9a050c2754cc/index.m3u8
三立国際,三立国際,台灣頻道,sources/live-cleaned-backup.txt,durable-cleaned-backup-hls,三立国際,z3.ubtvfans.com,direct-hls,true,true,retest-existing-hls,,,https://z3.ubtvfans.com/live/rx1/2285/ec005f2a19f1c7aced6f9a050c2754cc/index.m3u8
三立都會,三立都會,台灣頻道,sources/live-base.txt,durable-base-hls,三立都會,z3.ubtvfans.com,direct-hls,true,true,retest-existing-hls,,,https://z3.ubtvfans.com/live/rx2/1001/91efc3a2790d32a008a04a5e1aafeb97/index.m3u8
三立都會,三立都會,台灣頻道,sources/live-base.txt,durable-base-hls,三立都會,z3.ubtvfans.com,direct-hls,true,true,retest-existing-hls,,,https://z3.ubtvfans.com/live/rx3/2435/84241635c0a01708ace6ccab45cad8e2/index.m3u8
三立都會,三立都會,台灣頻道,sources/live-cleaned-backup.txt,durable-cleaned-backup-hls,三立都會,z3.ubtvfans.com,direct-hls,true,true,retest-existing-hls,,,https://z3.ubtvfans.com/live/rx2/1001/91efc3a2790d32a008a04a5e1aafeb97/index.m3u8
三立都會,三立都會,台灣頻道,sources/live-cleaned-backup.txt,durable-cleaned-backup-hls,三立都會,z3.ubtvfans.com,direct-hls,true,true,retest-existing-hls,,,https://z3.ubtvfans.com/live/rx3/2435/84241635c0a01708ace6ccab45cad8e2/index.m3u8
三立新聞台,三立新聞台,YouTube新聞台,sources/youtube-live-channels.csv,durable-youtube-page,三立新聞台,www.youtube.com,youtube-page,true,true,resolve-with-yt-dlp,,QsGswQvRmtU,https://www.youtube.com/watch?v=QsGswQvRmtU
三立綜合,三立綜合,台灣頻道,sources/live-base.txt,durable-base-hls,三立綜合,z3.ubtvfans.com,direct-hls,true,true,retest-existing-hls,,,https://z3.ubtvfans.com/live/rx3/2815/7275b2a2c08a712776212711d6f38f55/index.m3u8
三立綜合,三立綜合,台灣頻道,sources/live-cleaned-backup.txt,durable-cleaned-backup-hls,三立綜合,z3.ubtvfans.com,direct-hls,true,true,retest-existing-hls,,,https://z3.ubtvfans.com/live/rx3/2815/7275b2a2c08a712776212711d6f38f55/index.m3u8
三立臺灣,三立臺灣,台灣頻道,sources/live-base.txt,durable-base-hls,三立臺灣,z3.ubtvfans.com,direct-hls,true,true,retest-existing-hls,,,https://z3.ubtvfans.com/live/rx3/35/c3c208d4876ec42473c4b41060b72571/index.m3u8
三立臺灣,三立臺灣,台灣頻道,sources/live-base.txt,durable-base-hls,三立臺灣,z3.ubtvfans.com,direct-hls,true,true,retest-existing-hls,,,https://z3.ubtvfans.com/live/rx2/21/6eb0df1972f8793fe5bfd4aba031c1d2/index.m3u8
三立臺灣,三立臺灣,台灣頻道,sources/live-cleaned-backup.txt,durable-cleaned-backup-hls,三立臺灣,z3.ubtvfans.com,direct-hls,true,true,retest-existing-hls,,,https://z3.ubtvfans.com/live/rx2/21/6eb0df1972f8793fe5bfd4aba031c1d2/index.m3u8
三立臺灣,三立臺灣,台灣頻道,sources/live-cleaned-backup.txt,durable-cleaned-backup-hls,三立臺灣,z3.ubtvfans.com,direct-hls,true,true,retest-existing-hls,,,https://z3.ubtvfans.com/live/rx3/35/c3c208d4876ec42473c4b41060b72571/index.m3u8
三立戲劇,三立戲劇,台灣頻道,sources/live-base.txt,durable-base-hls,三立戲劇,z3.ubtvfans.com,direct-hls,true,true,retest-existing-hls,,,https://z3.ubtvfans.com/live/rx2/64/9c6a096456a1f5e5800da7acda61b39f/index.m3u8
三立戲劇,三立戲劇,台灣頻道,sources/live-base.txt,durable-base-hls,三立戲劇,z3.ubtvfans.com,direct-hls,true,true,retest-existing-hls,,,https://z3.ubtvfans.com/live/rx3/2819/c5ba8ef7f3de5ffec149bc5971631217/index.m3u8
三立戲劇,三立戲劇,台灣頻道,sources/live-cleaned-backup.txt,durable-cleaned-backup-hls,三立戲劇,z3.ubtvfans.com,direct-hls,true,true,retest-existing-hls,,,https://z3.ubtvfans.com/live/rx2/64/9c6a096456a1f5e5800da7acda61b39f/index.m3u8
三立戲劇,三立戲劇,台灣頻道,sources/live-cleaned-backup.txt,durable-cleaned-backup-hls,三立戲劇,z3.ubtvfans.com,direct-hls,true,true,retest-existing-hls,,,https://z3.ubtvfans.com/live/rx3/2819/c5ba8ef7f3de5ffec149bc5971631217/index.m3u8
三立inews,三立iNEWS,台灣頻道 | YouTube新聞台,sources/live-base.txt,durable-base-hls,三立iNEWS,z3.ubtvfans.com,direct-hls,true,true,retest-existing-hls,,,https://z3.ubtvfans.com/live/rx2/6/366639847e3dcd21d4e1e6bef5ebcb15/index.m3u8
三立inews,三立iNEWS,台灣頻道 | YouTube新聞台,sources/live-cleaned-backup.txt,durable-cleaned-backup-hls,三立iNEWS,z3.ubtvfans.com,direct-hls,true,true,retest-existing-hls,,,https://z3.ubtvfans.com/live/rx2/6/366639847e3dcd21d4e1e6bef5ebcb15/index.m3u8
三立inews,三立iNEWS,台灣頻道 | YouTube新聞台,sources/youtube-live-channels.csv,durable-youtube-page,三立iNEWS,www.youtube.com,youtube-page,true,true,resolve-with-yt-dlp,,pF507BLtbqU,https://www.youtube.com/watch?v=pF507BLtbqU
三立inews,三立iNEWS,台灣頻道 | YouTube新聞台,sources/live-youtube-stable.txt,generated-youtube-hls,001 三立iNEWS,manifest.googlevideo.com,youtube-generated-hls,false,false,generated-short-lived,2026-06-22T21:47:37.000Z,pF507BLtbqU,"https://manifest.googlevideo.com/api/manifest/hls_playlist/expire/1782164857/ei/GVk5auq0K8GK1d8PyJmbiAQ/ip/114.42.199.53/id/pF507BLtbqU.8/itag/94/source/yt_live_broadcast/requiressl/yes/ratebypass/yes/live/1/sgoap/gir%3Dyes%3Bitag%3D140/sgovp/gir%3Dyes%3Bitag%3D135/rqh/1/hls_chunk_host/rr1---sn-ipoxu-umbee.googlevideo.com/xpc/EgVo2aDSNQ%3D%3D/bui/ARmQxEW3JPMxT1PGxT5xnDyfbXWmrGlSNYkmOdKyive7xWDtjw0Fg54fPAq08DUpu8XMkdVi83sNfq_3/spc/SQ-umoj1_lk8yVtRWQK4rivXJb2wu6heirgNdsiQRhf4Q8YCBw/vprv/1/reg/0/playlist_type/DVR/initcwndbps/2605000/met/1782143257,/mh/6w/mm/44/mn/sn-ipoxu-umbee/ms/lva/mv/m/mvi/1/pl/24/rms/lva,lva/dover/11/pacing/0/keepalive/yes/fexp/51565116,51565681,51987687/mt/1782142835/sparams/expire,ei,ip,id,itag,source,requiressl,ratebypass,live,sgoap,sgovp,rqh,xpc,bui,spc,vprv,reg,playlist_type/sig/AHEqNM4wRgIhAKJ2yuZf2j9t0w_p5s2tD_aII-Df6UZzxKsRa3xABDUAAiEA52OH16upxY64ir-3__XnOX-9ECp36ZGWzS4QrrMncts%3D/lsparams/hls_chunk_host,initcwndbps,met,mh,mm,mn,ms,mv,mvi,pl,rms/lsig/APaTxxMwRQIgKVWp2b7csUnhavlvzwiqVLbp2bCC7feFN8YJPbPpDMUCIQCqziFIwrRRBfGXDYKMzZ4JwaNof0AkoXIX699wpW5QIg%3D%3D/playlist/index.m3u8"
上原亜衣,上原亜衣,私密頻道_7708,sources/live-base.txt,durable-base-hls,上原亜衣,z3.ubtvfans.com,direct-hls,true,true,retest-existing-hls,,,https://z3.ubtvfans.com/live/rx4/3162/0f8a2fd886d0700759cd201f528085cb/index.m3u8
上原亜衣,上原亜衣,私密頻道_7708,sources/live-cleaned-backup.txt,durable-cleaned-backup-hls,上原亜衣,z3.ubtvfans.com,direct-hls,true,true,retest-existing-hls,,,https://z3.ubtvfans.com/live/rx4/3162/0f8a2fd886d0700759cd201f528085cb/index.m3u8
大立電視,大立電視,台灣頻道,sources/live-base.txt,durable-base-hls,大立電視,z3.ubtvfans.com,direct-hls,true,true,retest-existing-hls,,,https://z3.ubtvfans.com/live/rx3/1593//index.m3u8
大立電視,大立電視,台灣頻道,sources/live-cleaned-backup.txt,durable-cleaned-backup-hls,大立電視,z3.ubtvfans.com,direct-hls,true,true,retest-existing-hls,,,https://z3.ubtvfans.com/live/rx3/1593//index.m3u8
大阪tv,大阪TV,にっぽん,sources/live-base.txt,durable-base-hls,大阪TV,z3.ubtvfans.com,direct-hls,true,true,retest-existing-hls,,,https://z3.ubtvfans.com/live/rx3/126/72198f9a06ab5f883348eb2e5144bba0/index.m3u8
大阪tv,大阪TV,にっぽん,sources/live-cleaned-backup.txt,durable-cleaned-backup-hls,大阪TV,z3.ubtvfans.com,direct-hls,true,true,retest-existing-hls,,,https://z3.ubtvfans.com/live/rx3/126/72198f9a06ab5f883348eb2e5144bba0/index.m3u8
大陸尋奇,大陸尋奇,紀實頻道 | YouTube綜合娛樂,sources/live-base.txt,durable-base-hls,大陸尋奇,z3.ubtvfans.com,direct-hls,true,true,retest-existing-hls,,,https://z3.ubtvfans.com/live/rx1/102/2018d75daeec5985730a6197d5e7bc74/index.m3u8
大陸尋奇,大陸尋奇,紀實頻道 | YouTube綜合娛樂,sources/live-cleaned-backup.txt,durable-cleaned-backup-hls,大陸尋奇,z3.ubtvfans.com,direct-hls,true,true,retest-existing-hls,,,https://z3.ubtvfans.com/live/rx1/102/2018d75daeec5985730a6197d5e7bc74/index.m3u8
大陸尋奇,大陸尋奇,紀實頻道 | YouTube綜合娛樂,sources/youtube-live-channels.csv,durable-youtube-page,大陸尋奇,www.youtube.com,youtube-page,true,true,resolve-with-yt-dlp,,Kc5OXLZ9NEw,https://www.youtube.com/watch?v=Kc5OXLZ9NEw
大愛一臺,大愛一臺,台灣頻道 | YouTube文化紀實,sources/live-base.txt,durable-base-hls,大愛一臺,z3.ubtvfans.com,direct-hls,true,true,retest-existing-hls,,,https://z3.ubtvfans.com/live/rx1/11/ed04439f1a75fde9dc72908b6d926016/index.m3u8
大愛一臺,大愛一臺,台灣頻道 | YouTube文化紀實,sources/live-cleaned-backup.txt,durable-cleaned-backup-hls,大愛一臺,z3.ubtvfans.com,direct-hls,true,true,retest-existing-hls,,,https://z3.ubtvfans.com/live/rx1/11/ed04439f1a75fde9dc72908b6d926016/index.m3u8
大愛一臺,大愛一臺,台灣頻道 | YouTube文化紀實,sources/youtube-live-channels.csv,durable-youtube-page,大愛一臺HD,www.youtube.com,youtube-page,true,true,resolve-with-yt-dlp,,pM-1ytfQhos,https://www.youtube.com/watch?v=pM-1ytfQhos
大愛二臺,大愛二臺HD,YouTube文化紀實,sources/youtube-live-channels.csv,durable-youtube-page,大愛二臺HD,www.youtube.com,youtube-page,true,true,resolve-with-yt-dlp,,QDxRJP-wfeI,https://www.youtube.com/watch?v=QDxRJP-wfeI
小宝寻花,小宝寻花,私密頻道_7708,sources/live-base.txt,durable-base-hls,小宝寻花,z3.ubtvfans.com,direct-hls,true,true,retest-existing-hls,,,https://z3.ubtvfans.com/live/rx1/3181/307b14451a7968446223d0ccbffa22b8/index.m3u8
小宝寻花,小宝寻花,私密頻道_7708,sources/live-cleaned-backup.txt,durable-cleaned-backup-hls,小宝寻花,z3.ubtvfans.com,direct-hls,true,true,retest-existing-hls,,,https://z3.ubtvfans.com/live/rx1/3181/307b14451a7968446223d0ccbffa22b8/index.m3u8
小猪佩奇,小猪佩奇,YouTube兒童動畫,sources/youtube-live-channels.csv,durable-youtube-page,小猪佩奇,www.youtube.com,youtube-page,true,true,resolve-with-yt-dlp,,MxK0SaEVQFs,https://www.youtube.com/watch?v=MxK0SaEVQFs
山东卫视,山东卫视,大陸頻道,sources/live-base.txt,durable-base-hls,山东卫视,z3.ubtvfans.com,direct-hls,true,true,retest-existing-hls,,,https://z3.ubtvfans.com/live/rx2/234/873868d12ebdf4d1d95302552d5b2706/index.m3u8
山东卫视,山东卫视,大陸頻道,sources/live-cleaned-backup.txt,durable-cleaned-backup-hls,山东卫视,z3.ubtvfans.com,direct-hls,true,true,retest-existing-hls,,,https://z3.ubtvfans.com/live/rx2/234/873868d12ebdf4d1d95302552d5b2706/index.m3u8
广州电视,广州电视,大陸頻道,sources/live-base.txt,durable-base-hls,广州电视,z3.ubtvfans.com,direct-hls,true,true,retest-existing-hls,,,https://z3.ubtvfans.com/live/rx3/231/f33eba8368bc32b7dfb6694cd0839f31/index.m3u8
广州电视,广州电视,大陸頻道,sources/live-cleaned-backup.txt,durable-cleaned-backup-hls,广州电视,z3.ubtvfans.com,direct-hls,true,true,retest-existing-hls,,,https://z3.ubtvfans.com/live/rx3/231/f33eba8368bc32b7dfb6694cd0839f31/index.m3u8
中天2台,中天2台,YouTube綜合娛樂,sources/youtube-live-channels.csv,durable-youtube-page,中天2台,www.youtube.com,youtube-page,true,true,resolve-with-yt-dlp,,6LNCDdQpv-w,https://www.youtube.com/watch?v=6LNCDdQpv-w
中天亞洲,中天亞洲,台灣頻道,sources/live-base.txt,durable-base-hls,中天亞洲,z3.ubtvfans.com,direct-hls,true,true,retest-existing-hls,,,https://z3.ubtvfans.com/live/rx3/322/f68805f95dbd8172c287c1ac845e0a71/index.m3u8
中天亞洲,中天亞洲,台灣頻道,sources/live-cleaned-backup.txt,durable-cleaned-backup-hls,中天亞洲,z3.ubtvfans.com,direct-hls,true,true,retest-existing-hls,,,https://z3.ubtvfans.com/live/rx3/322/f68805f95dbd8172c287c1ac845e0a71/index.m3u8
中天亞洲台,中天亞洲台,YouTube綜合娛樂,sources/youtube-live-channels.csv,durable-youtube-page,中天亞洲台,www.youtube.com,youtube-page,true,true,resolve-with-yt-dlp,,fdHutVy5SUM,https://www.youtube.com/watch?v=fdHutVy5SUM
中天娛樂,中天娛樂,台灣頻道,sources/live-base.txt,durable-base-hls,中天娛樂,z3.ubtvfans.com,direct-hls,true,true,retest-existing-hls,,,https://z3.ubtvfans.com/live/rx3/324/59af1029d7599db3a181f43e43f7fa50/index.m3u8
中天娛樂,中天娛樂,台灣頻道,sources/live-cleaned-backup.txt,durable-cleaned-backup-hls,中天娛樂,z3.ubtvfans.com,direct-hls,true,true,retest-existing-hls,,,https://z3.ubtvfans.com/live/rx3/324/59af1029d7599db3a181f43e43f7fa50/index.m3u8
中天新聞,中天新聞,新聞頻道,sources/live-base.txt,durable-base-hls,中天新聞,z3.ubtvfans.com,direct-hls,true,true,retest-existing-hls,,,https://z3.ubtvfans.com/live/rx6/3493/1e405e47a549f089c44642bbc5e5d18b/index.m3u8
中天新聞,中天新聞,新聞頻道,sources/live-base.txt,durable-base-hls,中天新聞,z3.ubtvfans.com,direct-hls,true,true,retest-existing-hls,,,https://z3.ubtvfans.com/live/rx1/2394/e14e13fe1fcfa345653c1fbce781b705/index.m3u8
中天新聞,中天新聞,新聞頻道,sources/live-cleaned-backup.txt,durable-cleaned-backup-hls,中天新聞,z3.ubtvfans.com,direct-hls,true,true,retest-existing-hls,,,https://z3.ubtvfans.com/live/rx1/2394/e14e13fe1fcfa345653c1fbce781b705/index.m3u8
中天新聞,中天新聞,新聞頻道,sources/live-cleaned-backup.txt,durable-cleaned-backup-hls,中天新聞,z3.ubtvfans.com,direct-hls,true,true,retest-existing-hls,,,https://z3.ubtvfans.com/live/rx6/3493/1e405e47a549f089c44642bbc5e5d18b/index.m3u8
中天新聞2,中天新聞-2,新聞頻道,sources/live-base.txt,durable-base-hls,中天新聞-2,z3.ubtvfans.com,direct-hls,true,true,retest-existing-hls,,,https://z3.ubtvfans.com/live/rx1/1294/2126fcca73ba2bd72d513c4252ca35bf/index.m3u8
中天新聞2,中天新聞-2,新聞頻道,sources/live-cleaned-backup.txt,durable-cleaned-backup-hls,中天新聞-2,z3.ubtvfans.com,direct-hls,true,true,retest-existing-hls,,,https://z3.ubtvfans.com/live/rx1/1294/2126fcca73ba2bd72d513c4252ca35bf/index.m3u8
中天電視,中天電視,YouTube新聞台,sources/youtube-live-channels.csv,durable-youtube-page,中天電視,www.youtube.com,youtube-page,true,true,resolve-with-yt-dlp,,vr3XyVCR4T0,https://www.youtube.com/watch?v=vr3XyVCR4T0
中天電視,中天電視,YouTube新聞台,sources/live-youtube-stable.txt,generated-youtube-hls,010 中天電視,manifest.googlevideo.com,youtube-generated-hls,false,false,generated-short-lived,2026-06-22T21:47:59.000Z,vr3XyVCR4T0,"https://manifest.googlevideo.com/api/manifest/hls_playlist/expire/1782164879/ei/L1k5aoqaL574pt8Pl-GiiQ4/ip/114.42.199.53/id/vr3XyVCR4T0.4/itag/94/source/yt_live_broadcast/requiressl/yes/ratebypass/yes/live/1/sgoap/gir%3Dyes%3Bitag%3D140/sgovp/gir%3Dyes%3Bitag%3D135/rqh/1/hls_chunk_host/rr2---sn-ipoxu-umbee.googlevideo.com/xpc/EgVo2aDSNQ%3D%3D/playlist_duration/30/manifest_duration/30/bui/ARmQxEUgrizs-8XF1rcfnIChp3dnC8_tqW8juRXK4hb69p2eXnlPDeTBduCxuhcjjPW5WWJQ1voSvYnR/spc/SQ-umj9Wp8vsTk1uoGfZUv7jNazUTIPP31dIg9J8sMbvb2Yepw/vprv/1/reg/0/playlist_type/DVR/initcwndbps/2605000/met/1782143279,/mh/40/mm/44/mn/sn-ipoxu-umbee/ms/lva/mv/m/mvi/2/pl/24/rms/lva,lva/dover/11/pacing/0/keepalive/yes/fexp/51565116,51565682,51987687/mt/1782142835/sparams/expire,ei,ip,id,itag,source,requiressl,ratebypass,live,sgoap,sgovp,rqh,xpc,playlist_duration,manifest_duration,bui,spc,vprv,reg,playlist_type/sig/AHEqNM4wRgIhAO8Bqs85Pe3JpO1KLvi4f0OoO8v77DFSK5C8YYmUTRBqAiEAiimzrNfPoL462QSC_Fq7GiSbs4ttcIkWYolaARl6gGA%3D/lsparams/hls_chunk_host,initcwndbps,met,mh,mm,mn,ms,mv,mvi,pl,rms/lsig/APaTxxMwRQIgfXmu-fQ5WNjVtS9J37fsC07QXy-5fGOhxCDO-rPZbP4CIQCbXpcuEyMnrSAEjmISUEZQxw88PWIUA7NbGe5ihdk45g%3D%3D/playlist/index.m3u8"
中天綜合,中天綜合,台灣頻道,sources/live-base.txt,durable-base-hls,中天綜合,z3.ubtvfans.com,direct-hls,true,true,retest-existing-hls,,,https://z3.ubtvfans.com/live/rx6/3072/ad13fa6dab35b2daafb857224831c4b5/index.m3u8
中天綜合,中天綜合,台灣頻道,sources/live-base.txt,durable-base-hls,中天綜合,z3.ubtvfans.com,direct-hls,true,true,retest-existing-hls,,,https://z3.ubtvfans.com/live/rx5/54/7f382cf25fb0ad48f4e68cb45ac1f6cd/index.m3u8
中天綜合,中天綜合,台灣頻道,sources/live-cleaned-backup.txt,durable-cleaned-backup-hls,中天綜合,z3.ubtvfans.com,direct-hls,true,true,retest-existing-hls,,,https://z3.ubtvfans.com/live/rx5/54/7f382cf25fb0ad48f4e68cb45ac1f6cd/index.m3u8
中天綜合,中天綜合,台灣頻道,sources/live-cleaned-backup.txt,durable-cleaned-backup-hls,中天綜合,z3.ubtvfans.com,direct-hls,true,true,retest-existing-hls,,,https://z3.ubtvfans.com/live/rx6/3072/ad13fa6dab35b2daafb857224831c4b5/index.m3u8
中字有码,中字有码,私密頻道_7708,sources/live-base.txt,durable-base-hls,中字有码,z3.ubtvfans.com,direct-hls,true,true,retest-existing-hls,,,https://z3.ubtvfans.com/live/rx5/3157/8b65ae41bb9d51b1c21f81cb71c05b8c/index.m3u8
中字有码,中字有码,私密頻道_7708,sources/live-cleaned-backup.txt,durable-cleaned-backup-hls,中字有码,z3.ubtvfans.com,direct-hls,true,true,retest-existing-hls,,,https://z3.ubtvfans.com/live/rx5/3157/8b65ae41bb9d51b1c21f81cb71c05b8c/index.m3u8
中字有码3,中字有码3,Verified Fastest | 私密頻道_7708,sources/live-base.txt,durable-base-hls,中字有码3,z3.ubtvfans.com,direct-hls,true,true,retest-existing-hls,,,https://z3.ubtvfans.com/live/rx2/3187/b488f3be5ece2068c3579b8b37afae9a/index.m3u8
中字有码3,中字有码3,Verified Fastest | 私密頻道_7708,sources/live-base.txt,durable-base-hls,中字有码3,z3.ubtvfans.com,direct-hls,true,true,retest-existing-hls,,,https://z3.ubtvfans.com/live/rx2/3187/b488f3be5ece2068c3579b8b37afae9a/index.m3u8
中字有码3,中字有码3,Verified Fastest | 私密頻道_7708,sources/live-cleaned-backup.txt,durable-cleaned-backup-hls,中字有码3,z3.ubtvfans.com,direct-hls,true,true,retest-existing-hls,,,https://z3.ubtvfans.com/live/rx2/3187/b488f3be5ece2068c3579b8b37afae9a/index.m3u8
中視,中視,台灣頻道,sources/live-base.txt,durable-base-hls,中視,z3.ubtvfans.com,direct-hls,true,true,retest-existing-hls,,,https://z3.ubtvfans.com/live/rx3/333/6b689cc884a9d00edd07cd9334e43028/index.m3u8
中視,中視,台灣頻道,sources/live-cleaned-backup.txt,durable-cleaned-backup-hls,中視,z3.ubtvfans.com,direct-hls,true,true,retest-existing-hls,,,https://z3.ubtvfans.com/live/rx3/333/6b689cc884a9d00edd07cd9334e43028/index.m3u8
中視新聞,中視新聞,新聞頻道 | YouTube新聞台,sources/live-base.txt,durable-base-hls,中視新聞,z3.ubtvfans.com,direct-hls,true,true,retest-existing-hls,,,https://z3.ubtvfans.com/live/rx1/2473/30f7eff8cac5c223e27421f58c1ce263/index.m3u8
中視新聞,中視新聞,新聞頻道 | YouTube新聞台,sources/live-base.txt,durable-base-hls,中視新聞,z3.ubtvfans.com,direct-hls,true,true,retest-existing-hls,,,https://z3.ubtvfans.com/live/rx6/3495/5bf174d1c1882f583909941cde68d72b/index.m3u8
中視新聞,中視新聞,新聞頻道 | YouTube新聞台,sources/live-cleaned-backup.txt,durable-cleaned-backup-hls,中視新聞,z3.ubtvfans.com,direct-hls,true,true,retest-existing-hls,,,https://z3.ubtvfans.com/live/rx1/2473/30f7eff8cac5c223e27421f58c1ce263/index.m3u8
中視新聞,中視新聞,新聞頻道 | YouTube新聞台,sources/live-cleaned-backup.txt,durable-cleaned-backup-hls,中視新聞,z3.ubtvfans.com,direct-hls,true,true,retest-existing-hls,,,https://z3.ubtvfans.com/live/rx6/3495/5bf174d1c1882f583909941cde68d72b/index.m3u8
中視新聞,中視新聞,新聞頻道 | YouTube新聞台,sources/youtube-live-channels.csv,durable-youtube-page,中視新聞,www.youtube.com,youtube-page,true,true,resolve-with-yt-dlp,,TCnaIE_SAtM,https://www.youtube.com/watch?v=TCnaIE_SAtM
中視新聞,中視新聞,新聞頻道 | YouTube新聞台,sources/live-youtube-stable.txt,generated-youtube-hls,005 中視新聞,manifest.googlevideo.com,youtube-generated-hls,false,false,generated-short-lived,2026-06-22T21:47:47.000Z,TCnaIE_SAtM,"https://manifest.googlevideo.com/api/manifest/hls_playlist/expire/1782164867/ei/I1k5arz-L92RvcAP-rq_mQg/ip/114.42.199.53/id/TCnaIE_SAtM.9/itag/94/source/yt_live_broadcast/requiressl/yes/ratebypass/yes/live/1/sgoap/gir%3Dyes%3Bitag%3D140/sgovp/gir%3Dyes%3Bitag%3D135/rqh/1/hls_chunk_host/rr4---sn-ipoxu-umbee.googlevideo.com/xpc/EgVo2aDSNQ%3D%3D/playlist_duration/30/manifest_duration/30/bui/ARmQxEVrrxZ2H6DFg-V8bxaFSLMFVP4Au02EagSNAPOVNx5fpBojDJ5Ehnlku1ArRK7HnBE-56UZM3eb/spc/SQ-umi4PsgQUs_PtnlLa4qt0R1QbSMdr4wZfdBwUt5_8jbZv_w/vprv/1/reg/0/playlist_type/DVR/initcwndbps/2605000/met/1782143267,/mh/eb/mm/44/mn/sn-ipoxu-umbee/ms/lva/mv/m/mvi/4/pl/24/rms/lva,lva/dover/11/pacing/0/keepalive/yes/fexp/51565115,51565682,51987687/mt/1782142835/sparams/expire,ei,ip,id,itag,source,requiressl,ratebypass,live,sgoap,sgovp,rqh,xpc,playlist_duration,manifest_duration,bui,spc,vprv,reg,playlist_type/sig/AHEqNM4wRAIgdXsIOaajEYwWDdlxpPHpj0I9zydS35LAyk1KfRxcQnECIDkv79DbT4yjK0l2pK_70rajfGYcnlVFTwYCJCAIlqMO/lsparams/hls_chunk_host,initcwndbps,met,mh,mm,mn,ms,mv,mvi,pl,rms/lsig/APaTxxMwRgIhAKKRYWsZIn3078t1m2Yc933YotHG8R1I2koLJkIPzIiQAiEAkxE7HFRm4G-cNckInfvntYz7yRuAZhYLkZsNOcHfXQY%3D/playlist/index.m3u8"
中視經典綜藝,中視經典綜藝,YouTube綜合娛樂,sources/youtube-live-channels.csv,durable-youtube-page,中視經典綜藝,www.youtube.com,youtube-page,true,true,resolve-with-yt-dlp,,ADDSmXoPDY8,https://www.youtube.com/watch?v=ADDSmXoPDY8
中視經典綜藝,中視經典綜藝,YouTube綜合娛樂,sources/live-youtube-stable.txt,generated-youtube-hls,037 中視經典綜藝,manifest.googlevideo.com,youtube-generated-hls,false,false,generated-short-lived,2026-06-22T21:49:08.000Z,ADDSmXoPDY8,"https://manifest.googlevideo.com/api/manifest/hls_playlist/expire/1782164948/ei/dFk5atHEKYuMvcAP2bCdyQU/ip/114.42.199.53/id/ADDSmXoPDY8.6/itag/94/source/yt_live_broadcast/requiressl/yes/ratebypass/yes/live/1/sgoap/gir%3Dyes%3Bitag%3D140/sgovp/gir%3Dyes%3Bitag%3D135/rqh/1/hls_chunk_host/rr2---sn-ipoxu-umby.googlevideo.com/xpc/EgVo2aDSNQ%3D%3D/playlist_duration/30/manifest_duration/30/bui/ARmQxEUt5dTls0O9CtB7NVB1GfeRnCZH0Ggg2kfOhF_17Bpqt8GFCxF6828DlVBA8Jbc7lgunP07lzZI/spc/SQ-umjv7M7b4LRr95ZKZSCpJq0KSOaS11S97nVpfT6aDEI6ypg/vprv/1/reg/0/playlist_type/DVR/initcwndbps/2845000/met/1782143348,/mh/vc/mm/44/mn/sn-ipoxu-umby/ms/lva/mv/m/mvi/2/pl/24/rms/lva,lva/dover/11/pacing/0/keepalive/yes/fexp/51565115,51565681,51987687/mt/1782142835/sparams/expire,ei,ip,id,itag,source,requiressl,ratebypass,live,sgoap,sgovp,rqh,xpc,playlist_duration,manifest_duration,bui,spc,vprv,reg,playlist_type/sig/AHEqNM4wRQIhAOkQJX_NkVCmKJqdNBvKoKQCS7Itv2mHOHaTqyYfm89JAiAxU7TDknJBR3-_VzrdoWGd0Vu2Nu2zUZLDQ_simkuG5A%3D%3D/lsparams/hls_chunk_host,initcwndbps,met,mh,mm,mn,ms,mv,mvi,pl,rms/lsig/APaTxxMwRQIgAlu2ZtstjG7s6YiVu3lB5f47IJsG5geXbPKzKmnaCR4CIQCHvOiPphwaChthU9Fs_OJ0z419UNYtVgrqvuS_BM7Ivw%3D%3D/playlist/index.m3u8"
公視,公視,Verified Fastest | 台灣頻道,sources/live-base.txt,durable-base-hls,公視,z3.ubtvfans.com,direct-hls,true,true,retest-existing-hls,,,https://z3.ubtvfans.com/live/rx3/86/21a09ee05bb6791a059774a036be73b4/index.m3u8
公視,公視,Verified Fastest | 台灣頻道,sources/live-base.txt,durable-base-hls,公視,z3.ubtvfans.com,direct-hls,true,true,retest-existing-hls,,,https://z3.ubtvfans.com/live/rx3/86/21a09ee05bb6791a059774a036be73b4/index.m3u8
公視,公視,Verified Fastest | 台灣頻道,sources/live-cleaned-backup.txt,durable-cleaned-backup-hls,公視,z3.ubtvfans.com,direct-hls,true,true,retest-existing-hls,,,https://z3.ubtvfans.com/live/rx3/86/21a09ee05bb6791a059774a036be73b4/index.m3u8
公視網路直播頻道,公視 網路直播頻道,YouTube新聞台,sources/youtube-live-channels.csv,durable-youtube-page,公視 網路直播頻道,www.youtube.com,youtube-page,true,true,resolve-with-yt-dlp,,C6gYqSHLRw4,https://www.youtube.com/watch?v=C6gYqSHLRw4
公視網路直播頻道,公視 網路直播頻道,YouTube新聞台,sources/live-youtube-stable.txt,generated-youtube-hls,023 公視 網路直播頻道,manifest.googlevideo.com,youtube-generated-hls,false,false,generated-short-lived,2026-06-22T21:48:32.000Z,C6gYqSHLRw4,"https://manifest.googlevideo.com/api/manifest/hls_playlist/expire/1782164912/ei/UFk5asDvLNuDvcAP4PuE-AE/ip/114.42.199.53/id/C6gYqSHLRw4.3/itag/94/source/yt_live_broadcast/requiressl/yes/ratebypass/yes/live/1/sgoap/gir%3Dyes%3Bitag%3D140/sgovp/gir%3Dyes%3Bitag%3D135/rqh/1/hls_chunk_host/rr4---sn-ipoxu-umby.googlevideo.com/xpc/EgVo2aDSNQ%3D%3D/playlist_duration/30/manifest_duration/30/gcr/tw/bui/ARmQxEWgl-XtAqSVSvRF1jJlWhPL9sWoc3zSMibDHFLvNTuFVCwpxYuU43AEm3fxHJbjjUayCEwWg8Jk/spc/SQ-umos9n1iki1Z6VN5YI-e02x84-4UyB-zDsLze3wEjzU4/vprv/1/reg/0/playlist_type/DVR/initcwndbps/2845000/met/1782143312,/mh/Kb/mm/44/mn/sn-ipoxu-umby/ms/lva/mv/m/mvi/4/pl/24/rms/lva,lva/dover/11/pacing/0/keepalive/yes/fexp/51565115,51565682,51946838,51987687/mt/1782142835/sparams/expire,ei,ip,id,itag,source,requiressl,ratebypass,live,sgoap,sgovp,rqh,xpc,playlist_duration,manifest_duration,gcr,bui,spc,vprv,reg,playlist_type/sig/AHEqNM4wRAIgTPghKGrU0JoXmvWHmEs__ZujWguQ8J5J88F17AtGOP8CIBklYMjhM_59NWN4YBm9cs0cq-Fl9aJ6u5Fmz7IBt9oI/lsparams/hls_chunk_host,initcwndbps,met,mh,mm,mn,ms,mv,mvi,pl,rms/lsig/APaTxxMwRQIgRgJC4HggmJi-eCrXmXEjTotOCltXMW6bVZQs8FwHPS8CIQCJ7Ak0r-4HQtHGLZ50MBLD-gRIy2EL5ivUPJtqYF9oNQ%3D%3D/playlist/index.m3u8"
公視新聞,公視新聞,台灣頻道,sources/live-base.txt,durable-base-hls,公視新聞,z3.ubtvfans.com,direct-hls,true,true,retest-existing-hls,,,https://z3.ubtvfans.com/live/rx1/20/605dc9eef9ce2d98d2a856389f8d798f/index.m3u8
公視新聞,公視新聞,台灣頻道,sources/live-cleaned-backup.txt,durable-cleaned-backup-hls,公視新聞,z3.ubtvfans.com,direct-hls,true,true,retest-existing-hls,,,https://z3.ubtvfans.com/live/rx1/20/605dc9eef9ce2d98d2a856389f8d798f/index.m3u8
公視新聞網,公視新聞網,YouTube新聞台,sources/youtube-live-channels.csv,durable-youtube-page,公視新聞網,www.youtube.com,youtube-page,true,true,resolve-with-yt-dlp,,quwqlazU-c8,https://www.youtube.com/watch?v=quwqlazU-c8
公視新聞網,公視新聞網,YouTube新聞台,sources/live-youtube-stable.txt,generated-youtube-hls,018 公視新聞網,manifest.googlevideo.com,youtube-generated-hls,false,false,generated-short-lived,2026-06-22T21:48:19.000Z,quwqlazU-c8,"https://manifest.googlevideo.com/api/manifest/hls_playlist/expire/1782164899/ei/Q1k5apnIFPqx2roPxdDFqAc/ip/114.42.199.53/id/quwqlazU-c8.10/itag/94/source/yt_live_broadcast/requiressl/yes/ratebypass/yes/live/1/sgoap/gir%3Dyes%3Bitag%3D140/sgovp/gir%3Dyes%3Bitag%3D135/rqh/1/hls_chunk_host/rr5---sn-ipoxu-umby.googlevideo.com/xpc/EgVo2aDSNQ%3D%3D/playlist_duration/30/manifest_duration/30/bui/ARmQxEWvfcA9NHG98ErpS_14Bqbfl7ZYo69QpkuX26b8UMN-dLoAS6hG0osXvB36E4DIueSI8ZaRx7gS/spc/SQ-umqbddFhWgE8OC8u7uasE_ZT0IIHd7tX5ZsBN6JeAgc8Aqg/vprv/1/reg/0/playlist_type/DVR/initcwndbps/2845000/met/1782143299,/mh/sI/mm/44/mn/sn-ipoxu-umby/ms/lva/mv/m/mvi/5/pl/24/rms/lva,lva/dover/11/pacing/0/keepalive/yes/fexp/51565115,51565682,51987687/mt/1782142835/sparams/expire,ei,ip,id,itag,source,requiressl,ratebypass,live,sgoap,sgovp,rqh,xpc,playlist_duration,manifest_duration,bui,spc,vprv,reg,playlist_type/sig/AHEqNM4wRgIhAJP2N9GwKiWObNTfMzYIukgjK3EnzkmKHpQ9pJWEuygGAiEA2degu6WbVa_OXJNmB5kvBkz8WFMupfF6Ybzy9P8gN_I%3D/lsparams/hls_chunk_host,initcwndbps,met,mh,mm,mn,ms,mv,mvi,pl,rms/lsig/APaTxxMwRAIgSv5_MWc0agHpGw86CRLli3QljSwAugcuSfN7siyiNw8CICH8y3u-uriQ2qPn1ilv0NbjydOSnsetx6NdBUyuJqJD/playlist/index.m3u8"
午夜寻花,午夜寻花,私密頻道_7708,sources/live-base.txt,durable-base-hls,午夜寻花,z3.ubtvfans.com,direct-hls,true,true,retest-existing-hls,,,https://z3.ubtvfans.com/live/rx4/3180/ac81fb56a0aeafbee5ab3408e23d567a/index.m3u8
午夜寻花,午夜寻花,私密頻道_7708,sources/live-cleaned-backup.txt,durable-cleaned-backup-hls,午夜寻花,z3.ubtvfans.com,direct-hls,true,true,retest-existing-hls,,,https://z3.ubtvfans.com/live/rx4/3180/ac81fb56a0aeafbee5ab3408e23d567a/index.m3u8
天映經典,天映經典,台灣頻道,sources/live-base.txt,durable-base-hls,天映經典,z3.ubtvfans.com,direct-hls,true,true,retest-existing-hls,,,https://z3.ubtvfans.com/live/rx5/2289/c6b268f6f9f471bef0e26557fa1ac682/index.m3u8
天映經典,天映經典,台灣頻道,sources/live-cleaned-backup.txt,durable-cleaned-backup-hls,天映經典,z3.ubtvfans.com,direct-hls,true,true,retest-existing-hls,,,https://z3.ubtvfans.com/live/rx5/2289/c6b268f6f9f471bef0e26557fa1ac682/index.m3u8
天映頻道,天映頻道,新馬頻道,sources/live-base.txt,durable-base-hls,天映頻道,z3.ubtvfans.com,direct-hls,true,true,retest-existing-hls,,,https://z3.ubtvfans.com/live/rx3/441/decb525cdca47abc3b38856cd5dae135/index.m3u8
天映頻道,天映頻道,新馬頻道,sources/live-cleaned-backup.txt,durable-cleaned-backup-hls,天映頻道,z3.ubtvfans.com,direct-hls,true,true,retest-existing-hls,,,https://z3.ubtvfans.com/live/rx3/441/decb525cdca47abc3b38856cd5dae135/index.m3u8
天津衛視,天津衛視,大陸頻道,sources/live-base.txt,durable-base-hls,天津衛視,z3.ubtvfans.com,direct-hls,true,true,retest-existing-hls,,,https://z3.ubtvfans.com/live/rx2/1093/8f59e07b88918cb29218268468a88db9/index.m3u8
天津衛視,天津衛視,大陸頻道,sources/live-cleaned-backup.txt,durable-cleaned-backup-hls,天津衛視,z3.ubtvfans.com,direct-hls,true,true,retest-existing-hls,,,https://z3.ubtvfans.com/live/rx2/1093/8f59e07b88918cb29218268468a88db9/index.m3u8
天美,天美,私密頻道_7708,sources/live-base.txt,durable-base-hls,天美,z3.ubtvfans.com,direct-hls,true,true,retest-existing-hls,,,https://z3.ubtvfans.com/live/rx5/3171/f42d5d165dadf008b01e7ee825867f41/index.m3u8
天美,天美,私密頻道_7708,sources/live-cleaned-backup.txt,durable-cleaned-backup-hls,天美,z3.ubtvfans.com,direct-hls,true,true,retest-existing-hls,,,https://z3.ubtvfans.com/live/rx5/3171/f42d5d165dadf008b01e7ee825867f41/index.m3u8
天堂素人約啪,天堂素人約啪,私密頻道_7708,sources/live-base.txt,durable-base-hls,天堂素人約啪,z3.ubtvfans.com,direct-hls,true,true,retest-existing-hls,,,https://z3.ubtvfans.com/live/rx4/3164/60494dc98eec6d6677c6f8fae113957c/index.m3u8
天堂素人約啪,天堂素人約啪,私密頻道_7708,sources/live-cleaned-backup.txt,durable-cleaned-backup-hls,天堂素人約啪,z3.ubtvfans.com,direct-hls,true,true,retest-existing-hls,,,https://z3.ubtvfans.com/live/rx4/3164/60494dc98eec6d6677c6f8fae113957c/index.m3u8
无码破解,无码破解,私密頻道_7708,sources/live-base.txt,durable-base-hls,无码破解,z3.ubtvfans.com,direct-hls,true,true,retest-existing-hls,,,https://z3.ubtvfans.com/live/rx4/3190/da53f5b1bd04b58068c25a0b201c6c6f/index.m3u8
无码破解,无码破解,私密頻道_7708,sources/live-cleaned-backup.txt,durable-cleaned-backup-hls,无码破解,z3.ubtvfans.com,direct-hls,true,true,retest-existing-hls,,,https://z3.ubtvfans.com/live/rx4/3190/da53f5b1bd04b58068c25a0b201c6c6f/index.m3u8
日本テレビ,日本テレビ,にっぽん,sources/live-base.txt,durable-base-hls,日本テレビ,z3.ubtvfans.com,direct-hls,true,true,retest-existing-hls,,,https://z3.ubtvfans.com/live/rx6/2923/ca285ac7077c48e21ba2dcba34317710/index.m3u8
日本テレビ,日本テレビ,にっぽん,sources/live-base.txt,durable-base-hls,日本テレビ,z3.ubtvfans.com,direct-hls,true,true,retest-existing-hls,,,https://z3.ubtvfans.com/live/rx3/119/7b9693aa2afc5d5d8e9fe49af0e3109d/index.m3u8
日本テレビ,日本テレビ,にっぽん,sources/live-cleaned-backup.txt,durable-cleaned-backup-hls,日本テレビ,z3.ubtvfans.com,direct-hls,true,true,retest-existing-hls,,,https://z3.ubtvfans.com/live/rx6/2923/ca285ac7077c48e21ba2dcba34317710/index.m3u8
日本テレビ,日本テレビ,にっぽん,sources/live-cleaned-backup.txt,durable-cleaned-backup-hls,日本テレビ,z3.ubtvfans.com,direct-hls,true,true,retest-existing-hls,,,https://z3.ubtvfans.com/live/rx3/119/7b9693aa2afc5d5d8e9fe49af0e3109d/index.m3u8
日テレg,日テレG＋,にっぽん,sources/live-base.txt,durable-base-hls,日テレG＋,z3.ubtvfans.com,direct-hls,true,true,retest-existing-hls,,,https://z3.ubtvfans.com/live/rx3/2434/0f713205dac09e8a9d9f88b7c85e924e/index.m3u8
日テレg,日テレG＋,にっぽん,sources/live-cleaned-backup.txt,durable-cleaned-backup-hls,日テレG＋,z3.ubtvfans.com,direct-hls,true,true,retest-existing-hls,,,https://z3.ubtvfans.com/live/rx3/2434/0f713205dac09e8a9d9f88b7c85e924e/index.m3u8
东方卫视,东方卫视,大陸頻道,sources/live-base.txt,durable-base-hls,东方卫视,z3.ubtvfans.com,direct-hls,true,true,retest-existing-hls,,,https://z3.ubtvfans.com/live/rx3/224/a3e7833a7d4cf07cc7b31ffcf7095958/index.m3u8
东方卫视,东方卫视,大陸頻道,sources/live-cleaned-backup.txt,durable-cleaned-backup-hls,东方卫视,z3.ubtvfans.com,direct-hls,true,true,retest-existing-hls,,,https://z3.ubtvfans.com/live/rx3/224/a3e7833a7d4cf07cc7b31ffcf7095958/index.m3u8
东南卫视,东南卫视,大陸頻道,sources/live-base.txt,durable-base-hls,东南卫视,z3.ubtvfans.com,direct-hls,true,true,retest-existing-hls,,,https://z3.ubtvfans.com/live/rx2/228/b7866991f4c3f77c4c5c7463d5a6c0e6/index.m3u8
东南卫视,东南卫视,大陸頻道,sources/live-cleaned-backup.txt,durable-cleaned-backup-hls,东南卫视,z3.ubtvfans.com,direct-hls,true,true,retest-existing-hls,,,https://z3.ubtvfans.com/live/rx2/228/b7866991f4c3f77c4c5c7463d5a6c0e6/index.m3u8
北京卫视,北京卫视,大陸頻道,sources/live-base.txt,durable-base-hls,北京卫视,z3.ubtvfans.com,direct-hls,true,true,retest-existing-hls,,,https://z3.ubtvfans.com/live/rx6/220/a4333d9a2fc687f506501d699eef886d/index.m3u8
北京卫视,北京卫视,大陸頻道,sources/live-cleaned-backup.txt,durable-cleaned-backup-hls,北京卫视,z3.ubtvfans.com,direct-hls,true,true,retest-existing-hls,,,https://z3.ubtvfans.com/live/rx6/220/a4333d9a2fc687f506501d699eef886d/index.m3u8
北京衛視,北京衛視,大陸頻道,sources/live-base.txt,durable-base-hls,北京衛視,z3.ubtvfans.com,direct-hls,true,true,retest-existing-hls,,,https://z3.ubtvfans.com/live/rx2/221/5e1849e7cef864a7fc78bdaa7660f788/index.m3u8
北京衛視,北京衛視,大陸頻道,sources/live-cleaned-backup.txt,durable-cleaned-backup-hls,北京衛視,z3.ubtvfans.com,direct-hls,true,true,retest-existing-hls,,,https://z3.ubtvfans.com/live/rx2/221/5e1849e7cef864a7fc78bdaa7660f788/index.m3u8
北海道ニュース,北海道ニュース,にっぽん,sources/live-base.txt,durable-base-hls,北海道ニュース,z3.ubtvfans.com,direct-hls,true,true,retest-existing-hls,,,https://z3.ubtvfans.com/live/rx1/39/c678b498d89f1166c3db0f135b090090/index.m3u8
北海道ニュース,北海道ニュース,にっぽん,sources/live-cleaned-backup.txt,durable-cleaned-backup-hls,北海道ニュース,z3.ubtvfans.com,direct-hls,true,true,retest-existing-hls,,,https://z3.ubtvfans.com/live/rx1/39/c678b498d89f1166c3db0f135b090090/index.m3u8
台視財經,台視財經,台灣頻道,sources/live-base.txt,durable-base-hls,台視財經,z3.ubtvfans.com,direct-hls,true,true,retest-existing-hls,,,https://z3.ubtvfans.com/live/rx2/300/0f3236a090398c9b53a80a13820a755e/index.m3u8
台視財經,台視財經,台灣頻道,sources/live-cleaned-backup.txt,durable-cleaned-backup-hls,台視財經,z3.ubtvfans.com,direct-hls,true,true,retest-existing-hls,,,https://z3.ubtvfans.com/live/rx2/300/0f3236a090398c9b53a80a13820a755e/index.m3u8
台視新聞,台視新聞,新聞頻道,sources/live-base.txt,durable-base-hls,台視新聞,z3.ubtvfans.com,direct-hls,true,true,retest-existing-hls,,,https://z3.ubtvfans.com/live/rx1/2493/ef640e41a51f964ad38f200f93ed2dc2/index.m3u8
台視新聞,台視新聞,新聞頻道,sources/live-cleaned-backup.txt,durable-cleaned-backup-hls,台視新聞,z3.ubtvfans.com,direct-hls,true,true,retest-existing-hls,,,https://z3.ubtvfans.com/live/rx1/2493/ef640e41a51f964ad38f200f93ed2dc2/index.m3u8
台視新聞台,台視新聞台,YouTube新聞台,sources/youtube-live-channels.csv,durable-youtube-page,台視新聞台,www.youtube.com,youtube-page,true,true,resolve-with-yt-dlp,,sNtCBxP-8LY,https://www.youtube.com/watch?v=sNtCBxP-8LY
台視新聞台,台視新聞台,YouTube新聞台,sources/live-youtube-stable.txt,generated-youtube-hls,007 台視新聞台,manifest.googlevideo.com,youtube-generated-hls,false,false,generated-short-lived,2026-06-22T21:47:52.000Z,sNtCBxP-8LY,"https://manifest.googlevideo.com/api/manifest/hls_playlist/expire/1782164872/ei/KFk5aryYOOOK1d8P_cWy-Qc/ip/114.42.199.53/id/sNtCBxP-8LY.1/itag/94/source/yt_live_broadcast/requiressl/yes/ratebypass/yes/live/1/sgoap/gir%3Dyes%3Bitag%3D140/sgovp/gir%3Dyes%3Bitag%3D135/rqh/1/hls_chunk_host/rr2---sn-ipoxu-umby.googlevideo.com/xpc/EgVo2aDSNQ%3D%3D/playlist_duration/30/manifest_duration/30/gcr/tw/bui/ARmQxEVBvC1HW74ojVeTvPS7yYtswu1Z2O5jU1l3MjIsSJCgHFKX6Qufr9fqgz6cyDCJ1Zbdl-6F1Akk/spc/SQ-umq-BRqlvbyTq2v-QtNrBpFgQpD24TARDH-OhuG1v7us8cQ/vprv/1/reg/0/playlist_type/DVR/initcwndbps/2845000/met/1782143273,/mh/8w/mm/44/mn/sn-ipoxu-umby/ms/lva/mv/m/mvi/2/pl/24/rms/lva,lva/dover/11/pacing/0/keepalive/yes/fexp/51565116,51565681,51987687/mt/1782142835/sparams/expire,ei,ip,id,itag,source,requiressl,ratebypass,live,sgoap,sgovp,rqh,xpc,playlist_duration,manifest_duration,gcr,bui,spc,vprv,reg,playlist_type/sig/AHEqNM4wRgIhAKLKltwb5pN_rhHMWdBhcVmATU3MCSy1hhOk27hpzDXdAiEA5yrqNZcjhAsoAwhW_rwgnaAnf6vE0JNtLKvtGlLwhD0%3D/lsparams/hls_chunk_host,initcwndbps,met,mh,mm,mn,ms,mv,mvi,pl,rms/lsig/APaTxxMwRQIgZnxFU2OTvEjLumYG-7CMXTbntJIDMj3ElhkuZdSEuZsCIQCugGPTWecfuXVLUrQ1ez1YMOvMp_iN6oIKZrWPLmadew%3D%3D/playlist/index.m3u8"
四川卫视,四川卫视,大陸頻道,sources/live-base.txt,durable-base-hls,四川卫视,z3.ubtvfans.com,direct-hls,true,true,retest-existing-hls,,,https://z3.ubtvfans.com/live/rx2/233/420062dc92a6ceb7dc424eaf347d8566/index.m3u8
四川卫视,四川卫视,大陸頻道,sources/live-cleaned-backup.txt,durable-cleaned-backup-hls,四川卫视,z3.ubtvfans.com,direct-hls,true,true,retest-existing-hls,,,https://z3.ubtvfans.com/live/rx2/233/420062dc92a6ceb7dc424eaf347d8566/index.m3u8
広島ニュース,広島ニュース,にっぽん,sources/live-base.txt,durable-base-hls,広島ニュース,z3.ubtvfans.com,direct-hls,true,true,retest-existing-hls,,,https://z3.ubtvfans.com/live/rx4/1095/6267c4e59642721628e9d59f5a3e25ab/index.m3u8
広島ニュース,広島ニュース,にっぽん,sources/live-cleaned-backup.txt,durable-cleaned-backup-hls,広島ニュース,z3.ubtvfans.com,direct-hls,true,true,retest-existing-hls,,,https://z3.ubtvfans.com/live/rx4/1095/6267c4e59642721628e9d59f5a3e25ab/index.m3u8
民視新聞,民視新聞,新聞頻道 | YouTube新聞台,sources/live-base.txt,durable-base-hls,民視新聞,z3.ubtvfans.com,direct-hls,true,true,retest-existing-hls,,,https://z3.ubtvfans.com/live/rx6/3491/6924f5d87189a791447da7f85d589189/index.m3u8
民視新聞,民視新聞,新聞頻道 | YouTube新聞台,sources/live-cleaned-backup.txt,durable-cleaned-backup-hls,民視新聞,z3.ubtvfans.com,direct-hls,true,true,retest-existing-hls,,,https://z3.ubtvfans.com/live/rx6/3491/6924f5d87189a791447da7f85d589189/index.m3u8
民視新聞,民視新聞,新聞頻道 | YouTube新聞台,sources/youtube-live-channels.csv,durable-youtube-page,民視新聞,www.youtube.com,youtube-page,true,true,resolve-with-yt-dlp,,ylYJSBUgaMA,https://www.youtube.com/watch?v=ylYJSBUgaMA
民視新聞,民視新聞,新聞頻道 | YouTube新聞台,sources/live-youtube-stable.txt,generated-youtube-hls,006 民視新聞,manifest.googlevideo.com,youtube-generated-hls,false,false,generated-short-lived,2026-06-22T21:47:50.000Z,ylYJSBUgaMA,"https://manifest.googlevideo.com/api/manifest/hls_playlist/expire/1782164870/ei/Jlk5arXgHqaV1d8PrdOHgQ0/ip/114.42.199.53/id/ylYJSBUgaMA.7/itag/94/source/yt_live_broadcast/requiressl/yes/ratebypass/yes/live/1/sgoap/gir%3Dyes%3Bitag%3D140/sgovp/gir%3Dyes%3Bitag%3D135/rqh/1/hls_chunk_host/rr5---sn-ipoxu-umbee.googlevideo.com/xpc/EgVo2aDSNQ%3D%3D/playlist_duration/30/manifest_duration/30/bui/ARmQxEVUWtYjN6wKCOhcu4YqINm8wEhudGtc_XEQeRlFEkMCLAYVgP4YuEmWe6gOOaZ1Qb5ICwjdQ61n/spc/SQ-umvt5mX67ohH7UyvDKFFdamYIxIsPdbYW7m_7ufFK2mBneA/vprv/1/reg/0/playlist_type/DVR/initcwndbps/2605000/met/1782143270,/mh/iR/mm/44/mn/sn-ipoxu-umbee/ms/lva/mv/m/mvi/5/pl/24/rms/lva,lva/dover/11/pacing/0/keepalive/yes/fexp/51565115,51565682,51987687/mt/1782142835/sparams/expire,ei,ip,id,itag,source,requiressl,ratebypass,live,sgoap,sgovp,rqh,xpc,playlist_duration,manifest_duration,bui,spc,vprv,reg,playlist_type/sig/AHEqNM4wRAIgB_xCqAzopBOTF3xxSzP4pQpWw9LnrSOc9F2cX0qKCW8CIFcYJ0s9-HgyXOIDqBa_SgvB_YGsnj0WHBcRVNA0evRZ/lsparams/hls_chunk_host,initcwndbps,met,mh,mm,mn,ms,mv,mvi,pl,rms/lsig/APaTxxMwRgIhAKHezl_G4FBV5Qup82DdmP31vA4uzgxaa7MnDi0d9KFIAiEA4weeDxk5ribDb_g1mrEZqXtbSZS3SY7ckwwPTgsEP88%3D/playlist/index.m3u8"
民視新聞2,民視新聞-2,新聞頻道,sources/live-base.txt,durable-base-hls,民視新聞-2,z3.ubtvfans.com,direct-hls,true,true,retest-existing-hls,,,https://z3.ubtvfans.com/live/rx1/2486/33367e38d0ea92226e66d269ac03250a/index.m3u8
民視新聞2,民視新聞-2,新聞頻道,sources/live-cleaned-backup.txt,durable-cleaned-backup-hls,民視新聞-2,z3.ubtvfans.com,direct-hls,true,true,retest-existing-hls,,,https://z3.ubtvfans.com/live/rx1/2486/33367e38d0ea92226e66d269ac03250a/index.m3u8
民視戲劇館,民視戲劇館,YouTube綜合娛樂,sources/youtube-live-channels.csv,durable-youtube-page,民視戲劇館,www.youtube.com,youtube-page,true,true,resolve-with-yt-dlp,,NyrdWXddfR4,https://www.youtube.com/watch?v=NyrdWXddfR4
民視戲劇館,民視戲劇館,YouTube綜合娛樂,sources/live-youtube-stable.txt,generated-youtube-hls,042 民視戲劇館,manifest.googlevideo.com,youtube-generated-hls,false,false,generated-short-lived,2026-06-22T21:49:19.000Z,NyrdWXddfR4,"https://manifest.googlevideo.com/api/manifest/hls_playlist/expire/1782164959/ei/f1k5atT0Msuv2roPzMfjwAk/ip/114.42.199.53/id/NyrdWXddfR4.2/itag/94/source/yt_live_broadcast/requiressl/yes/ratebypass/yes/live/1/sgoap/gir%3Dyes%3Bitag%3D140/sgovp/gir%3Dyes%3Bitag%3D135/rqh/1/hls_chunk_host/rr1---sn-ipoxu-umbee.googlevideo.com/xpc/EgVo2aDSNQ%3D%3D/bui/ARmQxEX1HrLzdYDJ77jwb8GOYhLNp5m2eCz0LznXgDtYAjKmvnStfftUnSMRtcoHR05kBDkYeFCYy4x1/spc/SQ-umnt-v1O4mMmOTouxZS5cHCwt3K3QvMg6ObCC3VL1OWzrcg/vprv/1/reg/0/playlist_type/DVR/initcwndbps/2605000/met/1782143359,/mh/h5/mm/44/mn/sn-ipoxu-umbee/ms/lva/mv/m/mvi/1/pl/24/rms/lva,lva/dover/11/pacing/0/keepalive/yes/fexp/51565115,51565681,51987687/mt/1782142835/sparams/expire,ei,ip,id,itag,source,requiressl,ratebypass,live,sgoap,sgovp,rqh,xpc,bui,spc,vprv,reg,playlist_type/sig/AHEqNM4wRQIgFf1VfBZs_v4YVmMYPAhgZRdmjbMZ1QfDNPHxqP5CDYoCIQCXzZb_Q2XHjhzTrZy1me4UcHa6iSC2IDCOfwgB_XRFDA%3D%3D/lsparams/hls_chunk_host,initcwndbps,met,mh,mm,mn,ms,mv,mvi,pl,rms/lsig/APaTxxMwRQIgNOhRn3VN6OG5RI1SuE_-8WIOWozjIhjOq28eJVRJWgQCIQC6F51g5HxNtFSgpx1L91YZMsdMqIKC2kxJTlBBjqvQjw%3D%3D/playlist/index.m3u8"
生命電視,生命電視,音樂宗教,sources/live-base.txt,durable-base-hls,生命電視,z3.ubtvfans.com,direct-hls,true,true,retest-existing-hls,,,https://z3.ubtvfans.com/live/rx1/1124/ad66245a4e408f04845994fe652aa2db/index.m3u8
生命電視,生命電視,音樂宗教,sources/live-cleaned-backup.txt,durable-cleaned-backup-hls,生命電視,z3.ubtvfans.com,direct-hls,true,true,retest-existing-hls,,,https://z3.ubtvfans.com/live/rx1/1124/ad66245a4e408f04845994fe652aa2db/index.m3u8
立法院會議,立法院會議,YouTube文化紀實,sources/youtube-live-channels.csv,durable-youtube-page,立法院會議,www.youtube.com,youtube-page,true,true,resolve-with-yt-dlp,,UQnVkK1kcDI,https://www.youtube.com/watch?v=UQnVkK1kcDI
立法院會議,立法院會議,YouTube文化紀實,sources/live-youtube-stable.txt,generated-youtube-hls,090 立法院會議,manifest.googlevideo.com,youtube-generated-hls,false,false,generated-short-lived,2026-06-22T21:51:16.000Z,UQnVkK1kcDI,"https://manifest.googlevideo.com/api/manifest/hls_playlist/expire/1782165076/ei/9Fk5aubKL-qRpt8P6J_B4Aw/ip/114.42.199.53/id/UQnVkK1kcDI.1/itag/94/source/yt_live_broadcast/requiressl/yes/ratebypass/yes/live/1/sgoap/gir%3Dyes%3Bitag%3D140/sgovp/gir%3Dyes%3Bitag%3D135/rqh/1/hls_chunk_host/rr3---sn-ipoxu-umbk.googlevideo.com/xpc/EgVo2aDSNQ%3D%3D/bui/ARmQxEV22R3kA_J1RLlvGIZ2Kd3mgeDW5M1P9IaDqxC9P3SS7E3U8xbPUu0tOoAvGVao4oRePBEnZrKc/spc/SQ-umpME7Y_YgFv4pZwRSebmU0-3ZWJgrTO5QH10lzFps6ruyQ/vprv/1/reg/0/playlist_type/DVR/initcwndbps/2968750/met/1782143476,/mh/27/mm/44/mn/sn-ipoxu-umbk/ms/lva/mv/m/mvi/3/pl/24/rms/lva,lva/dover/11/pacing/0/keepalive/yes/fexp/51565115,51565681,51987687/mt/1782143091/sparams/expire,ei,ip,id,itag,source,requiressl,ratebypass,live,sgoap,sgovp,rqh,xpc,bui,spc,vprv,reg,playlist_type/sig/AHEqNM4wRAIga25FiDpl0xf348kkLo9CgxRdXvqOpsGeVK6UzcoIEmsCIHKAgqxJ0wENMkZYMi7OLZfkUXP0TFr_kvuAtlzqGXxR/lsparams/hls_chunk_host,initcwndbps,met,mh,mm,mn,ms,mv,mvi,pl,rms/lsig/APaTxxMwRAIgWiMSzHGfQFzJSxLHlvtHYQDoopCtCu_7vgOCrBxbwA4CIDT4lVS45Ut58JluChGLpuaWxJU2gtM0o42f9IIC9vM0/playlist/index.m3u8"
全佳,全佳,新馬頻道,sources/live-base.txt,durable-base-hls,全佳,z3.ubtvfans.com,direct-hls,true,true,retest-existing-hls,,,https://z3.ubtvfans.com/live/rx3/427/b7edc813292628868db2f90bf5e0c2d3/index.m3u8
全佳,全佳,新馬頻道,sources/live-cleaned-backup.txt,durable-cleaned-backup-hls,全佳,z3.ubtvfans.com,direct-hls,true,true,retest-existing-hls,,,https://z3.ubtvfans.com/live/rx3/427/b7edc813292628868db2f90bf5e0c2d3/index.m3u8
好消息,好消息,Verified Fastest | 台灣頻道,sources/live-base.txt,durable-base-hls,好消息,z3.ubtvfans.com,direct-hls,true,true,retest-existing-hls,,,https://z3.ubtvfans.com/live/rx1/104/148c17118996b816db97b6735f9756cb/index.m3u8
好消息,好消息,Verified Fastest | 台灣頻道,sources/live-base.txt,durable-base-hls,好消息,z3.ubtvfans.com,direct-hls,true,true,retest-existing-hls,,,https://z3.ubtvfans.com/live/rx1/104/148c17118996b816db97b6735f9756cb/index.m3u8
好消息,好消息,Verified Fastest | 台灣頻道,sources/live-cleaned-backup.txt,durable-cleaned-backup-hls,好消息,z3.ubtvfans.com,direct-hls,true,true,retest-existing-hls,,,https://z3.ubtvfans.com/live/rx1/104/148c17118996b816db97b6735f9756cb/index.m3u8
好消息2,好消息2,台灣頻道,sources/live-base.txt,durable-base-hls,好消息2,z3.ubtvfans.com,direct-hls,true,true,retest-existing-hls,,,https://z3.ubtvfans.com/live/rx3/3272/a8ed8feb85be2f50e94f8e7fd5abbe2d/index.m3u8
好消息2,好消息2,台灣頻道,sources/live-cleaned-backup.txt,durable-cleaned-backup-hls,好消息2,z3.ubtvfans.com,direct-hls,true,true,retest-existing-hls,,,https://z3.ubtvfans.com/live/rx3/3272/a8ed8feb85be2f50e94f8e7fd5abbe2d/index.m3u8
好萊塢電影,好萊塢電影,台灣頻道,sources/live-base.txt,durable-base-hls,好萊塢電影,z3.ubtvfans.com,direct-hls,true,true,retest-existing-hls,,,https://z3.ubtvfans.com/live/rx3/37/90289b716063113abbb7bb0aa102af13/index.m3u8
好萊塢電影,好萊塢電影,台灣頻道,sources/live-cleaned-backup.txt,durable-cleaned-backup-hls,好萊塢電影,z3.ubtvfans.com,direct-hls,true,true,retest-existing-hls,,,https://z3.ubtvfans.com/live/rx3/37/90289b716063113abbb7bb0aa102af13/index.m3u8
安徽卫视,安徽卫视,大陸頻道,sources/live-base.txt,durable-base-hls,安徽卫视,z3.ubtvfans.com,direct-hls,true,true,retest-existing-hls,,,https://z3.ubtvfans.com/live/rx2/232/bff58847478f4e1f599130b9c1f5a535/index.m3u8
安徽卫视,安徽卫视,大陸頻道,sources/live-base.txt,durable-base-hls,安徽卫视,z3.ubtvfans.com,direct-hls,true,true,retest-existing-hls,,,https://z3.ubtvfans.com/live/rx3/2830/843e28141918af23cf59a2228025a7ed/index.m3u8
安徽卫视,安徽卫视,大陸頻道,sources/live-cleaned-backup.txt,durable-cleaned-backup-hls,安徽卫视,z3.ubtvfans.com,direct-hls,true,true,retest-existing-hls,,,https://z3.ubtvfans.com/live/rx3/2830/843e28141918af23cf59a2228025a7ed/index.m3u8
安徽卫视,安徽卫视,大陸頻道,sources/live-cleaned-backup.txt,durable-cleaned-backup-hls,安徽卫视,z3.ubtvfans.com,direct-hls,true,true,retest-existing-hls,,,https://z3.ubtvfans.com/live/rx2/232/bff58847478f4e1f599130b9c1f5a535/index.m3u8
年代新聞,年代新聞,台灣頻道,sources/live-base.txt,durable-base-hls,年代新聞,z3.ubtvfans.com,direct-hls,true,true,retest-existing-hls,,,https://z3.ubtvfans.com/live/rx1/1099/cf9f14d277a1b94cb3d19cdd8095a9ed/index.m3u8
年代新聞,年代新聞,台灣頻道,sources/live-cleaned-backup.txt,durable-cleaned-backup-hls,年代新聞,z3.ubtvfans.com,direct-hls,true,true,retest-existing-hls,,,https://z3.ubtvfans.com/live/rx1/1099/cf9f14d277a1b94cb3d19cdd8095a9ed/index.m3u8
年代much,年代MUCH,台灣頻道,sources/live-base.txt,durable-base-hls,年代MUCH,z3.ubtvfans.com,direct-hls,true,true,retest-existing-hls,,,https://z3.ubtvfans.com/live/rx2/1359/5dd60464260fb75bda771e143c509cf7/index.m3u8
年代much,年代MUCH,台灣頻道,sources/live-cleaned-backup.txt,durable-cleaned-backup-hls,年代MUCH,z3.ubtvfans.com,direct-hls,true,true,retest-existing-hls,,,https://z3.ubtvfans.com/live/rx2/1359/5dd60464260fb75bda771e143c509cf7/index.m3u8
江西卫视,江西卫视,大陸頻道,sources/live-base.txt,durable-base-hls,江西卫视,z3.ubtvfans.com,direct-hls,true,true,retest-existing-hls,,,https://z3.ubtvfans.com/live/rx2/1097/3bee25c801ff0bfe973b0b4ff8d6bfda/index.m3u8
江西卫视,江西卫视,大陸頻道,sources/live-cleaned-backup.txt,durable-cleaned-backup-hls,江西卫视,z3.ubtvfans.com,direct-hls,true,true,retest-existing-hls,,,https://z3.ubtvfans.com/live/rx2/1097/3bee25c801ff0bfe973b0b4ff8d6bfda/index.m3u8
江苏卫视,江苏卫视,大陸頻道,sources/live-base.txt,durable-base-hls,江苏卫视,z3.ubtvfans.com,direct-hls,true,true,retest-existing-hls,,,https://z3.ubtvfans.com/live/rx3/218/c40b53b84d7f9445947d0156aa04da68/index.m3u8
江苏卫视,江苏卫视,大陸頻道,sources/live-base.txt,durable-base-hls,江苏卫视,z3.ubtvfans.com,direct-hls,true,true,retest-existing-hls,,,https://z3.ubtvfans.com/live/rx2/2829/3d30420717cb8001ac62245c497f13af/index.m3u8
江苏卫视,江苏卫视,大陸頻道,sources/live-cleaned-backup.txt,durable-cleaned-backup-hls,江苏卫视,z3.ubtvfans.com,direct-hls,true,true,retest-existing-hls,,,https://z3.ubtvfans.com/live/rx2/2829/3d30420717cb8001ac62245c497f13af/index.m3u8
江苏卫视,江苏卫视,大陸頻道,sources/live-cleaned-backup.txt,durable-cleaned-backup-hls,江苏卫视,z3.ubtvfans.com,direct-hls,true,true,retest-existing-hls,,,https://z3.ubtvfans.com/live/rx3/218/c40b53b84d7f9445947d0156aa04da68/index.m3u8
辽宁卫视,辽宁卫视,大陸頻道,sources/live-base.txt,durable-base-hls,辽宁卫视,z3.ubtvfans.com,direct-hls,true,true,retest-existing-hls,,,https://z3.ubtvfans.com/live/rx2/229/7fe7af16e2c0a92978e39d8cc286937a/index.m3u8
辽宁卫视,辽宁卫视,大陸頻道,sources/live-cleaned-backup.txt,durable-cleaned-backup-hls,辽宁卫视,z3.ubtvfans.com,direct-hls,true,true,retest-existing-hls,,,https://z3.ubtvfans.com/live/rx2/229/7fe7af16e2c0a92978e39d8cc286937a/index.m3u8
佛光山人間衛視,佛光山人間衛視,YouTube文化紀實,sources/youtube-live-channels.csv,durable-youtube-page,佛光山人間衛視,www.youtube.com,youtube-page,true,true,resolve-with-yt-dlp,,kyjN8rvSnio,https://www.youtube.com/watch?v=kyjN8rvSnio
佛衛慈悲台,佛衛慈悲台,音樂宗教,sources/live-base.txt,durable-base-hls,佛衛慈悲台,z3.ubtvfans.com,direct-hls,true,true,retest-existing-hls,,,https://z3.ubtvfans.com/live/rx6/1306/ead0dd62bc1bb64af19c80730806f8b2/index.m3u8
佛衛慈悲台,佛衛慈悲台,音樂宗教,sources/live-cleaned-backup.txt,durable-cleaned-backup-hls,佛衛慈悲台,z3.ubtvfans.com,direct-hls,true,true,retest-existing-hls,,,https://z3.ubtvfans.com/live/rx6/1306/ead0dd62bc1bb64af19c80730806f8b2/index.m3u8
亞洲旅遊,亞洲旅遊,台灣頻道,sources/live-base.txt,durable-base-hls,亞洲旅遊,z3.ubtvfans.com,direct-hls,true,true,retest-existing-hls,,,https://z3.ubtvfans.com/live/rx3/2299/0b15d0224284ac65bf5e144de829384e/index.m3u8
亞洲旅遊,亞洲旅遊,台灣頻道,sources/live-cleaned-backup.txt,durable-cleaned-backup-hls,亞洲旅遊,z3.ubtvfans.com,direct-hls,true,true,retest-existing-hls,,,https://z3.ubtvfans.com/live/rx3/2299/0b15d0224284ac65bf5e144de829384e/index.m3u8
東風衛視,東風衛視,台灣頻道,sources/live-base.txt,durable-base-hls,東風衛視,z3.ubtvfans.com,direct-hls,true,true,retest-existing-hls,,,https://z3.ubtvfans.com/live/rx6/3262/0c63de2a2427f5bd47ad0b9621a4dacd/index.m3u8
東風衛視,東風衛視,台灣頻道,sources/live-cleaned-backup.txt,durable-cleaned-backup-hls,東風衛視,z3.ubtvfans.com,direct-hls,true,true,retest-existing-hls,,,https://z3.ubtvfans.com/live/rx6/3262/0c63de2a2427f5bd47ad0b9621a4dacd/index.m3u8
東森幼幼,東森幼幼,台灣頻道,sources/live-base.txt,durable-base-hls,東森幼幼,z3.ubtvfans.com,direct-hls,true,true,retest-existing-hls,,,https://z3.ubtvfans.com/live/rx3/371/e10d86ded39be7efb99ec1c2df83e115/index.m3u8
東森幼幼,東森幼幼,台灣頻道,sources/live-base.txt,durable-base-hls,東森幼幼,z3.ubtvfans.com,direct-hls,true,true,retest-existing-hls,,,https://z3.ubtvfans.com/live/rx3/2771/2dba34e3c64e70b6c3eda429ede8676a/index.m3u8
東森幼幼,東森幼幼,台灣頻道,sources/live-cleaned-backup.txt,durable-cleaned-backup-hls,東森幼幼,z3.ubtvfans.com,direct-hls,true,true,retest-existing-hls,,,https://z3.ubtvfans.com/live/rx3/371/e10d86ded39be7efb99ec1c2df83e115/index.m3u8
東森幼幼,東森幼幼,台灣頻道,sources/live-cleaned-backup.txt,durable-cleaned-backup-hls,東森幼幼,z3.ubtvfans.com,direct-hls,true,true,retest-existing-hls,,,https://z3.ubtvfans.com/live/rx3/2771/2dba34e3c64e70b6c3eda429ede8676a/index.m3u8
東森亞洲,東森亞洲,台灣頻道,sources/live-base.txt,durable-base-hls,東森亞洲,z3.ubtvfans.com,direct-hls,true,true,retest-existing-hls,,,https://z3.ubtvfans.com/live/rx6/3/1245e0316500bd33009f9df69d1a8706/index.m3u8
東森亞洲,東森亞洲,台灣頻道,sources/live-cleaned-backup.txt,durable-cleaned-backup-hls,東森亞洲,z3.ubtvfans.com,direct-hls,true,true,retest-existing-hls,,,https://z3.ubtvfans.com/live/rx6/3/1245e0316500bd33009f9df69d1a8706/index.m3u8
東森洋片,東森洋片,台灣頻道,sources/live-base.txt,durable-base-hls,東森洋片,z3.ubtvfans.com,direct-hls,true,true,retest-existing-hls,,,https://z3.ubtvfans.com/live/rx3/1128/e412ad109ce26751ff4b8a356909aa4c/index.m3u8
東森洋片,東森洋片,台灣頻道,sources/live-cleaned-backup.txt,durable-cleaned-backup-hls,東森洋片,z3.ubtvfans.com,direct-hls,true,true,retest-existing-hls,,,https://z3.ubtvfans.com/live/rx3/1128/e412ad109ce26751ff4b8a356909aa4c/index.m3u8
東森財經,東森財經,新聞頻道,sources/live-base.txt,durable-base-hls,東森財經,z3.ubtvfans.com,direct-hls,true,true,retest-existing-hls,,,https://z3.ubtvfans.com/live/rx1/2487/22105604e8abe50ca3d0df3fad3b4f8b/index.m3u8
東森財經,東森財經,新聞頻道,sources/live-cleaned-backup.txt,durable-cleaned-backup-hls,東森財經,z3.ubtvfans.com,direct-hls,true,true,retest-existing-hls,,,https://z3.ubtvfans.com/live/rx1/2487/22105604e8abe50ca3d0df3fad3b4f8b/index.m3u8
東森財經新聞,東森財經新聞,YouTube新聞台,sources/youtube-live-channels.csv,durable-youtube-page,東森財經新聞,www.youtube.com,youtube-page,true,true,resolve-with-yt-dlp,,1I2iq41Akmo,https://www.youtube.com/watch?v=1I2iq41Akmo
東森財經新聞,東森財經新聞,YouTube新聞台,sources/live-youtube-stable.txt,generated-youtube-hls,003 東森財經新聞,manifest.googlevideo.com,youtube-generated-hls,false,false,generated-short-lived,2026-06-22T21:47:43.000Z,1I2iq41Akmo,"https://manifest.googlevideo.com/api/manifest/hls_playlist/expire/1782164863/ei/H1k5as6oE72VvcAPzemo0QE/ip/114.42.199.53/id/1I2iq41Akmo.3/itag/94/source/yt_live_broadcast/requiressl/yes/ratebypass/yes/live/1/sgoap/gir%3Dyes%3Bitag%3D140/sgovp/gir%3Dyes%3Bitag%3D135/rqh/1/hls_chunk_host/rr2---sn-ipoxu-umby.googlevideo.com/xpc/EgVo2aDSNQ%3D%3D/playlist_duration/30/manifest_duration/30/bui/ARmQxEUl0wsOtXRtwYkXe_mq2WQbzJuANqTH4p_KnENZ6AJwmCSGZePB-B_-QZVS0JDhzFlx49tOysbc/spc/SQ-umsWUma04dwWI5gbukboMBXOvJxUFaQqZxLa45veGyH8I8A/vprv/1/reg/0/playlist_type/DVR/initcwndbps/2845000/met/1782143263,/mh/CJ/mm/44/mn/sn-ipoxu-umby/ms/lva/mv/m/mvi/2/pl/24/rms/lva,lva/dover/11/pacing/0/keepalive/yes/fexp/51565116,51565681,51987687/mt/1782142835/sparams/expire,ei,ip,id,itag,source,requiressl,ratebypass,live,sgoap,sgovp,rqh,xpc,playlist_duration,manifest_duration,bui,spc,vprv,reg,playlist_type/sig/AHEqNM4wRQIhAPNwirtMOLsb3UzBt1X65ZXTG-FwOgxh9ZAW0CBPPoAWAiAXk5ObkjnxCdrvOi1LEyEeF6BPuKULzCq5XfZ6fYB84w%3D%3D/lsparams/hls_chunk_host,initcwndbps,met,mh,mm,mn,ms,mv,mvi,pl,rms/lsig/APaTxxMwRQIhAKDRuv7o7keF6TblXUL-ZhH0o6PaTWAViE7xIoGvc26rAiBmJysOeLGQkLC76kFsiaTWg7PvaZBS9sr3U659srQSig%3D%3D/playlist/index.m3u8"
東森超視,東森超視,Verified Fastest | 台灣頻道,sources/live-base.txt,durable-base-hls,東森超視,z3.ubtvfans.com,direct-hls,true,true,retest-existing-hls,,,https://z3.ubtvfans.com/live/rx3/80/9a1c0e87874ef1afbc5cfe8501da7c51/index.m3u8
東森超視,東森超視,Verified Fastest | 台灣頻道,sources/live-base.txt,durable-base-hls,東森超視,z3.ubtvfans.com,direct-hls,true,true,retest-existing-hls,,,https://z3.ubtvfans.com/live/rx3/80/9a1c0e87874ef1afbc5cfe8501da7c51/index.m3u8
東森超視,東森超視,Verified Fastest | 台灣頻道,sources/live-cleaned-backup.txt,durable-cleaned-backup-hls,東森超視,z3.ubtvfans.com,direct-hls,true,true,retest-existing-hls,,,https://z3.ubtvfans.com/live/rx3/80/9a1c0e87874ef1afbc5cfe8501da7c51/index.m3u8
東森新聞,東森新聞,台灣頻道,sources/live-base.txt,durable-base-hls,東森新聞,z3.ubtvfans.com,direct-hls,true,true,retest-existing-hls,,,https://z3.ubtvfans.com/live/rx6/1358/9b77f42618c2e10ec3f8e55f7b454462/index.m3u8
東森新聞,東森新聞,台灣頻道,sources/live-cleaned-backup.txt,durable-cleaned-backup-hls,東森新聞,z3.ubtvfans.com,direct-hls,true,true,retest-existing-hls,,,https://z3.ubtvfans.com/live/rx6/1358/9b77f42618c2e10ec3f8e55f7b454462/index.m3u8
東森新聞51頻道24小時直播,東森新聞 51 頻道 24 小時直播,YouTube新聞台,sources/youtube-live-channels.csv,durable-youtube-page,東森新聞 51 頻道 24 小時直播,www.youtube.com,youtube-page,true,true,resolve-with-yt-dlp,,V1p33hqPrUk,https://www.youtube.com/watch?v=V1p33hqPrUk
東森新聞51頻道24小時直播,東森新聞 51 頻道 24 小時直播,YouTube新聞台,sources/live-youtube-stable.txt,generated-youtube-hls,021 東森新聞 51 頻道 24 小時直播,manifest.googlevideo.com,youtube-generated-hls,false,false,generated-short-lived,2026-06-22T21:48:27.000Z,V1p33hqPrUk,"https://manifest.googlevideo.com/api/manifest/hls_playlist/expire/1782164907/ei/S1k5aoTUKt-Qpt8Pkafw8Q4/ip/114.42.199.53/id/V1p33hqPrUk.62/itag/94/source/yt_live_broadcast/requiressl/yes/ratebypass/yes/live/1/sgoap/gir%3Dyes%3Bitag%3D140/sgovp/gir%3Dyes%3Bitag%3D135/rqh/1/hls_chunk_host/rr2---sn-ipoxu-umby.googlevideo.com/xpc/EgVo2aDSNQ%3D%3D/playlist_duration/30/manifest_duration/30/bui/ARmQxEXPj5y8Znhms4JspMrfts72BgjqjJYiPPsnU_4RvHPbJ0edr_-12kBee_963IhoISAzPkh9Y-QS/spc/SQ-ummf18iPWAZFmfWsmFd9VTm_K2MCJh6OwWArBzIAHdj1dkA/vprv/1/reg/0/playlist_type/DVR/hcs/ir/initcwndbps/2845000/met/1782143307,/mh/56/mm/44/mn/sn-ipoxu-umby/ms/lva/mv/m/mvi/2/pl/24/rms/lva,lva/dover/11/pacing/0/keepalive/yes/fexp/51565115,51565682,51987687/mt/1782142835/sparams/expire,ei,ip,id,itag,source,requiressl,ratebypass,live,sgoap,sgovp,rqh,xpc,playlist_duration,manifest_duration,bui,spc,vprv,reg,playlist_type/sig/AHEqNM4wRgIhAMg6j2bj63ZgACJekFieImX5gwn155cX7sOERO-A-__FAiEA1EJFkCeCqVH7E-pCueXEUB_I2Wn3CFDpgkjmFJNSs0o%3D/lsparams/hls_chunk_host,hcs,initcwndbps,met,mh,mm,mn,ms,mv,mvi,pl,rms/lsig/APaTxxMwRQIhAPIZywNb1QKCrVkq6GuWTZuUHOpDixDVo4Ekdiqm8D8FAiA9ia5G8JCv2UzeUUB-KPfMsm6OHTGfNuCDETevUbf69Q%3D%3D/playlist/index.m3u8"
東森電影,東森電影,台灣頻道,sources/live-base.txt,durable-base-hls,東森電影,z3.ubtvfans.com,direct-hls,true,true,retest-existing-hls,,,https://z3.ubtvfans.com/live/rx3/350/28e7e8243ff5a037d9b663e5ab26dcbc/index.m3u8
東森電影,東森電影,台灣頻道,sources/live-base.txt,durable-base-hls,東森電影,z3.ubtvfans.com,direct-hls,true,true,retest-existing-hls,,,https://z3.ubtvfans.com/live/rx2/2720/07bf371493a74a8dc84672985e376e2d/index.m3u8
東森電影,東森電影,台灣頻道,sources/live-cleaned-backup.txt,durable-cleaned-backup-hls,東森電影,z3.ubtvfans.com,direct-hls,true,true,retest-existing-hls,,,https://z3.ubtvfans.com/live/rx2/2720/07bf371493a74a8dc84672985e376e2d/index.m3u8
東森電影,東森電影,台灣頻道,sources/live-cleaned-backup.txt,durable-cleaned-backup-hls,東森電影,z3.ubtvfans.com,direct-hls,true,true,retest-existing-hls,,,https://z3.ubtvfans.com/live/rx3/350/28e7e8243ff5a037d9b663e5ab26dcbc/index.m3u8
東森綜合,東森綜合,台灣頻道,sources/live-base.txt,durable-base-hls,東森綜合,z3.ubtvfans.com,direct-hls,true,true,retest-existing-hls,,,https://z3.ubtvfans.com/live/rx3/372/aee1ac1106422a3758933bbc5606a264/index.m3u8
東森綜合,東森綜合,台灣頻道,sources/live-base.txt,durable-base-hls,東森綜合,z3.ubtvfans.com,direct-hls,true,true,retest-existing-hls,,,https://z3.ubtvfans.com/live/rx3/3487/1e8bde9fc8b0564a5a70aafef73bad0b/index.m3u8
東森綜合,東森綜合,台灣頻道,sources/live-cleaned-backup.txt,durable-cleaned-backup-hls,東森綜合,z3.ubtvfans.com,direct-hls,true,true,retest-existing-hls,,,https://z3.ubtvfans.com/live/rx3/3487/1e8bde9fc8b0564a5a70aafef73bad0b/index.m3u8
東森綜合,東森綜合,台灣頻道,sources/live-cleaned-backup.txt,durable-cleaned-backup-hls,東森綜合,z3.ubtvfans.com,direct-hls,true,true,retest-existing-hls,,,https://z3.ubtvfans.com/live/rx3/372/aee1ac1106422a3758933bbc5606a264/index.m3u8
東森綜合2台,東森綜合2台,台灣頻道,sources/live-base.txt,durable-base-hls,東森綜合2台,z3.ubtvfans.com,direct-hls,true,true,retest-existing-hls,,,https://z3.ubtvfans.com/live/rx5/28/8c50d5f0397833ed8e69196b1fe67b6a/index.m3u8
東森綜合2台,東森綜合2台,台灣頻道,sources/live-cleaned-backup.txt,durable-cleaned-backup-hls,東森綜合2台,z3.ubtvfans.com,direct-hls,true,true,retest-existing-hls,,,https://z3.ubtvfans.com/live/rx5/28/8c50d5f0397833ed8e69196b1fe67b6a/index.m3u8
東森綜合2台頻道24小時直播,東森綜合2台頻道 24 小時直播,YouTube綜合娛樂,sources/youtube-live-channels.csv,durable-youtube-page,東森綜合2台頻道 24 小時直播,www.youtube.com,youtube-page,true,true,resolve-with-yt-dlp,,cimbpAZUjzw,https://www.youtube.com/watch?v=cimbpAZUjzw
東森綜合2台頻道24小時直播,東森綜合2台頻道 24 小時直播,YouTube綜合娛樂,sources/live-youtube-stable.txt,generated-youtube-hls,044 東森綜合2台頻道 24 小時直播,manifest.googlevideo.com,youtube-generated-hls,false,false,generated-short-lived,2026-06-22T21:49:25.000Z,cimbpAZUjzw,"https://manifest.googlevideo.com/api/manifest/hls_playlist/expire/1782164965/ei/hVk5aremG-yW1d8P5q3kiQo/ip/114.42.199.53/id/cimbpAZUjzw.4/itag/94/source/yt_live_broadcast/requiressl/yes/ratebypass/yes/live/1/sgoap/gir%3Dyes%3Bitag%3D140/sgovp/gir%3Dyes%3Bitag%3D135/rqh/1/hls_chunk_host/rr3---sn-ipoxu-umby.googlevideo.com/xpc/EgVo2aDSNQ%3D%3D/playlist_duration/30/manifest_duration/30/bui/ARmQxEV7xlgYcAmoVeuiUZcl8aQlZal3DDNGXKFtH3iViJ_Oow8bkTtmxov4gljx4g9zfvx6r8unTd8Q/spc/SQ-umh-HEvR-no56KYN_W72gPYD9uox1Adz7asDMgiYVLvU/vprv/1/reg/0/playlist_type/DVR/initcwndbps/2845000/met/1782143365,/mh/vj/mm/44/mn/sn-ipoxu-umby/ms/lva/mv/m/mvi/3/pl/24/rms/lva,lva/dover/11/pacing/0/keepalive/yes/fexp/51565116,51565682,51946838,51987687/mt/1782142835/sparams/expire,ei,ip,id,itag,source,requiressl,ratebypass,live,sgoap,sgovp,rqh,xpc,playlist_duration,manifest_duration,bui,spc,vprv,reg,playlist_type/sig/AHEqNM4wRQIgRX7BHPYZBLLbm3Bx12gTNXPyM__A_QHWmLJYz9Co5hsCIQCcqfu7OHi6mMmUd3Lm8Ih1v-7M3dK2wz1bEZd6VGVVlA%3D%3D/lsparams/hls_chunk_host,initcwndbps,met,mh,mm,mn,ms,mv,mvi,pl,rms/lsig/APaTxxMwRgIhAOoRJJs1FOBiLLSL85PwCMqxysoGzobab22-mKEXqTSsAiEA7Nt_21Ex6sAjppiDCw2aQHqvdZfH7tuQY9SOAIHURTA%3D/playlist/index.m3u8"
東森戲劇,東森戲劇,台灣頻道,sources/live-base.txt,durable-base-hls,東森戲劇,z3.ubtvfans.com,direct-hls,true,true,retest-existing-hls,,,https://z3.ubtvfans.com/live/rx3/2825/eec2dd784f03c15cdf2db483af05b5f9/index.m3u8
東森戲劇,東森戲劇,台灣頻道,sources/live-cleaned-backup.txt,durable-cleaned-backup-hls,東森戲劇,z3.ubtvfans.com,direct-hls,true,true,retest-existing-hls,,,https://z3.ubtvfans.com/live/rx3/2825/eec2dd784f03c15cdf2db483af05b5f9/index.m3u8
東森戲劇備,東森戲劇-備,台灣頻道,sources/live-base.txt,durable-base-hls,東森戲劇-備,z3.ubtvfans.com,direct-hls,true,true,retest-existing-hls,,,https://z3.ubtvfans.com/live/rx2/321/dbdace36dcc63ff148ce48e6d4fada58/index.m3u8
東森戲劇備,東森戲劇-備,台灣頻道,sources/live-cleaned-backup.txt,durable-cleaned-backup-hls,東森戲劇-備,z3.ubtvfans.com,direct-hls,true,true,retest-existing-hls,,,https://z3.ubtvfans.com/live/rx2/321/dbdace36dcc63ff148ce48e6d4fada58/index.m3u8
東森購物1,東森購物1,台灣頻道,sources/live-base.txt,durable-base-hls,東森購物1,z3.ubtvfans.com,direct-hls,true,true,retest-existing-hls,,,https://z3.ubtvfans.com/live/rx1/1155/986aece654111b98427c1dc7c8f3daee/index.m3u8
東森購物1,東森購物1,台灣頻道,sources/live-cleaned-backup.txt,durable-cleaned-backup-hls,東森購物1,z3.ubtvfans.com,direct-hls,true,true,retest-existing-hls,,,https://z3.ubtvfans.com/live/rx1/1155/986aece654111b98427c1dc7c8f3daee/index.m3u8
東森購物2,東森購物2,台灣頻道,sources/live-base.txt,durable-base-hls,東森購物2,z3.ubtvfans.com,direct-hls,true,true,retest-existing-hls,,,https://z3.ubtvfans.com/live/rx1/1156/3bfaa4ded125187bf3429058e82e26ef/index.m3u8
東森購物2,東森購物2,台灣頻道,sources/live-cleaned-backup.txt,durable-cleaned-backup-hls,東森購物2,z3.ubtvfans.com,direct-hls,true,true,retest-existing-hls,,,https://z3.ubtvfans.com/live/rx1/1156/3bfaa4ded125187bf3429058e82e26ef/index.m3u8
東森購物3,東森購物3,台灣頻道,sources/live-base.txt,durable-base-hls,東森購物3,z3.ubtvfans.com,direct-hls,true,true,retest-existing-hls,,,https://z3.ubtvfans.com/live/rx1/1584/45ebf563e5d36c67b3d9fb79f91cfad5/index.m3u8
東森購物3,東森購物3,台灣頻道,sources/live-cleaned-backup.txt,durable-cleaned-backup-hls,東森購物3,z3.ubtvfans.com,direct-hls,true,true,retest-existing-hls,,,https://z3.ubtvfans.com/live/rx1/1584/45ebf563e5d36c67b3d9fb79f91cfad5/index.m3u8
東森購物5,東森購物5,台灣頻道,sources/live-base.txt,durable-base-hls,東森購物5,z3.ubtvfans.com,direct-hls,true,true,retest-existing-hls,,,https://z3.ubtvfans.com/live/rx1/2978/d1a9ce4b6cf69b9c2f5c65c9ccdb5e5d/index.m3u8
東森購物5,東森購物5,台灣頻道,sources/live-cleaned-backup.txt,durable-cleaned-backup-hls,東森購物5,z3.ubtvfans.com,direct-hls,true,true,retest-existing-hls,,,https://z3.ubtvfans.com/live/rx1/2978/d1a9ce4b6cf69b9c2f5c65c9ccdb5e5d/index.m3u8
東森購物台ch34,東森購物台CH34,YouTube購物台,sources/youtube-live-channels.csv,durable-youtube-page,東森購物台CH34,www.youtube.com,youtube-page,true,true,resolve-with-yt-dlp,,J3t9N0vciPI,https://www.youtube.com/watch?v=J3t9N0vciPI
東森購物台ch34,東森購物台CH34,YouTube購物台,sources/live-youtube-stable.txt,generated-youtube-hls,031 東森購物台CH34,manifest.googlevideo.com,youtube-generated-hls,false,false,generated-short-lived,2026-06-22T21:48:54.000Z,J3t9N0vciPI,"https://manifest.googlevideo.com/api/manifest/hls_playlist/expire/1782164934/ei/Zlk5auXJNIOC2roPhr7goQU/ip/114.42.199.53/id/J3t9N0vciPI.1/itag/94/source/yt_live_broadcast/requiressl/yes/ratebypass/yes/live/1/sgoap/gir%3Dyes%3Bitag%3D140/sgovp/gir%3Dyes%3Bitag%3D135/rqh/1/hls_chunk_host/rr3---sn-ipoxu-umbk.googlevideo.com/xpc/EgVo2aDSNQ%3D%3D/bui/ARmQxEXYILKmi8j_lUyJAq2T6OrsOglDC_G30J_x7Tj7aFXI7FQPvjY5h-6O2MauvqLKIMbaPDqAJwNn/spc/SQ-umrXq8mqTqjgiim8EsyngzLYL7PMR3Dh5KgSC0kDo2H3cLA/vprv/1/reg/0/playlist_type/DVR/initcwndbps/2872500/met/1782143334,/mh/15/mm/44/mn/sn-ipoxu-umbk/ms/lva/mv/m/mvi/3/pl/24/rms/lva,lva/dover/11/pacing/0/keepalive/yes/fexp/51565116,51565682,51987687/mt/1782142835/sparams/expire,ei,ip,id,itag,source,requiressl,ratebypass,live,sgoap,sgovp,rqh,xpc,bui,spc,vprv,reg,playlist_type/sig/AHEqNM4wRQIgNl8aLUzNru0fh94tNfkmMQG1nizgdU1-tU804JFoo0QCIQC7utv_bP-BjTwfQ2NrDpP46GOkRkvEWzANHaJYk67F5A%3D%3D/lsparams/hls_chunk_host,initcwndbps,met,mh,mm,mn,ms,mv,mvi,pl,rms/lsig/APaTxxMwRQIgY5KAcDJgDTQMGqT8H_rSftVUNQyX9zO_qo53Lmf85NoCIQD0gyAH1kufiDdchVFkpH-pLt7X1D9A-iwQQqUageNeIg%3D%3D/playlist/index.m3u8"
東森購物台ch46,東森購物台CH46,YouTube購物台,sources/youtube-live-channels.csv,durable-youtube-page,東森購物台CH46,www.youtube.com,youtube-page,true,true,resolve-with-yt-dlp,,tUvQg2HgIbs,https://www.youtube.com/watch?v=tUvQg2HgIbs
東森購物台ch46,東森購物台CH46,YouTube購物台,sources/live-youtube-stable.txt,generated-youtube-hls,029 東森購物台CH46,manifest.googlevideo.com,youtube-generated-hls,false,false,generated-short-lived,2026-06-22T21:48:50.000Z,tUvQg2HgIbs,"https://manifest.googlevideo.com/api/manifest/hls_playlist/expire/1782164930/ei/Ylk5apytDOKV1d8PsIinsAM/ip/114.42.199.53/id/tUvQg2HgIbs.1/itag/94/source/yt_live_broadcast/requiressl/yes/ratebypass/yes/live/1/sgoap/gir%3Dyes%3Bitag%3D140/sgovp/gir%3Dyes%3Bitag%3D135/rqh/1/hls_chunk_host/rr3---sn-ipoxu-umbk.googlevideo.com/xpc/EgVo2aDSNQ%3D%3D/bui/ARmQxEUHyG1ivabKxenuKhvOYWaONeVEEqH_Xq3Vzdk7wWOJSGzK93HbVPD5d1vIfPbDlLQPv_2i9Jc6/spc/SQ-ummj48dOO8gLUdI2K9wkcsbSOjZpQhbn6ypk2ZbvWyXIVDA/vprv/1/reg/0/playlist_type/DVR/initcwndbps/2872500/met/1782143330,/mh/LC/mm/44/mn/sn-ipoxu-umbk/ms/lva/mv/m/mvi/3/pl/24/rms/lva,lva/dover/11/pacing/0/keepalive/yes/fexp/51565116,51565681,51987687/mt/1782142835/sparams/expire,ei,ip,id,itag,source,requiressl,ratebypass,live,sgoap,sgovp,rqh,xpc,bui,spc,vprv,reg,playlist_type/sig/AHEqNM4wRgIhAOlc4pKcP4gXI0EVQ0eIb7DIjQa9I1z2Fnj-QmuS7SB5AiEArq3CV5F72Itt_9VBDhelb4_ieTa0k-nlVNpp6C7pEhA%3D/lsparams/hls_chunk_host,initcwndbps,met,mh,mm,mn,ms,mv,mvi,pl,rms/lsig/APaTxxMwRAIgJDp3xb3JiRHt5DFm-2KXLUE9JhLhUlzYCBuzlbNwRXICIDnot50u-dachF9MdXaHG8Gx50Y1yM4Vyg0D0DAmvbLr/playlist/index.m3u8"
東森購物台ch47,東森購物台CH47,YouTube購物台,sources/youtube-live-channels.csv,durable-youtube-page,東森購物台CH47,www.youtube.com,youtube-page,true,true,resolve-with-yt-dlp,,vZHktiRowRg,https://www.youtube.com/watch?v=vZHktiRowRg
東森購物台ch60,東森購物台CH60,YouTube購物台,sources/youtube-live-channels.csv,durable-youtube-page,東森購物台CH60,www.youtube.com,youtube-page,true,true,resolve-with-yt-dlp,,2IGZjBPTPT8,https://www.youtube.com/watch?v=2IGZjBPTPT8
東森購物台ch60,東森購物台CH60,YouTube購物台,sources/live-youtube-stable.txt,generated-youtube-hls,028 東森購物台CH60,manifest.googlevideo.com,youtube-generated-hls,false,false,generated-short-lived,2026-06-22T21:48:47.000Z,2IGZjBPTPT8,"https://manifest.googlevideo.com/api/manifest/hls_playlist/expire/1782164927/ei/X1k5atWEBIq8vcAPoKiQmQU/ip/114.42.199.53/id/2IGZjBPTPT8.1/itag/94/source/yt_live_broadcast/requiressl/yes/ratebypass/yes/live/1/sgoap/gir%3Dyes%3Bitag%3D140/sgovp/gir%3Dyes%3Bitag%3D135/rqh/1/hls_chunk_host/rr2---sn-ipoxu-umbk.googlevideo.com/xpc/EgVo2aDSNQ%3D%3D/bui/ARmQxEV3-hAbimxz7e1Co8gEC54p_DeOEc30uI-RevDGYDRUM9h163UndlJ8tHQqu9ZzHNI0uYrEhdur/spc/SQ-umuKDz--mZQHB-vahnYHtc216r6xlOwjeTdWs6imw1srHMA/vprv/1/reg/0/playlist_type/DVR/initcwndbps/2872500/met/1782143327,/mh/mc/mm/44/mn/sn-ipoxu-umbk/ms/lva/mv/m/mvi/2/pcm2cms/yes/pl/24/rms/lva,lva/dover/11/pacing/0/keepalive/yes/fexp/51565115,51565681,51987687/mt/1782142835/sparams/expire,ei,ip,id,itag,source,requiressl,ratebypass,live,sgoap,sgovp,rqh,xpc,bui,spc,vprv,reg,playlist_type/sig/AHEqNM4wRQIgCWK56TUHGB-UHH0R4BP9LMzMcyInitUxPLXe_JwBUBgCIQC98G0tQgNo6GgE3MTXeq6C0t0PtgD1EBQI6YvKsTl8KQ%3D%3D/lsparams/hls_chunk_host,initcwndbps,met,mh,mm,mn,ms,mv,mvi,pcm2cms,pl,rms/lsig/APaTxxMwRAIgKBSI2DXRlCH4FN6_44Ja3jgdcdTf2NKdwke-42erbvQCIFANb5qQVCJkuZ2O2tx5ODbA1foj48WUC_TeZtQYfl0P/playlist/index.m3u8"
松視3,松視3,私密頻道_7708,sources/live-base.txt,durable-base-hls,松視3,z3.ubtvfans.com,direct-hls,true,true,retest-existing-hls,,,https://z3.ubtvfans.com/live/rx3/404/480fe5db5808b25f8ea2d51ccea17233/index.m3u8
松視3,松視3,私密頻道_7708,sources/live-cleaned-backup.txt,durable-cleaned-backup-hls,松視3,z3.ubtvfans.com,direct-hls,true,true,retest-existing-hls,,,https://z3.ubtvfans.com/live/rx3/404/480fe5db5808b25f8ea2d51ccea17233/index.m3u8
河南卫视,河南卫视,大陸頻道,sources/live-base.txt,durable-base-hls,河南卫视,z3.ubtvfans.com,direct-hls,true,true,retest-existing-hls,,,https://z3.ubtvfans.com/live/rx6/225/890f06fd8d308639ccd17ba323db4574/index.m3u8
河南卫视,河南卫视,大陸頻道,sources/live-cleaned-backup.txt,durable-cleaned-backup-hls,河南卫视,z3.ubtvfans.com,direct-hls,true,true,retest-existing-hls,,,https://z3.ubtvfans.com/live/rx6/225/890f06fd8d308639ccd17ba323db4574/index.m3u8
波多野结衣,波多野结衣,私密頻道_7708,sources/live-base.txt,durable-base-hls,波多野结衣,z3.ubtvfans.com,direct-hls,true,true,retest-existing-hls,,,https://z3.ubtvfans.com/live/rx4/3158/c380ba6805c063bf01a758dac2c2cfa8/index.m3u8
波多野结衣,波多野结衣,私密頻道_7708,sources/live-cleaned-backup.txt,durable-cleaned-backup-hls,波多野结衣,z3.ubtvfans.com,direct-hls,true,true,retest-existing-hls,,,https://z3.ubtvfans.com/live/rx4/3158/c380ba6805c063bf01a758dac2c2cfa8/index.m3u8
苍井空,苍井空,私密頻道_7708,sources/live-base.txt,durable-base-hls,苍井空,z3.ubtvfans.com,direct-hls,true,true,retest-existing-hls,,,https://z3.ubtvfans.com/live/rx5/3154/e69148d5bbcc6f22eed89add60d7e9d1/index.m3u8
苍井空,苍井空,私密頻道_7708,sources/live-cleaned-backup.txt,durable-cleaned-backup-hls,苍井空,z3.ubtvfans.com,direct-hls,true,true,retest-existing-hls,,,https://z3.ubtvfans.com/live/rx5/3154/e69148d5bbcc6f22eed89add60d7e9d1/index.m3u8
采昌影劇,采昌影劇,台灣頻道,sources/live-base.txt,durable-base-hls,采昌影劇,z3.ubtvfans.com,direct-hls,true,true,retest-existing-hls,,,https://z3.ubtvfans.com/live/rx6/2804/b85cad3ca2e1a68ca39bb47d67afa2c3/index.m3u8
采昌影劇,采昌影劇,台灣頻道,sources/live-cleaned-backup.txt,durable-cleaned-backup-hls,采昌影劇,z3.ubtvfans.com,direct-hls,true,true,retest-existing-hls,,,https://z3.ubtvfans.com/live/rx6/2804/b85cad3ca2e1a68ca39bb47d67afa2c3/index.m3u8
金丝雀,金丝雀,私密頻道_7708,sources/live-base.txt,durable-base-hls,金丝雀,z3.ubtvfans.com,direct-hls,true,true,retest-existing-hls,,,https://z3.ubtvfans.com/live/rx4/3155/195b4c966bce260e256f90cc97547976/index.m3u8
金丝雀,金丝雀,私密頻道_7708,sources/live-cleaned-backup.txt,durable-cleaned-backup-hls,金丝雀,z3.ubtvfans.com,direct-hls,true,true,retest-existing-hls,,,https://z3.ubtvfans.com/live/rx4/3155/195b4c966bce260e256f90cc97547976/index.m3u8
青田電視台,青田電視台,大陸頻道,sources/live-base.txt,durable-base-hls,青田電視台,z3.ubtvfans.com,direct-hls,true,true,retest-existing-hls,,,https://z3.ubtvfans.com/live/rx3/2295/ba04f4a412d7ddd5d7b5e15daeef2071/index.m3u8
青田電視台,青田電視台,大陸頻道,sources/live-cleaned-backup.txt,durable-cleaned-backup-hls,青田電視台,z3.ubtvfans.com,direct-hls,true,true,retest-existing-hls,,,https://z3.ubtvfans.com/live/rx3/2295/ba04f4a412d7ddd5d7b5e15daeef2071/index.m3u8
非凡直播,非凡直播,新聞頻道,sources/live-base.txt,durable-base-hls,非凡直播,z3.ubtvfans.com,direct-hls,true,true,retest-existing-hls,,,https://z3.ubtvfans.com/live/rx1/314/e08506d0495bd24ea643cab235d1db63/index.m3u8
非凡直播,非凡直播,新聞頻道,sources/live-cleaned-backup.txt,durable-cleaned-backup-hls,非凡直播,z3.ubtvfans.com,direct-hls,true,true,retest-existing-hls,,,https://z3.ubtvfans.com/live/rx1/314/e08506d0495bd24ea643cab235d1db63/index.m3u8
非凡新聞,非凡新聞,新聞頻道,sources/live-base.txt,durable-base-hls,非凡新聞,z3.ubtvfans.com,direct-hls,true,true,retest-existing-hls,,,https://z3.ubtvfans.com/live/rx6/3236/aa262930fd295242e9e6d944e275c588/index.m3u8
非凡新聞,非凡新聞,新聞頻道,sources/live-base.txt,durable-base-hls,非凡新聞,z3.ubtvfans.com,direct-hls,true,true,retest-existing-hls,,,https://z3.ubtvfans.com/live/rx6/2795/8ac7fc0c413ba5ac1ebdf486bf4738a0/index.m3u8
非凡新聞,非凡新聞,新聞頻道,sources/live-cleaned-backup.txt,durable-cleaned-backup-hls,非凡新聞,z3.ubtvfans.com,direct-hls,true,true,retest-existing-hls,,,https://z3.ubtvfans.com/live/rx6/3236/aa262930fd295242e9e6d944e275c588/index.m3u8
非凡新聞,非凡新聞,新聞頻道,sources/live-cleaned-backup.txt,durable-cleaned-backup-hls,非凡新聞,z3.ubtvfans.com,direct-hls,true,true,retest-existing-hls,,,https://z3.ubtvfans.com/live/rx6/2795/8ac7fc0c413ba5ac1ebdf486bf4738a0/index.m3u8
信大電視,信大電視,台灣頻道,sources/live-base.txt,durable-base-hls,信大電視,z3.ubtvfans.com,direct-hls,true,true,retest-existing-hls,,,https://z3.ubtvfans.com/live/rx1/422/0bcfd4406f6bc97a8fc65e875ad83ed1/index.m3u8
信大電視,信大電視,台灣頻道,sources/live-cleaned-backup.txt,durable-cleaned-backup-hls,信大電視,z3.ubtvfans.com,direct-hls,true,true,retest-existing-hls,,,https://z3.ubtvfans.com/live/rx1/422/0bcfd4406f6bc97a8fc65e875ad83ed1/index.m3u8
信大電視台,信大電視台,YouTube綜合娛樂,sources/youtube-live-channels.csv,durable-youtube-page,信大電視台,www.youtube.com,youtube-page,true,true,resolve-with-yt-dlp,,3MakY86sYn8,https://www.youtube.com/watch?v=3MakY86sYn8
南方卫视,南方卫视,大陸頻道,sources/live-base.txt,durable-base-hls,南方卫视,z3.ubtvfans.com,direct-hls,true,true,retest-existing-hls,,,https://z3.ubtvfans.com/live/rx2/219/e2c350b241dbbaa6f7be3e598637315d/index.m3u8
南方卫视,南方卫视,大陸頻道,sources/live-cleaned-backup.txt,durable-cleaned-backup-hls,南方卫视,z3.ubtvfans.com,direct-hls,true,true,retest-existing-hls,,,https://z3.ubtvfans.com/live/rx2/219/e2c350b241dbbaa6f7be3e598637315d/index.m3u8
城市電視,城市電視,港澳頻道,sources/live-base.txt,durable-base-hls,城市電視,z3.ubtvfans.com,direct-hls,true,true,retest-existing-hls,,,https://z3.ubtvfans.com/live/rx3/3485/dac57871f0c1b6a923fd2d3423598627/index.m3u8
城市電視,城市電視,港澳頻道,sources/live-cleaned-backup.txt,durable-cleaned-backup-hls,城市電視,z3.ubtvfans.com,direct-hls,true,true,retest-existing-hls,,,https://z3.ubtvfans.com/live/rx3/3485/dac57871f0c1b6a923fd2d3423598627/index.m3u8
星空衛視,星空衛視,港澳頻道,sources/live-base.txt,durable-base-hls,星空衛視,z3.ubtvfans.com,direct-hls,true,true,retest-existing-hls,,,https://z3.ubtvfans.com/live/rx6/56/1a6a5db042c89755b409451635f5adca/index.m3u8
星空衛視,星空衛視,港澳頻道,sources/live-cleaned-backup.txt,durable-cleaned-backup-hls,星空衛視,z3.ubtvfans.com,direct-hls,true,true,retest-existing-hls,,,https://z3.ubtvfans.com/live/rx6/56/1a6a5db042c89755b409451635f5adca/index.m3u8
美好購物1台,美好購物1台,YouTube購物台,sources/youtube-live-channels.csv,durable-youtube-page,美好購物1台,www.youtube.com,youtube-page,true,true,resolve-with-yt-dlp,,8TBJDKRcg6c,https://www.youtube.com/watch?v=8TBJDKRcg6c
美好購物2台,美好購物2台,YouTube購物台,sources/youtube-live-channels.csv,durable-youtube-page,美好購物2台,www.youtube.com,youtube-page,true,true,resolve-with-yt-dlp,,MHoyggBaFW4,https://www.youtube.com/watch?v=MHoyggBaFW4
美好購物2台,美好購物2台,YouTube購物台,sources/live-youtube-stable.txt,generated-youtube-hls,033 美好購物2台,manifest.googlevideo.com,youtube-generated-hls,false,false,generated-short-lived,2026-06-22T21:48:59.000Z,MHoyggBaFW4,"https://manifest.googlevideo.com/api/manifest/hls_playlist/expire/1782164939/ei/a1k5atqAGsn5pt8PwLvIIA/ip/114.42.199.53/id/MHoyggBaFW4.1/itag/94/source/yt_live_broadcast/requiressl/yes/ratebypass/yes/live/1/sgoap/gir%3Dyes%3Bitag%3D140/sgovp/gir%3Dyes%3Bitag%3D135/rqh/1/hls_chunk_host/rr1---sn-ipoxu-umbk.googlevideo.com/xpc/EgVo2aDSNQ%3D%3D/playlist_duration/30/manifest_duration/30/bui/ARmQxEU51RWJCwMHDPTSFa_wvWEUSSQIAxkCSHEd-St1bFGS1m6EddGO5RgRBQgdQKGi2Utw_rxUClYe/spc/SQ-umo2RgjWSyA-SM7_DMwLoZ0d4ATQJgh_LqM0ZJMuDyGmO7w/vprv/1/reg/0/playlist_type/DVR/initcwndbps/2872500/met/1782143339,/mh/Kt/mm/44/mn/sn-ipoxu-umbk/ms/lva/mv/m/mvi/1/pl/24/rms/lva,lva/dover/11/pacing/0/keepalive/yes/fexp/51565116,51565682,51987687/mt/1782142835/sparams/expire,ei,ip,id,itag,source,requiressl,ratebypass,live,sgoap,sgovp,rqh,xpc,playlist_duration,manifest_duration,bui,spc,vprv,reg,playlist_type/sig/AHEqNM4wRQIhAJ0tYk-F2fDPxG3-1LrIHlurwUJ3eCofb6KseY4hgo-JAiAPQlM5pERQCDayfzSkO4GczGCPmv086oNLTg9J_V6ZLw%3D%3D/lsparams/hls_chunk_host,initcwndbps,met,mh,mm,mn,ms,mv,mvi,pl,rms/lsig/APaTxxMwRQIhAM3DFGXgX0dDj7G_kVdSsDriu4szgGlp1spVFwI7_J2QAiB4ix69LnAg1jWsHs9pEa5qCO96e3Wmw3T9TmParaOsyw%3D%3D/playlist/index.m3u8"
美亞電影,美亞電影,台灣頻道,sources/live-base.txt,durable-base-hls,美亞電影,z3.ubtvfans.com,direct-hls,true,true,retest-existing-hls,,,https://z3.ubtvfans.com/live/rx2/375/32545f856489cb883e0e85b8d6e21b50/index.m3u8
美亞電影,美亞電影,台灣頻道,sources/live-cleaned-backup.txt,durable-cleaned-backup-hls,美亞電影,z3.ubtvfans.com,direct-hls,true,true,retest-existing-hls,,,https://z3.ubtvfans.com/live/rx2/375/32545f856489cb883e0e85b8d6e21b50/index.m3u8
美食星球,美食星球,台灣頻道,sources/live-base.txt,durable-base-hls,美食星球,z3.ubtvfans.com,direct-hls,true,true,retest-existing-hls,,,https://z3.ubtvfans.com/live/rx3/1360/7d1beaed39b1ce6126bc82ef9dd93252/index.m3u8
美食星球,美食星球,台灣頻道,sources/live-base.txt,durable-base-hls,美食星球,z3.ubtvfans.com,direct-hls,true,true,retest-existing-hls,,,https://z3.ubtvfans.com/live/rx3/3073/432623afd7857044ae39fc57c970f86d/index.m3u8
美食星球,美食星球,台灣頻道,sources/live-cleaned-backup.txt,durable-cleaned-backup-hls,美食星球,z3.ubtvfans.com,direct-hls,true,true,retest-existing-hls,,,https://z3.ubtvfans.com/live/rx3/1360/7d1beaed39b1ce6126bc82ef9dd93252/index.m3u8
美食星球,美食星球,台灣頻道,sources/live-cleaned-backup.txt,durable-cleaned-backup-hls,美食星球,z3.ubtvfans.com,direct-hls,true,true,retest-existing-hls,,,https://z3.ubtvfans.com/live/rx3/3073/432623afd7857044ae39fc57c970f86d/index.m3u8
面包台,面包台,大陸頻道,sources/live-base.txt,durable-base-hls,面包台,z3.ubtvfans.com,direct-hls,true,true,retest-existing-hls,,,https://z3.ubtvfans.com/live/rx3/1370/ee383e68a12ebaaca912f1053b6bb2a9/index.m3u8
面包台,面包台,大陸頻道,sources/live-cleaned-backup.txt,durable-cleaned-backup-hls,面包台,z3.ubtvfans.com,direct-hls,true,true,retest-existing-hls,,,https://z3.ubtvfans.com/live/rx3/1370/ee383e68a12ebaaca912f1053b6bb2a9/index.m3u8
倪珍24小時播新聞,倪珍24小時播新聞,YouTube新聞台,sources/youtube-live-channels.csv,durable-youtube-page,倪珍24小時播新聞,www.youtube.com,youtube-page,true,true,resolve-with-yt-dlp,,RRybv1kEnCU,https://www.youtube.com/watch?v=RRybv1kEnCU
倪珍24小時播新聞,倪珍24小時播新聞,YouTube新聞台,sources/live-youtube-stable.txt,generated-youtube-hls,017 倪珍24小時播新聞,manifest.googlevideo.com,youtube-generated-hls,false,false,generated-short-lived,2026-06-22T21:48:16.000Z,RRybv1kEnCU,"https://manifest.googlevideo.com/api/manifest/hls_playlist/expire/1782164896/ei/QFk5atPMK933pt8Po-WDuAw/ip/114.42.199.53/id/RRybv1kEnCU.1/itag/94/source/yt_live_broadcast/requiressl/yes/ratebypass/yes/live/1/sgoap/gir%3Dyes%3Bitag%3D140/sgovp/gir%3Dyes%3Bitag%3D135/rqh/1/hls_chunk_host/rr4---sn-ipoxu-umby.googlevideo.com/xpc/EgVo2aDSNQ%3D%3D/bui/ARmQxEW_XIh5NxEUjWKS9eHKM6pR-iyF2yY828WpJgbK-zFUfvUkP-IDDl4xh-eesEEcxk9aQEkdIvcF/spc/SQ-umspKfkLGQvPXoSZ9Jlwu0u2aKijXbkq14ABd08VWY2EP3A/vprv/1/reg/0/playlist_type/DVR/initcwndbps/2845000/met/1782143296,/mh/f-/mm/44/mn/sn-ipoxu-umby/ms/lva/mv/m/mvi/4/pl/24/rms/lva,lva/dover/11/pacing/0/keepalive/yes/fexp/51565116,51565682,51987687/mt/1782142835/sparams/expire,ei,ip,id,itag,source,requiressl,ratebypass,live,sgoap,sgovp,rqh,xpc,bui,spc,vprv,reg,playlist_type/sig/AHEqNM4wRgIhAPQ0jlwh8IU8FOXyYh3g6CJdr_6cNHfl1Fx4tsBnpyG0AiEAiz_UdcvM2XQgFGRhVgqRY4sRGg3NXtNx1rFjoaQY6mk%3D/lsparams/hls_chunk_host,initcwndbps,met,mh,mm,mn,ms,mv,mvi,pl,rms/lsig/APaTxxMwRAIgSQ1CMCl3vPdM_0qw96cZVtGvLs4_Qx9ucWqF7OX_U3YCID7lAQctHCc0PEefgEa-oH4UhdLTcU4Q0f1VabdyKbKt/playlist/index.m3u8"
原住民電視,原住民電視,Verified Fastest | 台灣頻道,sources/live-base.txt,durable-base-hls,原住民電視,z3.ubtvfans.com,direct-hls,true,true,retest-existing-hls,,,https://z3.ubtvfans.com/live/rx1/95/d554b74a74303d9c59a412d5e737526f/index.m3u8
原住民電視,原住民電視,Verified Fastest | 台灣頻道,sources/live-base.txt,durable-base-hls,原住民電視,z3.ubtvfans.com,direct-hls,true,true,retest-existing-hls,,,https://z3.ubtvfans.com/live/rx1/95/d554b74a74303d9c59a412d5e737526f/index.m3u8
原住民電視,原住民電視,Verified Fastest | 台灣頻道,sources/live-cleaned-backup.txt,durable-cleaned-backup-hls,原住民電視,z3.ubtvfans.com,direct-hls,true,true,retest-existing-hls,,,https://z3.ubtvfans.com/live/rx1/95/d554b74a74303d9c59a412d5e737526f/index.m3u8
旅チャンネル,旅チャンネル,にっぽん,sources/live-base.txt,durable-base-hls,旅チャンネル,z3.ubtvfans.com,direct-hls,true,true,retest-existing-hls,,,https://z3.ubtvfans.com/live/rx3/2304/c7afa1eb8c6ee384c16707db8614c3b2/index.m3u8
旅チャンネル,旅チャンネル,にっぽん,sources/live-cleaned-backup.txt,durable-cleaned-backup-hls,旅チャンネル,z3.ubtvfans.com,direct-hls,true,true,retest-existing-hls,,,https://z3.ubtvfans.com/live/rx3/2304/c7afa1eb8c6ee384c16707db8614c3b2/index.m3u8
浙江卫视,浙江卫视,大陸頻道,sources/live-base.txt,durable-base-hls,浙江卫视,z3.ubtvfans.com,direct-hls,true,true,retest-existing-hls,,,https://z3.ubtvfans.com/live/rx6/217/38542e37c69d0b93f73a98c65bf803fa/index.m3u8
浙江卫视,浙江卫视,大陸頻道,sources/live-cleaned-backup.txt,durable-cleaned-backup-hls,浙江卫视,z3.ubtvfans.com,direct-hls,true,true,retest-existing-hls,,,https://z3.ubtvfans.com/live/rx6/217/38542e37c69d0b93f73a98c65bf803fa/index.m3u8
飢餓遊戲,飢餓遊戲,YouTube台灣節目,sources/youtube-live-channels.csv,durable-youtube-page,飢餓遊戲,www.youtube.com,youtube-page,true,true,resolve-with-yt-dlp,,6TsaEYaKueE,https://www.youtube.com/watch?v=6TsaEYaKueE
飢餓遊戲,飢餓遊戲,YouTube台灣節目,sources/live-youtube-stable.txt,generated-youtube-hls,097 飢餓遊戲,manifest.googlevideo.com,youtube-generated-hls,false,false,generated-short-lived,2026-06-22T21:51:33.000Z,6TsaEYaKueE,"https://manifest.googlevideo.com/api/manifest/hls_playlist/expire/1782165093/ei/BVo5avCCFcfd2roPx8ny0QQ/ip/114.42.199.53/id/6TsaEYaKueE.1/itag/94/source/yt_live_broadcast/requiressl/yes/ratebypass/yes/live/1/sgoap/gir%3Dyes%3Bitag%3D140/sgovp/gir%3Dyes%3Bitag%3D135/rqh/1/hls_chunk_host/rr2---sn-ipoxu-umby.googlevideo.com/xpc/EgVo2aDSNQ%3D%3D/bui/ARmQxEWITAp-ancjGVSIZovBLnorYp7oyEWJWXVDgtbLySEijgseG_syGdQwIYpVUqrlJhXMNmLIU-dR/spc/SQ-umiMD8KazE2uU0X6deYawJT0ZOTNlrZPPQxWq_V7IUZTUTA/vprv/1/reg/0/playlist_type/DVR/initcwndbps/3220000/met/1782143493,/mh/-7/mm/44/mn/sn-ipoxu-umby/ms/lva/mv/m/mvi/2/pl/24/rms/lva,lva/dover/11/pacing/0/keepalive/yes/fexp/51565116,51565681,51987687/mt/1782143091/sparams/expire,ei,ip,id,itag,source,requiressl,ratebypass,live,sgoap,sgovp,rqh,xpc,bui,spc,vprv,reg,playlist_type/sig/AHEqNM4wRQIhAIJrEpnyEFaa9clAgkRWshdBgfv8DVUZ6s7ZiD6jLsLPAiBzus8D2JYPXD_yiVOJMEpv07wrKxmkROGtZeFhZNv_oA%3D%3D/lsparams/hls_chunk_host,initcwndbps,met,mh,mm,mn,ms,mv,mvi,pl,rms/lsig/APaTxxMwRAIgKEi4F6AQsXthOJT3beay5VOZs629G3jIJCj324IuVkMCIFc1E67mVACG6Xi_BoxyzlAMHG-dfLcjRPDaoijApsBx/playlist/index.m3u8"
高點綜合,高點綜合,台灣頻道,sources/live-base.txt,durable-base-hls,高點綜合,z3.ubtvfans.com,direct-hls,true,true,retest-existing-hls,,,https://z3.ubtvfans.com/live/rx3/99/ad426e8a6d405812ab80136ab2e18f82/index.m3u8
高點綜合,高點綜合,台灣頻道,sources/live-cleaned-backup.txt,durable-cleaned-backup-hls,高點綜合,z3.ubtvfans.com,direct-hls,true,true,retest-existing-hls,,,https://z3.ubtvfans.com/live/rx3/99/ad426e8a6d405812ab80136ab2e18f82/index.m3u8
鸭总侦探,鸭总侦探,私密頻道_7708,sources/live-base.txt,durable-base-hls,鸭总侦探,z3.ubtvfans.com,direct-hls,true,true,retest-existing-hls,,,https://z3.ubtvfans.com/live/rx2/3186/c6750a7ac944005586876692112f1856/index.m3u8
鸭总侦探,鸭总侦探,私密頻道_7708,sources/live-cleaned-backup.txt,durable-cleaned-backup-hls,鸭总侦探,z3.ubtvfans.com,direct-hls,true,true,retest-existing-hls,,,https://z3.ubtvfans.com/live/rx2/3186/c6750a7ac944005586876692112f1856/index.m3u8
動物星球,動物星球,台灣頻道,sources/live-base.txt,durable-base-hls,動物星球,z3.ubtvfans.com,direct-hls,true,true,retest-existing-hls,,,https://z3.ubtvfans.com/live/rx3/367/d2acf371949e8c13d92316cf81625bfd/index.m3u8
動物星球,動物星球,台灣頻道,sources/live-cleaned-backup.txt,durable-cleaned-backup-hls,動物星球,z3.ubtvfans.com,direct-hls,true,true,retest-existing-hls,,,https://z3.ubtvfans.com/live/rx3/367/d2acf371949e8c13d92316cf81625bfd/index.m3u8
唯心電視,唯心電視,音樂宗教,sources/live-base.txt,durable-base-hls,唯心電視,z3.ubtvfans.com,direct-hls,true,true,retest-existing-hls,,,https://z3.ubtvfans.com/live/rx2/1150/98fc916cfc89bdc926804a08ee406441/index.m3u8
唯心電視,唯心電視,音樂宗教,sources/live-cleaned-backup.txt,durable-cleaned-backup-hls,唯心電視,z3.ubtvfans.com,direct-hls,true,true,retest-existing-hls,,,https://z3.ubtvfans.com/live/rx2/1150/98fc916cfc89bdc926804a08ee406441/index.m3u8
國會頻道1,國會頻道１,YouTube文化紀實,sources/youtube-live-channels.csv,durable-youtube-page,國會頻道１,www.youtube.com,youtube-page,true,true,resolve-with-yt-dlp,,UQnVkK1kcDI,https://www.youtube.com/watch?v=UQnVkK1kcDI
國會頻道1,國會頻道１,YouTube文化紀實,sources/live-youtube-stable.txt,generated-youtube-hls,089 國會頻道１,manifest.googlevideo.com,youtube-generated-hls,false,false,generated-short-lived,2026-06-22T21:51:13.000Z,UQnVkK1kcDI,"https://manifest.googlevideo.com/api/manifest/hls_playlist/expire/1782165073/ei/8Vk5apXUMp6B2roPqY71uAs/ip/114.42.199.53/id/UQnVkK1kcDI.1/itag/94/source/yt_live_broadcast/requiressl/yes/ratebypass/yes/live/1/sgoap/gir%3Dyes%3Bitag%3D140/sgovp/gir%3Dyes%3Bitag%3D135/rqh/1/hls_chunk_host/rr3---sn-ipoxu-umbk.googlevideo.com/xpc/EgVo2aDSNQ%3D%3D/bui/ARmQxEVb0VG8OF98KFjKQ7kt3h3T627I_CLPww_Ji6NFmch9zGGHpFlr4rBv8zkXAEEp994OKBcp5lmO/spc/SQ-umo6CMu7hmHgFnlpmmgAZoeHj18lallbUiCCXSZZoTemR4w/vprv/1/reg/0/playlist_type/DVR/initcwndbps/2968750/met/1782143474,/mh/27/mm/44/mn/sn-ipoxu-umbk/ms/lva/mv/m/mvi/3/pl/24/rms/lva,lva/dover/11/pacing/0/keepalive/yes/fexp/51565115,51565681,51987687/mt/1782143091/sparams/expire,ei,ip,id,itag,source,requiressl,ratebypass,live,sgoap,sgovp,rqh,xpc,bui,spc,vprv,reg,playlist_type/sig/AHEqNM4wRQIgOqWAqJf-q26oqYF2_A1BTJ6Q0b8fGivZMnyCWO58yFoCIQD18t5VTVqDsdi4aXmjJkj4s7OYJJfWUIpiIJCrZeCqBw%3D%3D/lsparams/hls_chunk_host,initcwndbps,met,mh,mm,mn,ms,mv,mvi,pl,rms/lsig/APaTxxMwRAIgQ4-km5qQLar4blBDzWYEHIg8I2dttsa0r0ZUXXm0tHQCIC0a3zFo_l5kv2zIxMFthfjOjlS9lK0ODL236I0nYuO_/playlist/index.m3u8"
國興衛視,國興衛視,台灣頻道,sources/live-base.txt,durable-base-hls,國興衛視,z3.ubtvfans.com,direct-hls,true,true,retest-existing-hls,,,https://z3.ubtvfans.com/live/rx3/65/f07a342d8e316ab81f1b37ae7a0bf1f1/index.m3u8
國興衛視,國興衛視,台灣頻道,sources/live-cleaned-backup.txt,durable-cleaned-backup-hls,國興衛視,z3.ubtvfans.com,direct-hls,true,true,retest-existing-hls,,,https://z3.ubtvfans.com/live/rx3/65/f07a342d8e316ab81f1b37ae7a0bf1f1/index.m3u8
彩虹频道,彩虹频道,私密頻道_7708,sources/live-base.txt,durable-base-hls,彩虹频道,z3.ubtvfans.com,direct-hls,true,true,retest-existing-hls,,,https://z3.ubtvfans.com/live/rx5/2914/970e6b93d6cf6a4c26b6adfcc6b05445/index.m3u8
彩虹频道,彩虹频道,私密頻道_7708,sources/live-cleaned-backup.txt,durable-cleaned-backup-hls,彩虹频道,z3.ubtvfans.com,direct-hls,true,true,retest-existing-hls,,,https://z3.ubtvfans.com/live/rx5/2914/970e6b93d6cf6a4c26b6adfcc6b05445/index.m3u8
彩虹e,彩虹E,私密頻道_7708,sources/live-base.txt,durable-base-hls,彩虹E,z3.ubtvfans.com,direct-hls,true,true,retest-existing-hls,,,https://z3.ubtvfans.com/live/rx3/406/03c7100e4af027d56d4a65f2ac40740d/index.m3u8
彩虹e,彩虹E,私密頻道_7708,sources/live-base.txt,durable-base-hls,彩虹E,z3.ubtvfans.com,direct-hls,true,true,retest-existing-hls,,,https://z3.ubtvfans.com/live/rx4/2935/e950ccd5217296d1dbe7590e56dc1499/index.m3u8
彩虹e,彩虹E,私密頻道_7708,sources/live-cleaned-backup.txt,durable-cleaned-backup-hls,彩虹E,z3.ubtvfans.com,direct-hls,true,true,retest-existing-hls,,,https://z3.ubtvfans.com/live/rx3/406/03c7100e4af027d56d4a65f2ac40740d/index.m3u8
彩虹e,彩虹E,私密頻道_7708,sources/live-cleaned-backup.txt,durable-cleaned-backup-hls,彩虹E,z3.ubtvfans.com,direct-hls,true,true,retest-existing-hls,,,https://z3.ubtvfans.com/live/rx4/2935/e950ccd5217296d1dbe7590e56dc1499/index.m3u8
彩虹k,彩虹K,私密頻道_7708,sources/live-base.txt,durable-base-hls,彩虹K,z3.ubtvfans.com,direct-hls,true,true,retest-existing-hls,,,https://z3.ubtvfans.com/live/rx3/415/15b51d347d222d169964b2bcf3535be2/index.m3u8
彩虹k,彩虹K,私密頻道_7708,sources/live-cleaned-backup.txt,durable-cleaned-backup-hls,彩虹K,z3.ubtvfans.com,direct-hls,true,true,retest-existing-hls,,,https://z3.ubtvfans.com/live/rx3/415/15b51d347d222d169964b2bcf3535be2/index.m3u8
探索亞洲,探索亞洲,台灣頻道,sources/live-base.txt,durable-base-hls,探索亞洲,z3.ubtvfans.com,direct-hls,true,true,retest-existing-hls,,,https://z3.ubtvfans.com/live/rx3/306/ad21499f25b3f4bfbe62fb439cbd3a57/index.m3u8
探索亞洲,探索亞洲,台灣頻道,sources/live-cleaned-backup.txt,durable-cleaned-backup-hls,探索亞洲,z3.ubtvfans.com,direct-hls,true,true,retest-existing-hls,,,https://z3.ubtvfans.com/live/rx3/306/ad21499f25b3f4bfbe62fb439cbd3a57/index.m3u8
探索科學,探索科學,台灣頻道,sources/live-base.txt,durable-base-hls,探索科學,z3.ubtvfans.com,direct-hls,true,true,retest-existing-hls,,,https://z3.ubtvfans.com/live/rx6/343/e40c9b745506f250ea2cde9645e7389f/index.m3u8
探索科學,探索科學,台灣頻道,sources/live-cleaned-backup.txt,durable-cleaned-backup-hls,探索科學,z3.ubtvfans.com,direct-hls,true,true,retest-existing-hls,,,https://z3.ubtvfans.com/live/rx6/343/e40c9b745506f250ea2cde9645e7389f/index.m3u8
探索頻道,探索頻道,台灣頻道,sources/live-base.txt,durable-base-hls,探索頻道,z3.ubtvfans.com,direct-hls,true,true,retest-existing-hls,,,https://z3.ubtvfans.com/live/rx3/2817/f14914cf9bc42270aded58cd56f02d8c/index.m3u8
探索頻道,探索頻道,台灣頻道,sources/live-cleaned-backup.txt,durable-cleaned-backup-hls,探索頻道,z3.ubtvfans.com,direct-hls,true,true,retest-existing-hls,,,https://z3.ubtvfans.com/live/rx3/2817/f14914cf9bc42270aded58cd56f02d8c/index.m3u8
深圳卫视,深圳卫视,大陸頻道,sources/live-base.txt,durable-base-hls,深圳卫视,z3.ubtvfans.com,direct-hls,true,true,retest-existing-hls,,,https://z3.ubtvfans.com/live/rx2/230/c4b0d6dadd4fac13ff746a2e5e7cee83/index.m3u8
深圳卫视,深圳卫视,大陸頻道,sources/live-base.txt,durable-base-hls,深圳卫视,z3.ubtvfans.com,direct-hls,true,true,retest-existing-hls,,,https://z3.ubtvfans.com/live/rx3/3230/e12a93c71dce2b6da91a6ca75a8bec83/index.m3u8
深圳卫视,深圳卫视,大陸頻道,sources/live-cleaned-backup.txt,durable-cleaned-backup-hls,深圳卫视,z3.ubtvfans.com,direct-hls,true,true,retest-existing-hls,,,https://z3.ubtvfans.com/live/rx2/230/c4b0d6dadd4fac13ff746a2e5e7cee83/index.m3u8
深圳卫视,深圳卫视,大陸頻道,sources/live-cleaned-backup.txt,durable-cleaned-backup-hls,深圳卫视,z3.ubtvfans.com,direct-hls,true,true,retest-existing-hls,,,https://z3.ubtvfans.com/live/rx3/3230/e12a93c71dce2b6da91a6ca75a8bec83/index.m3u8
視納華仁紀實,視納華仁紀實,台灣頻道,sources/live-base.txt,durable-base-hls,視納華仁紀實,z3.ubtvfans.com,direct-hls,true,true,retest-existing-hls,,,https://z3.ubtvfans.com/live/rx1/91/5f5a81fcaab01cb8def6c948247dcd6e/index.m3u8
視納華仁紀實,視納華仁紀實,台灣頻道,sources/live-cleaned-backup.txt,durable-cleaned-backup-hls,視納華仁紀實,z3.ubtvfans.com,direct-hls,true,true,retest-existing-hls,,,https://z3.ubtvfans.com/live/rx1/91/5f5a81fcaab01cb8def6c948247dcd6e/index.m3u8
麻豆,麻豆,私密頻道_7708,sources/live-base.txt,durable-base-hls,麻豆,z3.ubtvfans.com,direct-hls,true,true,retest-existing-hls,,,https://z3.ubtvfans.com/live/rx1/3188/a18cb112b8da206c050b76593d115a99/index.m3u8
麻豆,麻豆,私密頻道_7708,sources/live-cleaned-backup.txt,durable-cleaned-backup-hls,麻豆,z3.ubtvfans.com,direct-hls,true,true,retest-existing-hls,,,https://z3.ubtvfans.com/live/rx1/3188/a18cb112b8da206c050b76593d115a99/index.m3u8
麻豆大番,麻豆大番,私密頻道_7708,sources/live-base.txt,durable-base-hls,麻豆大番,z3.ubtvfans.com,direct-hls,true,true,retest-existing-hls,,,https://z3.ubtvfans.com/live/rx1/3184/d7ec9e74daa6ffab755743705cf460eb/index.m3u8
麻豆大番,麻豆大番,私密頻道_7708,sources/live-cleaned-backup.txt,durable-cleaned-backup-hls,麻豆大番,z3.ubtvfans.com,direct-hls,true,true,retest-existing-hls,,,https://z3.ubtvfans.com/live/rx1/3184/d7ec9e74daa6ffab755743705cf460eb/index.m3u8
麻豆外番,麻豆外番,私密頻道_7708,sources/live-base.txt,durable-base-hls,麻豆外番,z3.ubtvfans.com,direct-hls,true,true,retest-existing-hls,,,https://z3.ubtvfans.com/live/rx4/3189/2127a42b885dafbe1d1eba979e3dbe60/index.m3u8
麻豆外番,麻豆外番,私密頻道_7708,sources/live-cleaned-backup.txt,durable-cleaned-backup-hls,麻豆外番,z3.ubtvfans.com,direct-hls,true,true,retest-existing-hls,,,https://z3.ubtvfans.com/live/rx4/3189/2127a42b885dafbe1d1eba979e3dbe60/index.m3u8
博斯高球1,博斯高球1,體育頻道,sources/live-base.txt,durable-base-hls,博斯高球1,z3.ubtvfans.com,direct-hls,true,true,retest-existing-hls,,,https://z3.ubtvfans.com/live/rx3/377/9fed1fb66d607a41c280d4e4cad2389d/index.m3u8
博斯高球1,博斯高球1,體育頻道,sources/live-cleaned-backup.txt,durable-cleaned-backup-hls,博斯高球1,z3.ubtvfans.com,direct-hls,true,true,retest-existing-hls,,,https://z3.ubtvfans.com/live/rx3/377/9fed1fb66d607a41c280d4e4cad2389d/index.m3u8
博斯高球2,博斯高球2,體育頻道,sources/live-base.txt,durable-base-hls,博斯高球2,z3.ubtvfans.com,direct-hls,true,true,retest-existing-hls,,,https://z3.ubtvfans.com/live/rx6/378/f474417cd0fdf7ec39a67a97ed9bdab7/index.m3u8
博斯高球2,博斯高球2,體育頻道,sources/live-cleaned-backup.txt,durable-cleaned-backup-hls,博斯高球2,z3.ubtvfans.com,direct-hls,true,true,retest-existing-hls,,,https://z3.ubtvfans.com/live/rx6/378/f474417cd0fdf7ec39a67a97ed9bdab7/index.m3u8
博斯無限,博斯無限,台灣頻道,sources/live-base.txt,durable-base-hls,博斯無限,z3.ubtvfans.com,direct-hls,true,true,retest-existing-hls,,,https://z3.ubtvfans.com/live/rx6/2797/4cb17d82f4c67ca86c2f6e12de19317c/index.m3u8
博斯無限,博斯無限,台灣頻道,sources/live-cleaned-backup.txt,durable-cleaned-backup-hls,博斯無限,z3.ubtvfans.com,direct-hls,true,true,retest-existing-hls,,,https://z3.ubtvfans.com/live/rx6/2797/4cb17d82f4c67ca86c2f6e12de19317c/index.m3u8
博斯無限2,博斯無限2,台灣頻道,sources/live-base.txt,durable-base-hls,博斯無限2,z3.ubtvfans.com,direct-hls,true,true,retest-existing-hls,,,https://z3.ubtvfans.com/live/rx3/2798/7d1e878616783f9d6823909dab06c95a/index.m3u8
博斯無限2,博斯無限2,台灣頻道,sources/live-base.txt,durable-base-hls,博斯無限2,z3.ubtvfans.com,direct-hls,true,true,retest-existing-hls,,,https://z3.ubtvfans.com/live/rx3/426/4def3ac7fd73c38f7d7bade4c1d2b89d/index.m3u8
博斯無限2,博斯無限2,台灣頻道,sources/live-cleaned-backup.txt,durable-cleaned-backup-hls,博斯無限2,z3.ubtvfans.com,direct-hls,true,true,retest-existing-hls,,,https://z3.ubtvfans.com/live/rx3/426/4def3ac7fd73c38f7d7bade4c1d2b89d/index.m3u8
博斯無限2,博斯無限2,台灣頻道,sources/live-cleaned-backup.txt,durable-cleaned-backup-hls,博斯無限2,z3.ubtvfans.com,direct-hls,true,true,retest-existing-hls,,,https://z3.ubtvfans.com/live/rx3/2798/7d1e878616783f9d6823909dab06c95a/index.m3u8
博斯運動1,博斯運動1,台灣頻道,sources/live-base.txt,durable-base-hls,博斯運動1,z3.ubtvfans.com,direct-hls,true,true,retest-existing-hls,,,https://z3.ubtvfans.com/live/rx3/379/0cb407c53b7fbc6b12b8d2eb8e72bbaa/index.m3u8
博斯運動1,博斯運動1,台灣頻道,sources/live-cleaned-backup.txt,durable-cleaned-backup-hls,博斯運動1,z3.ubtvfans.com,direct-hls,true,true,retest-existing-hls,,,https://z3.ubtvfans.com/live/rx3/379/0cb407c53b7fbc6b12b8d2eb8e72bbaa/index.m3u8
博斯運動2,博斯運動2,台灣頻道,sources/live-base.txt,durable-base-hls,博斯運動2,z3.ubtvfans.com,direct-hls,true,true,retest-existing-hls,,,https://z3.ubtvfans.com/live/rx3/380/f4e21159a155276b921ba3c252c3f4e2/index.m3u8
博斯運動2,博斯運動2,台灣頻道,sources/live-cleaned-backup.txt,durable-cleaned-backup-hls,博斯運動2,z3.ubtvfans.com,direct-hls,true,true,retest-existing-hls,,,https://z3.ubtvfans.com/live/rx3/380/f4e21159a155276b921ba3c252c3f4e2/index.m3u8
博斯網球,博斯網球,體育頻道,sources/live-base.txt,durable-base-hls,博斯網球,z3.ubtvfans.com,direct-hls,true,true,retest-existing-hls,,,https://z3.ubtvfans.com/live/rx3/498/e7c046d047204575f57e3fe7452c6474/index.m3u8
博斯網球,博斯網球,體育頻道,sources/live-cleaned-backup.txt,durable-cleaned-backup-hls,博斯網球,z3.ubtvfans.com,direct-hls,true,true,retest-existing-hls,,,https://z3.ubtvfans.com/live/rx3/498/e7c046d047204575f57e3fe7452c6474/index.m3u8
博斯網球備,博斯網球-備,體育頻道,sources/live-base.txt,durable-base-hls,博斯網球-備,z3.ubtvfans.com,direct-hls,true,true,retest-existing-hls,,,https://z3.ubtvfans.com/live/rx3/3290/31ecb54d033aeebd6ffaa60bf8d71f17/index.m3u8
博斯網球備,博斯網球-備,體育頻道,sources/live-cleaned-backup.txt,durable-cleaned-backup-hls,博斯網球-備,z3.ubtvfans.com,direct-hls,true,true,retest-existing-hls,,,https://z3.ubtvfans.com/live/rx3/3290/31ecb54d033aeebd6ffaa60bf8d71f17/index.m3u8
博斯魅力,博斯魅力,體育頻道,sources/live-base.txt,durable-base-hls,博斯魅力,z3.ubtvfans.com,direct-hls,true,true,retest-existing-hls,,,https://z3.ubtvfans.com/live/rx3/175/4a82a0caa617c0887e2cd349f2d8588e/index.m3u8
博斯魅力,博斯魅力,體育頻道,sources/live-cleaned-backup.txt,durable-cleaned-backup-hls,博斯魅力,z3.ubtvfans.com,direct-hls,true,true,retest-existing-hls,,,https://z3.ubtvfans.com/live/rx3/175/4a82a0caa617c0887e2cd349f2d8588e/index.m3u8
壹新聞,壹新聞,台灣頻道,sources/live-base.txt,durable-base-hls,壹新聞,z3.ubtvfans.com,direct-hls,true,true,retest-existing-hls,,,https://z3.ubtvfans.com/live/rx2/2777/12a7cea75470b6378c3dbdb8383c1450/index.m3u8
壹新聞,壹新聞,台灣頻道,sources/live-cleaned-backup.txt,durable-cleaned-backup-hls,壹新聞,z3.ubtvfans.com,direct-hls,true,true,retest-existing-hls,,,https://z3.ubtvfans.com/live/rx2/2777/12a7cea75470b6378c3dbdb8383c1450/index.m3u8
壹新聞2,壹新聞-2,台灣頻道,sources/live-base.txt,durable-base-hls,壹新聞-2,z3.ubtvfans.com,direct-hls,true,true,retest-existing-hls,,,https://z3.ubtvfans.com/live/rx6/494/6e7c4ac54d85749437abf40a376a7654/index.m3u8
壹新聞2,壹新聞-2,台灣頻道,sources/live-cleaned-backup.txt,durable-cleaned-backup-hls,壹新聞-2,z3.ubtvfans.com,direct-hls,true,true,retest-existing-hls,,,https://z3.ubtvfans.com/live/rx6/494/6e7c4ac54d85749437abf40a376a7654/index.m3u8
壹電影,壹電影,台灣頻道,sources/live-base.txt,durable-base-hls,壹電影,z3.ubtvfans.com,direct-hls,true,true,retest-existing-hls,,,https://z3.ubtvfans.com/live/rx6/2284/a29bcfcffdbe7fd36e9d244160559478/index.m3u8
壹電影,壹電影,台灣頻道,sources/live-cleaned-backup.txt,durable-cleaned-backup-hls,壹電影,z3.ubtvfans.com,direct-hls,true,true,retest-existing-hls,,,https://z3.ubtvfans.com/live/rx6/2284/a29bcfcffdbe7fd36e9d244160559478/index.m3u8
奥视频道,奥视频道,私密頻道_7708,sources/live-base.txt,durable-base-hls,奥视频道,z3.ubtvfans.com,direct-hls,true,true,retest-existing-hls,,,https://z3.ubtvfans.com/live/rx5/2915/97f674dacae533e3aea1346bf062d60c/index.m3u8
奥视频道,奥视频道,私密頻道_7708,sources/live-cleaned-backup.txt,durable-cleaned-backup-hls,奥视频道,z3.ubtvfans.com,direct-hls,true,true,retest-existing-hls,,,https://z3.ubtvfans.com/live/rx5/2915/97f674dacae533e3aea1346bf062d60c/index.m3u8
奥视频道2,奥视频道2,私密頻道_7708,sources/live-base.txt,durable-base-hls,奥视频道2,z3.ubtvfans.com,direct-hls,true,true,retest-existing-hls,,,https://z3.ubtvfans.com/live/rx5/2916/e6fef1f52b41a9f7c8661ce1a3ac95b8/index.m3u8
奥视频道2,奥视频道2,私密頻道_7708,sources/live-cleaned-backup.txt,durable-cleaned-backup-hls,奥视频道2,z3.ubtvfans.com,direct-hls,true,true,retest-existing-hls,,,https://z3.ubtvfans.com/live/rx5/2916/e6fef1f52b41a9f7c8661ce1a3ac95b8/index.m3u8
湖北卫视,湖北卫视,大陸頻道,sources/live-base.txt,durable-base-hls,湖北卫视,z3.ubtvfans.com,direct-hls,true,true,retest-existing-hls,,,https://z3.ubtvfans.com/live/rx2/227/fb548e752900073f95c0c5097172a196/index.m3u8
湖北卫视,湖北卫视,大陸頻道,sources/live-base.txt,durable-base-hls,湖北卫视,z3.ubtvfans.com,direct-hls,true,true,retest-existing-hls,,,https://z3.ubtvfans.com/live/rx3/3229/5230264e6e03c38f5afbdb476f2ea1c1/index.m3u8
湖北卫视,湖北卫视,大陸頻道,sources/live-cleaned-backup.txt,durable-cleaned-backup-hls,湖北卫视,z3.ubtvfans.com,direct-hls,true,true,retest-existing-hls,,,https://z3.ubtvfans.com/live/rx2/227/fb548e752900073f95c0c5097172a196/index.m3u8
湖北卫视,湖北卫视,大陸頻道,sources/live-cleaned-backup.txt,durable-cleaned-backup-hls,湖北卫视,z3.ubtvfans.com,direct-hls,true,true,retest-existing-hls,,,https://z3.ubtvfans.com/live/rx3/3229/5230264e6e03c38f5afbdb476f2ea1c1/index.m3u8
湖南卫视,湖南卫视,大陸頻道,sources/live-base.txt,durable-base-hls,湖南卫视,z3.ubtvfans.com,direct-hls,true,true,retest-existing-hls,,,https://z3.ubtvfans.com/live/rx2/3228/f96c84d221d0d3764ab60e758b48b7e4/index.m3u8
湖南卫视,湖南卫视,大陸頻道,sources/live-base.txt,durable-base-hls,湖南卫视,z3.ubtvfans.com,direct-hls,true,true,retest-existing-hls,,,https://z3.ubtvfans.com/live/rx6/226/ad82d9285c2acff306c5ffb799d5c973/index.m3u8
湖南卫视,湖南卫视,大陸頻道,sources/live-cleaned-backup.txt,durable-cleaned-backup-hls,湖南卫视,z3.ubtvfans.com,direct-hls,true,true,retest-existing-hls,,,https://z3.ubtvfans.com/live/rx6/226/ad82d9285c2acff306c5ffb799d5c973/index.m3u8
湖南卫视,湖南卫视,大陸頻道,sources/live-cleaned-backup.txt,durable-cleaned-backup-hls,湖南卫视,z3.ubtvfans.com,direct-hls,true,true,retest-existing-hls,,,https://z3.ubtvfans.com/live/rx2/3228/f96c84d221d0d3764ab60e758b48b7e4/index.m3u8
猫先生,猫先生,私密頻道_7708,sources/live-base.txt,durable-base-hls,猫先生,z3.ubtvfans.com,direct-hls,true,true,retest-existing-hls,,,https://z3.ubtvfans.com/live/rx5/3161/303fd4cabb41fbf7193947b6d5e79036/index.m3u8
猫先生,猫先生,私密頻道_7708,sources/live-cleaned-backup.txt,durable-cleaned-backup-hls,猫先生,z3.ubtvfans.com,direct-hls,true,true,retest-existing-hls,,,https://z3.ubtvfans.com/live/rx5/3161/303fd4cabb41fbf7193947b6d5e79036/index.m3u8
華納電影,華納電影,台灣頻道,sources/live-base.txt,durable-base-hls,華納電影,z3.ubtvfans.com,direct-hls,true,true,retest-existing-hls,,,https://z3.ubtvfans.com/live/rx3/83/98960122595644b31722c56423008543/index.m3u8
華納電影,華納電影,台灣頻道,sources/live-cleaned-backup.txt,durable-cleaned-backup-hls,華納電影,z3.ubtvfans.com,direct-hls,true,true,retest-existing-hls,,,https://z3.ubtvfans.com/live/rx3/83/98960122595644b31722c56423008543/index.m3u8
華視,華視,台灣頻道,sources/live-base.txt,durable-base-hls,華視,z3.ubtvfans.com,direct-hls,true,true,retest-existing-hls,,,https://z3.ubtvfans.com/live/rx6/3490/029743edbc3dc8c853778b892c227f31/index.m3u8
華視,華視,台灣頻道,sources/live-cleaned-backup.txt,durable-cleaned-backup-hls,華視,z3.ubtvfans.com,direct-hls,true,true,retest-existing-hls,,,https://z3.ubtvfans.com/live/rx6/3490/029743edbc3dc8c853778b892c227f31/index.m3u8
華視公眾安全資訊觀測站,華視公眾安全資訊觀測站,YouTube新聞台,sources/youtube-live-channels.csv,durable-youtube-page,華視公眾安全資訊觀測站,www.youtube.com,youtube-page,true,true,resolve-with-yt-dlp,,meHTKm4XBS8,https://www.youtube.com/watch?v=meHTKm4XBS8
華視公眾安全資訊觀測站,華視公眾安全資訊觀測站,YouTube新聞台,sources/live-youtube-stable.txt,generated-youtube-hls,020 華視公眾安全資訊觀測站,manifest.googlevideo.com,youtube-generated-hls,false,false,generated-short-lived,2026-06-22T21:48:24.000Z,meHTKm4XBS8,"https://manifest.googlevideo.com/api/manifest/hls_playlist/expire/1782164904/ei/SFk5atDWN-bEpt8P8-uR6QM/ip/114.42.199.53/id/meHTKm4XBS8.2/itag/94/source/yt_live_broadcast/requiressl/yes/ratebypass/yes/live/1/sgoap/gir%3Dyes%3Bitag%3D140/sgovp/gir%3Dyes%3Bitag%3D135/rqh/1/hls_chunk_host/rr3---sn-ipoxu-umbee.googlevideo.com/xpc/EgVo2aDSNQ%3D%3D/bui/ARmQxEXL2VlPEsc8EL6z56I-AwzorWs2ZziU_qMVCLJaCbOFI6bqk3xmIh1zk9yY3jXdZIxKDTYMDuPZ/spc/SQ-umgLdyzZkhbMBA-Z3R7F52y4sR_DFB3qH2ftof_pRoaU/vprv/1/reg/0/playlist_type/LIVE/initcwndbps/2605000/met/1782143305,/mh/1h/mm/44/mn/sn-ipoxu-umbee/ms/lva/mv/m/mvi/3/pl/24/rms/lva,lva/dover/11/pacing/0/keepalive/yes/fexp/51565116,51565682,51946838,51987687/mt/1782142835/sparams/expire,ei,ip,id,itag,source,requiressl,ratebypass,live,sgoap,sgovp,rqh,xpc,bui,spc,vprv,reg,playlist_type/sig/AHEqNM4wRAIgLS8LYyt0RRFRlJUw-3ikQcD-7nXsFj5fSrydqXkIQ4cCIHbrQi0GJbjT364EFSTHhOpdfuWTg6qtVThvUE57Jf9Y/lsparams/hls_chunk_host,initcwndbps,met,mh,mm,mn,ms,mv,mvi,pl,rms/lsig/APaTxxMwRQIgBcmwjQPyoG-6fR7fOp9Wj_kga4xZDQxlTpk0hwFOmi8CIQD83tXFMRJGi1Gl3DLgyafzaNr-ArNYx-Ev-zYrUMG8Dw%3D%3D/playlist/index.m3u8"
華視新聞,華視新聞,台灣頻道 | YouTube新聞台,sources/live-base.txt,durable-base-hls,華視新聞,z3.ubtvfans.com,direct-hls,true,true,retest-existing-hls,,,https://z3.ubtvfans.com/live/rx6/2424/2943dc77f58d457f3da645f8991427ca/index.m3u8
華視新聞,華視新聞,台灣頻道 | YouTube新聞台,sources/live-base.txt,durable-base-hls,華視新聞,z3.ubtvfans.com,direct-hls,true,true,retest-existing-hls,,,https://z3.ubtvfans.com/live/rx4/1171/a48f09be0bef9277ec710911335341fb/index.m3u8
華視新聞,華視新聞,台灣頻道 | YouTube新聞台,sources/live-cleaned-backup.txt,durable-cleaned-backup-hls,華視新聞,z3.ubtvfans.com,direct-hls,true,true,retest-existing-hls,,,https://z3.ubtvfans.com/live/rx6/2424/2943dc77f58d457f3da645f8991427ca/index.m3u8
華視新聞,華視新聞,台灣頻道 | YouTube新聞台,sources/live-cleaned-backup.txt,durable-cleaned-backup-hls,華視新聞,z3.ubtvfans.com,direct-hls,true,true,retest-existing-hls,,,https://z3.ubtvfans.com/live/rx4/1171/a48f09be0bef9277ec710911335341fb/index.m3u8
華視新聞,華視新聞,台灣頻道 | YouTube新聞台,sources/youtube-live-channels.csv,durable-youtube-page,華視新聞,www.youtube.com,youtube-page,true,true,resolve-with-yt-dlp,,wM0g8EoUZ_E,https://www.youtube.com/watch?v=wM0g8EoUZ_E
華視新聞,華視新聞,台灣頻道 | YouTube新聞台,sources/live-youtube-stable.txt,generated-youtube-hls,019 華視新聞,manifest.googlevideo.com,youtube-generated-hls,false,false,generated-short-lived,2026-06-22T21:48:22.000Z,wM0g8EoUZ_E,"https://manifest.googlevideo.com/api/manifest/hls_playlist/expire/1782164902/ei/Rlk5aq6nIPCJ1d8P48KAkQM/ip/114.42.199.53/id/wM0g8EoUZ_E.6/itag/94/source/yt_live_broadcast/requiressl/yes/ratebypass/yes/live/1/sgoap/gir%3Dyes%3Bitag%3D140/sgovp/gir%3Dyes%3Bitag%3D135/rqh/1/hls_chunk_host/rr4---sn-ipoxu-umbee.googlevideo.com/xpc/EgVo2aDSNQ%3D%3D/playlist_duration/30/manifest_duration/30/bui/ARmQxEVVNKlD1aCjI1Osyn5qOisyrSb7pjeoGUnrjBZ5URKEOdnnJRL9jdX7LWAKfTYMP-lb8soQqAo_/spc/SQ-umn0yVdGNSPd_Ijx5CFly3HHF00ybWmjZ4sYMpoQ0c2wtQQ/vprv/1/reg/0/playlist_type/DVR/initcwndbps/2605000/met/1782143302,/mh/93/mm/44/mn/sn-ipoxu-umbee/ms/lva/mv/m/mvi/4/pl/24/rms/lva,lva/dover/11/pacing/0/keepalive/yes/fexp/51565116,51565681,51987687/mt/1782142835/sparams/expire,ei,ip,id,itag,source,requiressl,ratebypass,live,sgoap,sgovp,rqh,xpc,playlist_duration,manifest_duration,bui,spc,vprv,reg,playlist_type/sig/AHEqNM4wRQIgbEdMkL0JkOsUzpoGVKcd_od3CeBsCCUAxJXBhd3QsVsCIQDoW4JBjO5ccCz79RiD0TGCHXwOSk4-XBKuymE9uXiifw%3D%3D/lsparams/hls_chunk_host,initcwndbps,met,mh,mm,mn,ms,mv,mvi,pl,rms/lsig/APaTxxMwRgIhAPgrbr-XU_bSkThwjjaAGBafU50ttPYTSg1saaH32a1FAiEAroKEHn-UN_iECquhLdQtnQeKGDIgOgUDXF-TjNJDudk%3D/playlist/index.m3u8"
華視綜藝頻道,華視綜藝頻道,YouTube綜合娛樂,sources/youtube-live-channels.csv,durable-youtube-page,華視綜藝頻道,www.youtube.com,youtube-page,true,true,resolve-with-yt-dlp,,0ePhPlTJbGo,https://www.youtube.com/watch?v=0ePhPlTJbGo
華視綜藝頻道,華視綜藝頻道,YouTube綜合娛樂,sources/live-youtube-stable.txt,generated-youtube-hls,036 華視綜藝頻道,manifest.googlevideo.com,youtube-generated-hls,false,false,generated-short-lived,2026-06-22T21:49:06.000Z,0ePhPlTJbGo,"https://manifest.googlevideo.com/api/manifest/hls_playlist/expire/1782164946/ei/clk5aoYkgJTV3w__gYYx/ip/114.42.199.53/id/0ePhPlTJbGo.3/itag/94/source/yt_live_broadcast/requiressl/yes/ratebypass/yes/live/1/sgoap/gir%3Dyes%3Bitag%3D140/sgovp/gir%3Dyes%3Bitag%3D135/rqh/1/hls_chunk_host/rr1---sn-ipoxu-umbk.googlevideo.com/xpc/EgVo2aDSNQ%3D%3D/bui/ARmQxEVDPGZaGQaN8EvI5uCpDtlMSbtrX_4oQ_eumhnW8JhArxm3UQsr-YufTnuJmXzTwpU_9aadBu1p/spc/SQ-umrcm__sqGa3OJaK5MXUXm503FdpUY_YRe2cualy3YIYEbA/vprv/1/reg/0/playlist_type/DVR/initcwndbps/2872500/met/1782143346,/mh/yB/mm/44/mn/sn-ipoxu-umbk/ms/lva/mv/m/mvi/1/pl/24/rms/lva,lva/dover/11/pacing/0/keepalive/yes/fexp/51565115,51565682,51987687/mt/1782142835/sparams/expire,ei,ip,id,itag,source,requiressl,ratebypass,live,sgoap,sgovp,rqh,xpc,bui,spc,vprv,reg,playlist_type/sig/AHEqNM4wRAIgBXdAnzskODxV9zeXAnoeR5MT0mL9wdb-IuJaaku1mEkCIBtzG44Ql9c7mGYcpgz7qkq4wNjtwOEtbAwgheSesXmk/lsparams/hls_chunk_host,initcwndbps,met,mh,mm,mn,ms,mv,mvi,pl,rms/lsig/APaTxxMwRAIgaOqDeyoxQf8-pXkUhiz2SOQ5neVZD0y3IkDxXNYH2hMCIAOrISjV_YF-yULi4oK05-UCTWSUEZRge_RA3fMVRim3/playlist/index.m3u8"
華視戲劇頻道,華視戲劇頻道,YouTube新聞台,sources/youtube-live-channels.csv,durable-youtube-page,華視戲劇頻道,www.youtube.com,youtube-page,true,true,resolve-with-yt-dlp,,6ZowCmLBcMY,https://www.youtube.com/watch?v=6ZowCmLBcMY
華視戲劇頻道,華視戲劇頻道,YouTube新聞台,sources/live-youtube-stable.txt,generated-youtube-hls,025 華視戲劇頻道,manifest.googlevideo.com,youtube-generated-hls,false,false,generated-short-lived,2026-06-22T21:48:38.000Z,6ZowCmLBcMY,"https://manifest.googlevideo.com/api/manifest/hls_playlist/expire/1782164918/ei/Vlk5aoGEE5OdvcAP88LN0QE/ip/114.42.199.53/id/6ZowCmLBcMY.1/itag/94/source/yt_live_broadcast/requiressl/yes/ratebypass/yes/live/1/sgoap/gir%3Dyes%3Bitag%3D140/sgovp/gir%3Dyes%3Bitag%3D135/rqh/1/hls_chunk_host/rr5---sn-ipoxu-umbk.googlevideo.com/xpc/EgVo2aDSNQ%3D%3D/playlist_duration/30/manifest_duration/30/bui/ARmQxEWdrdO1TgLSAsn0Tfya-czebxObrVJFP5IfJfIWo72vhDZgeOhA96dv4e47-1K_KJQD8E-4xA1D/spc/SQ-umkEDNrvVcv2Gljfa9dM0tTQsQUy8QGcrGSYGIBMRNH3DqA/vprv/1/reg/0/playlist_type/DVR/initcwndbps/2872500/met/1782143318,/mh/2X/mm/44/mn/sn-ipoxu-umbk/ms/lva/mv/m/mvi/5/pcm2cms/yes/pl/24/rms/lva,lva/dover/11/pacing/0/keepalive/yes/fexp/51565115,51565681,51987687/mt/1782142835/sparams/expire,ei,ip,id,itag,source,requiressl,ratebypass,live,sgoap,sgovp,rqh,xpc,playlist_duration,manifest_duration,bui,spc,vprv,reg,playlist_type/sig/AHEqNM4wRAIgNyiXHOs-tNQ_O2kIkPk8hmsC3GnrENs0WkURGrquTfMCIGv_6HonRNnHzMB3mtVVwEt7A8CCAVMUh-APxDGzpKwp/lsparams/hls_chunk_host,initcwndbps,met,mh,mm,mn,ms,mv,mvi,pcm2cms,pl,rms/lsig/APaTxxMwRQIhAJ0Pvz53dfKu-4pwxL2jMszRf61QWoJMbn6kTyI_NEwEAiAN4cnV5O5fZYGJDhDFXzGM_zRitnNevebO3QNpm5nf3Q%3D%3D/playlist/index.m3u8"
華藏電視,華藏電視,音樂宗教,sources/live-base.txt,durable-base-hls,華藏電視,z3.ubtvfans.com,direct-hls,true,true,retest-existing-hls,,,https://z3.ubtvfans.com/live/rx1/1053/a156223edbc64772a8b8b2ed75725c80/index.m3u8
華藏電視,華藏電視,音樂宗教,sources/live-cleaned-backup.txt,durable-cleaned-backup-hls,華藏電視,z3.ubtvfans.com,direct-hls,true,true,retest-existing-hls,,,https://z3.ubtvfans.com/live/rx1/1053/a156223edbc64772a8b8b2ed75725c80/index.m3u8
華麗,華麗,新馬頻道,sources/live-base.txt,durable-base-hls,華麗,z3.ubtvfans.com,direct-hls,true,true,retest-existing-hls,,,https://z3.ubtvfans.com/live/rx3/429/28fb7b3f081abf55f79ec2e5cb42d73a/index.m3u8
華麗,華麗,新馬頻道,sources/live-cleaned-backup.txt,durable-cleaned-backup-hls,華麗,z3.ubtvfans.com,direct-hls,true,true,retest-existing-hls,,,https://z3.ubtvfans.com/live/rx3/429/28fb7b3f081abf55f79ec2e5cb42d73a/index.m3u8
韩国三级1,韩国三级 1,私密頻道_7708,sources/live-base.txt,durable-base-hls,韩国三级 1,z3.ubtvfans.com,direct-hls,true,true,retest-existing-hls,,,https://z3.ubtvfans.com/live/rx5/3193/4ca82b148c5599e6a5407bd3bebfa97c/index.m3u8
韩国三级1,韩国三级 1,私密頻道_7708,sources/live-cleaned-backup.txt,durable-cleaned-backup-hls,韩国三级 1,z3.ubtvfans.com,direct-hls,true,true,retest-existing-hls,,,https://z3.ubtvfans.com/live/rx5/3193/4ca82b148c5599e6a5407bd3bebfa97c/index.m3u8
韩国三级2,韩国三级 2,私密頻道_7708,sources/live-base.txt,durable-base-hls,韩国三级 2,z3.ubtvfans.com,direct-hls,true,true,retest-existing-hls,,,https://z3.ubtvfans.com/live/rx1/3194/649809263cb13995d002d300ff7d9901/index.m3u8
韩国三级2,韩国三级 2,私密頻道_7708,sources/live-cleaned-backup.txt,durable-cleaned-backup-hls,韩国三级 2,z3.ubtvfans.com,direct-hls,true,true,retest-existing-hls,,,https://z3.ubtvfans.com/live/rx1/3194/649809263cb13995d002d300ff7d9901/index.m3u8
愛爾達影劇,愛爾達影劇,台灣頻道,sources/live-base.txt,durable-base-hls,愛爾達影劇,z3.ubtvfans.com,direct-hls,true,true,retest-existing-hls,,,https://z3.ubtvfans.com/live/rx6/500/4a12fdbbb239bc99f820525343741f38/index.m3u8
愛爾達影劇,愛爾達影劇,台灣頻道,sources/live-cleaned-backup.txt,durable-cleaned-backup-hls,愛爾達影劇,z3.ubtvfans.com,direct-hls,true,true,retest-existing-hls,,,https://z3.ubtvfans.com/live/rx6/500/4a12fdbbb239bc99f820525343741f38/index.m3u8
新唐人亞太台,新唐人亞太台,新聞頻道,sources/live-base.txt,durable-base-hls,新唐人亞太台,z3.ubtvfans.com,direct-hls,true,true,retest-existing-hls,,,https://z3.ubtvfans.com/live/rx3/10/f7240af7b6bf444cf2eef555a6917dff/index.m3u8
新唐人亞太台,新唐人亞太台,新聞頻道,sources/live-cleaned-backup.txt,durable-cleaned-backup-hls,新唐人亞太台,z3.ubtvfans.com,direct-hls,true,true,retest-existing-hls,,,https://z3.ubtvfans.com/live/rx3/10/f7240af7b6bf444cf2eef555a6917dff/index.m3u8
新唐人live,新唐人LIVE,YouTube新聞台,sources/youtube-live-channels.csv,durable-youtube-page,新唐人LIVE,www.youtube.com,youtube-page,true,true,resolve-with-yt-dlp,,Bhp_V7H5QoY,https://www.youtube.com/watch?v=Bhp_V7H5QoY
新唐人live,新唐人LIVE,YouTube新聞台,sources/live-youtube-stable.txt,generated-youtube-hls,012 新唐人LIVE,manifest.googlevideo.com,youtube-generated-hls,false,false,generated-short-lived,2026-06-22T21:48:04.000Z,Bhp_V7H5QoY,"https://manifest.googlevideo.com/api/manifest/hls_playlist/expire/1782164884/ei/NFk5apS7FeGBvcAPlIPcmQE/ip/114.42.199.53/id/Bhp_V7H5QoY.3/itag/94/source/yt_live_broadcast/requiressl/yes/ratebypass/yes/live/1/sgoap/gir%3Dyes%3Bitag%3D140/sgovp/gir%3Dyes%3Bitag%3D135/rqh/1/hls_chunk_host/rr5---sn-ipoxu-umby.googlevideo.com/xpc/EgVo2aDSNQ%3D%3D/bui/ARmQxEXFCljCAUhrOHXp80tBt6LxQRCf-I9Sb54vZlcDuqVH6P67BfsK19XC_oVGwXNWjrrEuag66tP6/spc/SQ-umuU6MfhPuC3D6fdVoKTyle-BgRs8q9Jw07bBrjcGFycJBQ/vprv/1/reg/0/playlist_type/DVR/initcwndbps/2845000/met/1782143284,/mh/Zs/mm/44/mn/sn-ipoxu-umby/ms/lva/mv/m/mvi/5/pl/24/rms/lva,lva/dover/11/pacing/0/keepalive/yes/fexp/51565115,51565681,51987687/mt/1782142835/sparams/expire,ei,ip,id,itag,source,requiressl,ratebypass,live,sgoap,sgovp,rqh,xpc,bui,spc,vprv,reg,playlist_type/sig/AHEqNM4wRgIhAKuItxdipBaGk0mQX2b8hIHLnes91LEphASVhYHjue98AiEAs7DhO3J4Cvw4s_6YllgEexpGvIeN9zHhsdii7ed4gHo%3D/lsparams/hls_chunk_host,initcwndbps,met,mh,mm,mn,ms,mv,mvi,pl,rms/lsig/APaTxxMwRgIhAKPu9E2RdeIk2htvTg_P-qEE-AEa7kq9XRqEw1w7JI7MAiEAmo26rThOmXOYTJUVGpJAMbXcxQtT51Iu8oxaDLZYjw4%3D/playlist/index.m3u8"
新時代2,新時代2,港澳頻道,sources/live-base.txt,durable-base-hls,新時代2,z3.ubtvfans.com,direct-hls,true,true,retest-existing-hls,,,https://z3.ubtvfans.com/live/rx3/1288/eed2696d74cb2b914723872dace84959/index.m3u8
新時代2,新時代2,港澳頻道,sources/live-cleaned-backup.txt,durable-cleaned-backup-hls,新時代2,z3.ubtvfans.com,direct-hls,true,true,retest-existing-hls,,,https://z3.ubtvfans.com/live/rx3/1288/eed2696d74cb2b914723872dace84959/index.m3u8
新時代東部,新時代東部,港澳頻道,sources/live-base.txt,durable-base-hls,新時代東部,z3.ubtvfans.com,direct-hls,true,true,retest-existing-hls,,,https://z3.ubtvfans.com/live/rx3/1286/64d5dfd4d910a93a2e9fc33781990a29/index.m3u8
新時代東部,新時代東部,港澳頻道,sources/live-cleaned-backup.txt,durable-cleaned-backup-hls,新時代東部,z3.ubtvfans.com,direct-hls,true,true,retest-existing-hls,,,https://z3.ubtvfans.com/live/rx3/1286/64d5dfd4d910a93a2e9fc33781990a29/index.m3u8
新疆衛視,新疆衛視,大陸頻道,sources/live-base.txt,durable-base-hls,新疆衛視,z3.ubtvfans.com,direct-hls,true,true,retest-existing-hls,,,https://z3.ubtvfans.com/live/rx2/1026/9aa91342321de0ef9884980ea2ff32c9/index.m3u8
新疆衛視,新疆衛視,大陸頻道,sources/live-cleaned-backup.txt,durable-cleaned-backup-hls,新疆衛視,z3.ubtvfans.com,direct-hls,true,true,retest-existing-hls,,,https://z3.ubtvfans.com/live/rx2/1026/9aa91342321de0ef9884980ea2ff32c9/index.m3u8
極限電影,極限電影,私密頻道_7708,sources/live-base.txt,durable-base-hls,極限電影,z3.ubtvfans.com,direct-hls,true,true,retest-existing-hls,,,https://z3.ubtvfans.com/live/rx3/405/fed61aa5af46663a552bfed2bd8c0a3f/index.m3u8
極限電影,極限電影,私密頻道_7708,sources/live-cleaned-backup.txt,durable-cleaned-backup-hls,極限電影,z3.ubtvfans.com,direct-hls,true,true,retest-existing-hls,,,https://z3.ubtvfans.com/live/rx3/405/fed61aa5af46663a552bfed2bd8c0a3f/index.m3u8
運通財經,運通財經,新聞頻道,sources/live-base.txt,durable-base-hls,運通財經,z3.ubtvfans.com,direct-hls,true,true,retest-existing-hls,,,https://z3.ubtvfans.com/live/rx1/79/1c7fe844b3ed606bc38f99a4e7628d02/index.m3u8
運通財經,運通財經,新聞頻道,sources/live-cleaned-backup.txt,durable-cleaned-backup-hls,運通財經,z3.ubtvfans.com,direct-hls,true,true,retest-existing-hls,,,https://z3.ubtvfans.com/live/rx1/79/1c7fe844b3ed606bc38f99a4e7628d02/index.m3u8
運通財經台,運通財經台,YouTube新聞台,sources/youtube-live-channels.csv,durable-youtube-page,運通財經台,www.youtube.com,youtube-page,true,true,resolve-with-yt-dlp,,dlTbFSt2spc,https://www.youtube.com/watch?v=dlTbFSt2spc
運通財經台,運通財經台,YouTube新聞台,sources/live-youtube-stable.txt,generated-youtube-hls,004 運通財經台,manifest.googlevideo.com,youtube-generated-hls,false,false,generated-short-lived,2026-06-22T21:47:45.000Z,dlTbFSt2spc,"https://manifest.googlevideo.com/api/manifest/hls_playlist/expire/1782164865/ei/IVk5arD3H_CFpt8PlKKAqAY/ip/114.42.199.53/id/dlTbFSt2spc.1/itag/94/source/yt_live_broadcast/requiressl/yes/ratebypass/yes/live/1/sgoap/gir%3Dyes%3Bitag%3D140/sgovp/gir%3Dyes%3Bitag%3D135/rqh/1/hls_chunk_host/rr4---sn-ipoxu-umbee.googlevideo.com/xpc/EgVo2aDSNQ%3D%3D/playlist_duration/30/manifest_duration/30/bui/ARmQxEU2MwblsAV-RJsYGy-ob0U4y7FaFQOfon6VvnmsWYlkB3ednAncnUfubP1Q-z-lPP9yvZmV_JQ3/spc/SQ-umimk72XeLysYDSdm98M_rnT7GtGT5qPlA3Appdxe84nN8w/vprv/1/reg/0/playlist_type/DVR/initcwndbps/2605000/met/1782143265,/mh/Nt/mm/44/mn/sn-ipoxu-umbee/ms/lva/mv/m/mvi/4/pl/24/rms/lva,lva/dover/11/pacing/0/keepalive/yes/fexp/51565116,51565682,51987687/mt/1782142835/sparams/expire,ei,ip,id,itag,source,requiressl,ratebypass,live,sgoap,sgovp,rqh,xpc,playlist_duration,manifest_duration,bui,spc,vprv,reg,playlist_type/sig/AHEqNM4wRgIhAI1xnRy2c5dg0ny2hCamytp7wLSxmgXC_mDcZpAzXl3hAiEA6Nzku62watS7ndPNwT3pRuwY-WCtSEFKcJjcSoxefoc%3D/lsparams/hls_chunk_host,initcwndbps,met,mh,mm,mn,ms,mv,mvi,pl,rms/lsig/APaTxxMwRQIgROdxtnkO5TZxEqK93scLf2GGOtA4sUPZC52OotO-75ACIQDNMW5nmnTnX-3YKbIlsM903P8Szvwes65XLIgMjpgBYA%3D%3D/playlist/index.m3u8"
靖天卡通,靖天卡通,台灣頻道,sources/live-base.txt,durable-base-hls,靖天卡通,z3.ubtvfans.com,direct-hls,true,true,retest-existing-hls,,,https://z3.ubtvfans.com/live/rx2/344/8fca89480032583239a795e0ecb06e67/index.m3u8
靖天卡通,靖天卡通,台灣頻道,sources/live-cleaned-backup.txt,durable-cleaned-backup-hls,靖天卡通,z3.ubtvfans.com,direct-hls,true,true,retest-existing-hls,,,https://z3.ubtvfans.com/live/rx2/344/8fca89480032583239a795e0ecb06e67/index.m3u8
靖天育樂,靖天育樂,台灣頻道,sources/live-base.txt,durable-base-hls,靖天育樂,z3.ubtvfans.com,direct-hls,true,true,retest-existing-hls,,,https://z3.ubtvfans.com/live/rx1/1029/c85f6ee5d96227d2d5c67c375388f8c8/index.m3u8
靖天育樂,靖天育樂,台灣頻道,sources/live-cleaned-backup.txt,durable-cleaned-backup-hls,靖天育樂,z3.ubtvfans.com,direct-hls,true,true,retest-existing-hls,,,https://z3.ubtvfans.com/live/rx1/1029/c85f6ee5d96227d2d5c67c375388f8c8/index.m3u8
靖天資訊,靖天資訊,台灣頻道,sources/live-base.txt,durable-base-hls,靖天資訊,z3.ubtvfans.com,direct-hls,true,true,retest-existing-hls,,,https://z3.ubtvfans.com/live/rx2/49/fc38ca2211690c55cc1d7ef67032429f/index.m3u8
靖天資訊,靖天資訊,台灣頻道,sources/live-cleaned-backup.txt,durable-cleaned-backup-hls,靖天資訊,z3.ubtvfans.com,direct-hls,true,true,retest-existing-hls,,,https://z3.ubtvfans.com/live/rx2/49/fc38ca2211690c55cc1d7ef67032429f/index.m3u8
靖天歡樂,靖天歡樂,台灣頻道,sources/live-base.txt,durable-base-hls,靖天歡樂,z3.ubtvfans.com,direct-hls,true,true,retest-existing-hls,,,https://z3.ubtvfans.com/live/rx1/51/ecbf0335a953590733a5acf3420ff894/index.m3u8
靖天歡樂,靖天歡樂,台灣頻道,sources/live-cleaned-backup.txt,durable-cleaned-backup-hls,靖天歡樂,z3.ubtvfans.com,direct-hls,true,true,retest-existing-hls,,,https://z3.ubtvfans.com/live/rx1/51/ecbf0335a953590733a5acf3420ff894/index.m3u8
読売テレビ,読売テレビ,にっぽん,sources/live-base.txt,durable-base-hls,読売テレビ,z3.ubtvfans.com,direct-hls,true,true,retest-existing-hls,,,https://z3.ubtvfans.com/live/rx3/198/24479ac41b68e91cd75d06e310dab1cf/index.m3u8
読売テレビ,読売テレビ,にっぽん,sources/live-cleaned-backup.txt,durable-cleaned-backup-hls,読売テレビ,z3.ubtvfans.com,direct-hls,true,true,retest-existing-hls,,,https://z3.ubtvfans.com/live/rx3/198/24479ac41b68e91cd75d06e310dab1cf/index.m3u8
関西テレビ,関西テレビ,にっぽん,sources/live-base.txt,durable-base-hls,関西テレビ,z3.ubtvfans.com,direct-hls,true,true,retest-existing-hls,,,https://z3.ubtvfans.com/live/rx3/235/350d93db7af130ba1d9c3908283f1557/index.m3u8
関西テレビ,関西テレビ,にっぽん,sources/live-cleaned-backup.txt,durable-cleaned-backup-hls,関西テレビ,z3.ubtvfans.com,direct-hls,true,true,retest-existing-hls,,,https://z3.ubtvfans.com/live/rx3/235/350d93db7af130ba1d9c3908283f1557/index.m3u8
鳳凰香港,鳳凰香港,港澳頻道,sources/live-base.txt,durable-base-hls,鳳凰香港,z3.ubtvfans.com,direct-hls,true,true,retest-existing-hls,,,https://z3.ubtvfans.com/live/rx6/2810/fa5428f7c8c4ff5954aa2255b6c34ec0/index.m3u8
鳳凰香港,鳳凰香港,港澳頻道,sources/live-cleaned-backup.txt,durable-cleaned-backup-hls,鳳凰香港,z3.ubtvfans.com,direct-hls,true,true,retest-existing-hls,,,https://z3.ubtvfans.com/live/rx6/2810/fa5428f7c8c4ff5954aa2255b6c34ec0/index.m3u8
鳳凰资讯,鳳凰资讯,港澳頻道,sources/live-base.txt,durable-base-hls,鳳凰资讯,z3.ubtvfans.com,direct-hls,true,true,retest-existing-hls,,,https://z3.ubtvfans.com/live/rx3/2292/9548d926093d5eb28078a29f44c8eed1/index.m3u8
鳳凰资讯,鳳凰资讯,港澳頻道,sources/live-base.txt,durable-base-hls,鳳凰资讯,z3.ubtvfans.com,direct-hls,true,true,retest-existing-hls,,,https://z3.ubtvfans.com/live/rx3/2811/8c86e665e47a0d2cd979f5b2be9800f2/index.m3u8
鳳凰资讯,鳳凰资讯,港澳頻道,sources/live-cleaned-backup.txt,durable-cleaned-backup-hls,鳳凰资讯,z3.ubtvfans.com,direct-hls,true,true,retest-existing-hls,,,https://z3.ubtvfans.com/live/rx3/2811/8c86e665e47a0d2cd979f5b2be9800f2/index.m3u8
鳳凰资讯,鳳凰资讯,港澳頻道,sources/live-cleaned-backup.txt,durable-cleaned-backup-hls,鳳凰资讯,z3.ubtvfans.com,direct-hls,true,true,retest-existing-hls,,,https://z3.ubtvfans.com/live/rx3/2292/9548d926093d5eb28078a29f44c8eed1/index.m3u8
鳳凰電影,鳳凰電影,港澳頻道,sources/live-base.txt,durable-base-hls,鳳凰電影,z3.ubtvfans.com,direct-hls,true,true,retest-existing-hls,,,https://z3.ubtvfans.com/live/rx6/2814/78c207522c6cc1c40304651cf345c610/index.m3u8
鳳凰電影,鳳凰電影,港澳頻道,sources/live-cleaned-backup.txt,durable-cleaned-backup-hls,鳳凰電影,z3.ubtvfans.com,direct-hls,true,true,retest-existing-hls,,,https://z3.ubtvfans.com/live/rx6/2814/78c207522c6cc1c40304651cf345c610/index.m3u8
鳳凰衛視,鳳凰衛視,Verified Fastest | 港澳頻道,sources/live-base.txt,durable-base-hls,鳳凰衛視,z3.ubtvfans.com,direct-hls,true,true,retest-existing-hls,,,https://z3.ubtvfans.com/live/rx3/2291/82ecf11a84cb6ee2b45d17c246a485e8/index.m3u8
鳳凰衛視,鳳凰衛視,Verified Fastest | 港澳頻道,sources/live-base.txt,durable-base-hls,鳳凰衛視,z3.ubtvfans.com,direct-hls,true,true,retest-existing-hls,,,https://z3.ubtvfans.com/live/rx3/2291/82ecf11a84cb6ee2b45d17c246a485e8/index.m3u8
鳳凰衛視,鳳凰衛視,Verified Fastest | 港澳頻道,sources/live-base.txt,durable-base-hls,鳳凰衛視,z3.ubtvfans.com,direct-hls,true,true,retest-existing-hls,,,https://z3.ubtvfans.com/live/rx6/2812/5d073f01bf95c9552dc7fd83292b7b96/index.m3u8
鳳凰衛視,鳳凰衛視,Verified Fastest | 港澳頻道,sources/live-cleaned-backup.txt,durable-cleaned-backup-hls,鳳凰衛視,z3.ubtvfans.com,direct-hls,true,true,retest-existing-hls,,,https://z3.ubtvfans.com/live/rx6/2812/5d073f01bf95c9552dc7fd83292b7b96/index.m3u8
鳳凰衛視,鳳凰衛視,Verified Fastest | 港澳頻道,sources/live-cleaned-backup.txt,durable-cleaned-backup-hls,鳳凰衛視,z3.ubtvfans.com,direct-hls,true,true,retest-existing-hls,,,https://z3.ubtvfans.com/live/rx3/2291/82ecf11a84cb6ee2b45d17c246a485e8/index.m3u8
鳳凰衛視資訊台,鳳凰衛視資訊台,YouTube新聞台,sources/youtube-live-channels.csv,durable-youtube-page,鳳凰衛視資訊台,www.youtube.com,youtube-page,true,true,resolve-with-yt-dlp,,fN9uYWCjQaw,https://www.youtube.com/watch?v=fN9uYWCjQaw
廣東珠江,廣東珠江,港澳頻道,sources/live-base.txt,durable-base-hls,廣東珠江,z3.ubtvfans.com,direct-hls,true,true,retest-existing-hls,,,https://z3.ubtvfans.com/live/rx3/1034/e1b8c18935d90c75e99f00088ed550e8/index.m3u8
廣東珠江,廣東珠江,港澳頻道,sources/live-cleaned-backup.txt,durable-cleaned-backup-hls,廣東珠江,z3.ubtvfans.com,direct-hls,true,true,retest-existing-hls,,,https://z3.ubtvfans.com/live/rx3/1034/e1b8c18935d90c75e99f00088ed550e8/index.m3u8
影迷數位電影,影迷數位電影,台灣頻道,sources/live-base.txt,durable-base-hls,影迷數位電影,z3.ubtvfans.com,direct-hls,true,true,retest-existing-hls,,,https://z3.ubtvfans.com/live/rx6/2800/6f0115a5ee27c4d6024d04033790e8d2/index.m3u8
影迷數位電影,影迷數位電影,台灣頻道,sources/live-cleaned-backup.txt,durable-cleaned-backup-hls,影迷數位電影,z3.ubtvfans.com,direct-hls,true,true,retest-existing-hls,,,https://z3.ubtvfans.com/live/rx6/2800/6f0115a5ee27c4d6024d04033790e8d2/index.m3u8
歐洲體育,歐洲體育,體育頻道,sources/live-base.txt,durable-base-hls,歐洲體育,z3.ubtvfans.com,direct-hls,true,true,retest-existing-hls,,,https://z3.ubtvfans.com/live/rx6/1342/1cf11de78ab9d976afa393fced5d210c/index.m3u8
歐洲體育,歐洲體育,體育頻道,sources/live-cleaned-backup.txt,durable-cleaned-backup-hls,歐洲體育,z3.ubtvfans.com,direct-hls,true,true,retest-existing-hls,,,https://z3.ubtvfans.com/live/rx6/1342/1cf11de78ab9d976afa393fced5d210c/index.m3u8
潘朵拉完美,潘朵拉完美,私密頻道_7708,sources/live-base.txt,durable-base-hls,潘朵拉完美,z3.ubtvfans.com,direct-hls,true,true,retest-existing-hls,,,https://z3.ubtvfans.com/live/rx3/410/4bed718a67aa82a3c0c30be5919498f7/index.m3u8
潘朵拉完美,潘朵拉完美,私密頻道_7708,sources/live-cleaned-backup.txt,durable-cleaned-backup-hls,潘朵拉完美,z3.ubtvfans.com,direct-hls,true,true,retest-existing-hls,,,https://z3.ubtvfans.com/live/rx3/410/4bed718a67aa82a3c0c30be5919498f7/index.m3u8
緯來精彩,緯來精彩,台灣頻道,sources/live-base.txt,durable-base-hls,緯來精彩,z3.ubtvfans.com,direct-hls,true,true,retest-existing-hls,,,https://z3.ubtvfans.com/live/rx3/2280/e8764bb6dffd3b570d52ddcb9e20cc22/index.m3u8
緯來精彩,緯來精彩,台灣頻道,sources/live-cleaned-backup.txt,durable-cleaned-backup-hls,緯來精彩,z3.ubtvfans.com,direct-hls,true,true,retest-existing-hls,,,https://z3.ubtvfans.com/live/rx3/2280/e8764bb6dffd3b570d52ddcb9e20cc22/index.m3u8
衛星劇場,衛星劇場,にっぽん,sources/live-base.txt,durable-base-hls,衛星劇場,z3.ubtvfans.com,direct-hls,true,true,retest-existing-hls,,,https://z3.ubtvfans.com/live/rx3/2345/e2701afe837f1c68ac8deef365b58c20/index.m3u8
衛星劇場,衛星劇場,にっぽん,sources/live-cleaned-backup.txt,durable-cleaned-backup-hls,衛星劇場,z3.ubtvfans.com,direct-hls,true,true,retest-existing-hls,,,https://z3.ubtvfans.com/live/rx3/2345/e2701afe837f1c68ac8deef365b58c20/index.m3u8
豬哥會社,豬哥會社,YouTube綜合娛樂,sources/youtube-live-channels.csv,durable-youtube-page,豬哥會社,www.youtube.com,youtube-page,true,true,resolve-with-yt-dlp,,v8MUGB4vst8,https://www.youtube.com/watch?v=v8MUGB4vst8
豬哥會社,豬哥會社,YouTube綜合娛樂,sources/live-youtube-stable.txt,generated-youtube-hls,040 豬哥會社,manifest.googlevideo.com,youtube-generated-hls,false,false,generated-short-lived,2026-06-22T21:49:15.000Z,v8MUGB4vst8,"https://manifest.googlevideo.com/api/manifest/hls_playlist/expire/1782164955/ei/e1k5avHwDbKSvcAPx82akQg/ip/114.42.199.53/id/v8MUGB4vst8.3/itag/94/source/yt_live_broadcast/requiressl/yes/ratebypass/yes/live/1/sgoap/gir%3Dyes%3Bitag%3D140/sgovp/gir%3Dyes%3Bitag%3D135/rqh/1/hls_chunk_host/rr1---sn-ipoxu-umbee.googlevideo.com/xpc/EgVo2aDSNQ%3D%3D/bui/ARmQxEWDNfWdp68igcvPSdD_PNv-YR7YQt4XNbqC-_TR45j-FiazaZeDdjNtC0fIIWe1e69NwHDfKhtC/spc/SQ-umhs0mOjcml54QiDrn-WiYXCfbFUVGSIJGm8Y0Kijvaojjw/vprv/1/reg/0/playlist_type/DVR/initcwndbps/2605000/met/1782143355,/mh/PK/mm/44/mn/sn-ipoxu-umbee/ms/lva/mv/m/mvi/1/pl/24/rms/lva,lva/dover/11/pacing/0/keepalive/yes/fexp/51565116,51565682,51987687/mt/1782142835/sparams/expire,ei,ip,id,itag,source,requiressl,ratebypass,live,sgoap,sgovp,rqh,xpc,bui,spc,vprv,reg,playlist_type/sig/AHEqNM4wRgIhAMwNALjqQ-MdImTTC1i2cIILmrsLR95ZMXiQLCd_e13MAiEAiR7VHv4HZs1uKnlx_DgrvJjMqm6YX8CSTBINgrN4DSc%3D/lsparams/hls_chunk_host,initcwndbps,met,mh,mm,mn,ms,mv,mvi,pl,rms/lsig/APaTxxMwRQIhAPqSxE13NN4E9HlXTMMmPw-nJcT7xCIBKIpJHUXHZ298AiBgo2qhvD9UW-DP9-r17u9yO_CP2kvRxBC6FQ6Hb1cFGA%3D%3D/playlist/index.m3u8"
寰宇財經,寰宇財經,Verified Fastest | 新聞頻道,sources/live-base.txt,durable-base-hls,寰宇財經,z3.ubtvfans.com,direct-hls,true,true,retest-existing-hls,,,https://z3.ubtvfans.com/live/rx1/2469/81623c4b2e5542f4096177cc5b214387/index.m3u8
寰宇財經,寰宇財經,Verified Fastest | 新聞頻道,sources/live-base.txt,durable-base-hls,寰宇財經,z3.ubtvfans.com,direct-hls,true,true,retest-existing-hls,,,https://z3.ubtvfans.com/live/rx1/2469/81623c4b2e5542f4096177cc5b214387/index.m3u8
寰宇財經,寰宇財經,Verified Fastest | 新聞頻道,sources/live-cleaned-backup.txt,durable-cleaned-backup-hls,寰宇財經,z3.ubtvfans.com,direct-hls,true,true,retest-existing-hls,,,https://z3.ubtvfans.com/live/rx1/2469/81623c4b2e5542f4096177cc5b214387/index.m3u8
寰宇新聞,寰宇新聞,台灣頻道 | 新聞頻道,sources/live-base.txt,durable-base-hls,寰宇新聞,z3.ubtvfans.com,direct-hls,true,true,retest-existing-hls,,,https://z3.ubtvfans.com/live/rx4/304/5a95f66fe4111362ecf4559d22f8df85/index.m3u8
寰宇新聞,寰宇新聞,台灣頻道 | 新聞頻道,sources/live-base.txt,durable-base-hls,寰宇新聞,z3.ubtvfans.com,direct-hls,true,true,retest-existing-hls,,,https://z3.ubtvfans.com/live/rx1/2481/429b8ffd6a7eedf6646c34cd02d08d7d/index.m3u8
寰宇新聞,寰宇新聞,台灣頻道 | 新聞頻道,sources/live-cleaned-backup.txt,durable-cleaned-backup-hls,寰宇新聞,z3.ubtvfans.com,direct-hls,true,true,retest-existing-hls,,,https://z3.ubtvfans.com/live/rx4/304/5a95f66fe4111362ecf4559d22f8df85/index.m3u8
寰宇新聞,寰宇新聞,台灣頻道 | 新聞頻道,sources/live-cleaned-backup.txt,durable-cleaned-backup-hls,寰宇新聞,z3.ubtvfans.com,direct-hls,true,true,retest-existing-hls,,,https://z3.ubtvfans.com/live/rx1/2481/429b8ffd6a7eedf6646c34cd02d08d7d/index.m3u8
寰宇新聞台,寰宇新聞台,YouTube新聞台,sources/youtube-live-channels.csv,durable-youtube-page,寰宇新聞台,www.youtube.com,youtube-page,true,true,resolve-with-yt-dlp,,Ej3LQM_lTEw,https://www.youtube.com/watch?v=Ej3LQM_lTEw
寰宇新聞台,寰宇新聞台,YouTube新聞台,sources/live-youtube-stable.txt,generated-youtube-hls,002 寰宇新聞台,manifest.googlevideo.com,youtube-generated-hls,false,false,generated-short-lived,2026-06-22T21:47:40.000Z,Ej3LQM_lTEw,"https://manifest.googlevideo.com/api/manifest/hls_playlist/expire/1782164860/ei/HFk5aqvsMqfo1d8Ph9-6mA0/ip/114.42.199.53/id/Ej3LQM_lTEw.5/itag/94/source/yt_live_broadcast/requiressl/yes/ratebypass/yes/live/1/sgoap/gir%3Dyes%3Bitag%3D140/sgovp/gir%3Dyes%3Bitag%3D135/rqh/1/hls_chunk_host/rr5---sn-ipoxu-umbk.googlevideo.com/xpc/EgVo2aDSNQ%3D%3D/bui/ARmQxEXAavr6HaF_hTKWm5p0YdQ4tQz87-8wAef1gpcgauM72G_BkGB9cZPARMgvph4h14nPcmsZbB5s/spc/SQ-umrydL0hnUF3yidNmpkjFC3pzEynvu192splnAU3ha2agQA/vprv/1/reg/0/playlist_type/DVR/initcwndbps/2872500/met/1782143260,/mh/s4/mm/44/mn/sn-ipoxu-umbk/ms/lva/mv/m/mvi/5/pl/24/rms/lva,lva/dover/11/pacing/0/keepalive/yes/fexp/51565115,51565682,51946837,51987687/mt/1782142835/sparams/expire,ei,ip,id,itag,source,requiressl,ratebypass,live,sgoap,sgovp,rqh,xpc,bui,spc,vprv,reg,playlist_type/sig/AHEqNM4wRgIhAL1Ir0u_BuKuyO0UXLRCufqoPHOx5kGqhK2h_IJV2wqfAiEA7isfp5M-Swjo2NchGD8T0voJlEo3U36fNNqkPOwgAHg%3D/lsparams/hls_chunk_host,initcwndbps,met,mh,mm,mn,ms,mv,mvi,pl,rms/lsig/APaTxxMwRAIgdwLP9c4XVUEioS6DB9O9i_dKMeTL8mEFhRI1R95TInkCIEmyD4VWKcsgEFfE54IwGgGOQ5p0Uu3LypcU9CkXL4Ol/playlist/index.m3u8"
寰宇新聞台灣,寰宇新聞台灣,台灣頻道 | 新聞頻道,sources/live-base.txt,durable-base-hls,寰宇新聞台灣,z3.ubtvfans.com,direct-hls,true,true,retest-existing-hls,,,https://z3.ubtvfans.com/live/rx2/2401/4a3dc870d7f7693da9005b41bdf20f76/index.m3u8
寰宇新聞台灣,寰宇新聞台灣,台灣頻道 | 新聞頻道,sources/live-base.txt,durable-base-hls,寰宇新聞台灣,z3.ubtvfans.com,direct-hls,true,true,retest-existing-hls,,,https://z3.ubtvfans.com/live/rx2/87/aae6ead7266fdf992e88a0d5bc236845/index.m3u8
寰宇新聞台灣,寰宇新聞台灣,台灣頻道 | 新聞頻道,sources/live-base.txt,durable-base-hls,寰宇新聞台灣,z3.ubtvfans.com,direct-hls,true,true,retest-existing-hls,,,https://z3.ubtvfans.com/live/rx1/2470/347e7354d9096903b0912848abcbcb63/index.m3u8
寰宇新聞台灣,寰宇新聞台灣,台灣頻道 | 新聞頻道,sources/live-cleaned-backup.txt,durable-cleaned-backup-hls,寰宇新聞台灣,z3.ubtvfans.com,direct-hls,true,true,retest-existing-hls,,,https://z3.ubtvfans.com/live/rx2/2401/4a3dc870d7f7693da9005b41bdf20f76/index.m3u8
寰宇新聞台灣,寰宇新聞台灣,台灣頻道 | 新聞頻道,sources/live-cleaned-backup.txt,durable-cleaned-backup-hls,寰宇新聞台灣,z3.ubtvfans.com,direct-hls,true,true,retest-existing-hls,,,https://z3.ubtvfans.com/live/rx2/87/aae6ead7266fdf992e88a0d5bc236845/index.m3u8
寰宇新聞台灣,寰宇新聞台灣,台灣頻道 | 新聞頻道,sources/live-cleaned-backup.txt,durable-cleaned-backup-hls,寰宇新聞台灣,z3.ubtvfans.com,direct-hls,true,true,retest-existing-hls,,,https://z3.ubtvfans.com/live/rx1/2470/347e7354d9096903b0912848abcbcb63/index.m3u8
寰宇新聞台灣台,寰宇新聞台灣台,YouTube新聞台,sources/youtube-live-channels.csv,durable-youtube-page,寰宇新聞台灣台,www.youtube.com,youtube-page,true,true,resolve-with-yt-dlp,,Ej3LQM_lTEw,https://www.youtube.com/watch?v=Ej3LQM_lTEw
寰宇新聞台灣台,寰宇新聞台灣台,YouTube新聞台,sources/live-youtube-stable.txt,generated-youtube-hls,022 寰宇新聞台灣台,manifest.googlevideo.com,youtube-generated-hls,false,false,generated-short-lived,2026-06-22T21:48:30.000Z,Ej3LQM_lTEw,"https://manifest.googlevideo.com/api/manifest/hls_playlist/expire/1782164910/ei/Tlk5asirEfzu2roP3suQ8Ak/ip/114.42.199.53/id/Ej3LQM_lTEw.5/itag/94/source/yt_live_broadcast/requiressl/yes/ratebypass/yes/live/1/sgoap/gir%3Dyes%3Bitag%3D140/sgovp/gir%3Dyes%3Bitag%3D135/rqh/1/hls_chunk_host/rr5---sn-ipoxu-umbk.googlevideo.com/xpc/EgVo2aDSNQ%3D%3D/bui/ARmQxEXTuwE0INwNLC0nqjXega0BpFH5Kw8Dp-XAaaahdqZI8nxYhhdGL9EVjnSJxdD5HPU9VYEgJZTs/spc/SQ-umtQVeWIWxQeeu2M0KLh88ojBaGe3MRZUxEndu07aDynOlw/vprv/1/reg/0/playlist_type/DVR/initcwndbps/2872500/met/1782143310,/mh/s4/mm/44/mn/sn-ipoxu-umbk/ms/lva/mv/m/mvi/5/pl/24/rms/lva,lva/dover/11/pacing/0/keepalive/yes/fexp/51565116,51565682,51987687/mt/1782142835/sparams/expire,ei,ip,id,itag,source,requiressl,ratebypass,live,sgoap,sgovp,rqh,xpc,bui,spc,vprv,reg,playlist_type/sig/AHEqNM4wRAIgcB-cAgwNuZnl8FYfWxyF3X-1FsWT5c20TsX2Aa59d3oCIH1rKbfMAZ8i9Pdz3qlnvqXz67eTWxtUMSYIbxxZ_DA3/lsparams/hls_chunk_host,initcwndbps,met,mh,mm,mn,ms,mv,mvi,pl,rms/lsig/APaTxxMwRQIgFKkTZB9_nI8HDbwOxmo_406WxTM5N3pmrhh4N4ZDbjsCIQC57PC01mMkeXHlxKbbOXkUuhTRwz-_PitBjcHQH61THw%3D%3D/playlist/index.m3u8"
寰宇新聞財經台,寰宇新聞財經台,YouTube新聞台,sources/youtube-live-channels.csv,durable-youtube-page,寰宇新聞財經台,www.youtube.com,youtube-page,true,true,resolve-with-yt-dlp,,yAUQQ0DhPxI,https://www.youtube.com/watch?v=yAUQQ0DhPxI
寰宇新聞財經台,寰宇新聞財經台,YouTube新聞台,sources/live-youtube-stable.txt,generated-youtube-hls,016 寰宇新聞財經台,manifest.googlevideo.com,youtube-generated-hls,false,false,generated-short-lived,2026-06-22T21:48:14.000Z,yAUQQ0DhPxI,"https://manifest.googlevideo.com/api/manifest/hls_playlist/expire/1782164894/ei/Plk5aqr_ErH2pt8PusjI6Q8/ip/114.42.199.53/id/yAUQQ0DhPxI.1/itag/94/source/yt_live_broadcast/requiressl/yes/ratebypass/yes/live/1/sgoap/gir%3Dyes%3Bitag%3D140/sgovp/gir%3Dyes%3Bitag%3D135/rqh/1/hls_chunk_host/rr2---sn-ipoxu-umbk.googlevideo.com/xpc/EgVo2aDSNQ%3D%3D/playlist_duration/30/manifest_duration/30/bui/ARmQxEXrH2Vum43WutktHxgd7xeFzbi0S-zBjwhtgMTRsqSzHUWf36WiW1JV6ussbr6x3iHfnAOEucmE/spc/SQ-umq4zFU7kivSJUcY-9-2AfTBsIys0DYFZ95vyPfKKfU6mSQ/vprv/1/reg/0/playlist_type/DVR/initcwndbps/2872500/met/1782143294,/mh/iz/mm/44/mn/sn-ipoxu-umbk/ms/lva/mv/m/mvi/2/pl/24/rms/lva,lva/dover/11/pacing/0/keepalive/yes/fexp/51565116,51565682,51987687/mt/1782142835/sparams/expire,ei,ip,id,itag,source,requiressl,ratebypass,live,sgoap,sgovp,rqh,xpc,playlist_duration,manifest_duration,bui,spc,vprv,reg,playlist_type/sig/AHEqNM4wRgIhAMVK6PyIrHncJ-as9-yAk2WNWFDxl6p2KXV1x7l-uXHhAiEArjdwXl1zFpm6pawBM2QV1U6KUfqvZ5cDhy_zItKGaio%3D/lsparams/hls_chunk_host,initcwndbps,met,mh,mm,mn,ms,mv,mvi,pl,rms/lsig/APaTxxMwRAIgEYWajUB04tJ_M4vULXse0-Q_vqOeoBoN3LfGiVrBg4sCIAOoKAfuEKjDlViK2VtC998Q--foGJyU91GeEcx7ANBz/playlist/index.m3u8"
澳門蓮花,澳門蓮花,港澳頻道,sources/live-base.txt,durable-base-hls,澳門蓮花,z3.ubtvfans.com,direct-hls,true,true,retest-existing-hls,,,https://z3.ubtvfans.com/live/rx6/70/a21104e7a38ed1aefd5b051cab9edf14/index.m3u8
澳門蓮花,澳門蓮花,港澳頻道,sources/live-cleaned-backup.txt,durable-cleaned-backup-hls,澳門蓮花,z3.ubtvfans.com,direct-hls,true,true,retest-existing-hls,,,https://z3.ubtvfans.com/live/rx6/70/a21104e7a38ed1aefd5b051cab9edf14/index.m3u8
龍翔時代,龍翔時代,台灣頻道,sources/live-base.txt,durable-base-hls,龍翔時代,z3.ubtvfans.com,direct-hls,true,true,retest-existing-hls,,,https://z3.ubtvfans.com/live/rx6/373/1211fae2ba7ce9108a5f0c0df696ab4b/index.m3u8
龍翔時代,龍翔時代,台灣頻道,sources/live-cleaned-backup.txt,durable-cleaned-backup-hls,龍翔時代,z3.ubtvfans.com,direct-hls,true,true,retest-existing-hls,,,https://z3.ubtvfans.com/live/rx6/373/1211fae2ba7ce9108a5f0c0df696ab4b/index.m3u8
龍華日韓,龍華日韓,台灣頻道,sources/live-base.txt,durable-base-hls,龍華日韓,z3.ubtvfans.com,direct-hls,true,true,retest-existing-hls,,,https://z3.ubtvfans.com/live/rx6/382/e59cd60155cd4c123daa182ac90d28a9/index.m3u8
龍華日韓,龍華日韓,台灣頻道,sources/live-cleaned-backup.txt,durable-cleaned-backup-hls,龍華日韓,z3.ubtvfans.com,direct-hls,true,true,retest-existing-hls,,,https://z3.ubtvfans.com/live/rx6/382/e59cd60155cd4c123daa182ac90d28a9/index.m3u8
龍華洋片,龍華洋片,台灣頻道,sources/live-base.txt,durable-base-hls,龍華洋片,z3.ubtvfans.com,direct-hls,true,true,retest-existing-hls,,,https://z3.ubtvfans.com/live/rx3/341/db19a98605505429d4decb9328437ecb/index.m3u8
龍華洋片,龍華洋片,台灣頻道,sources/live-cleaned-backup.txt,durable-cleaned-backup-hls,龍華洋片,z3.ubtvfans.com,direct-hls,true,true,retest-existing-hls,,,https://z3.ubtvfans.com/live/rx3/341/db19a98605505429d4decb9328437ecb/index.m3u8
龍華偶像,龍華偶像,台灣頻道,sources/live-base.txt,durable-base-hls,龍華偶像,z3.ubtvfans.com,direct-hls,true,true,retest-existing-hls,,,https://z3.ubtvfans.com/live/rx1/385/6893c00017254515f9e83206ed603dac/index.m3u8
龍華偶像,龍華偶像,台灣頻道,sources/live-cleaned-backup.txt,durable-cleaned-backup-hls,龍華偶像,z3.ubtvfans.com,direct-hls,true,true,retest-existing-hls,,,https://z3.ubtvfans.com/live/rx1/385/6893c00017254515f9e83206ed603dac/index.m3u8
龍華經典,龍華經典,台灣頻道,sources/live-base.txt,durable-base-hls,龍華經典,z3.ubtvfans.com,direct-hls,true,true,retest-existing-hls,,,https://z3.ubtvfans.com/live/rx6/100/382f6a8ecde4c0a065d677d355ec9f2d/index.m3u8
龍華經典,龍華經典,台灣頻道,sources/live-cleaned-backup.txt,durable-cleaned-backup-hls,龍華經典,z3.ubtvfans.com,direct-hls,true,true,retest-existing-hls,,,https://z3.ubtvfans.com/live/rx6/100/382f6a8ecde4c0a065d677d355ec9f2d/index.m3u8
龍華電影,龍華電影,台灣頻道,sources/live-base.txt,durable-base-hls,龍華電影,z3.ubtvfans.com,direct-hls,true,true,retest-existing-hls,,,https://z3.ubtvfans.com/live/rx3/311/f7ad675408123b4b541b47b21d1c00b6/index.m3u8
龍華電影,龍華電影,台灣頻道,sources/live-cleaned-backup.txt,durable-cleaned-backup-hls,龍華電影,z3.ubtvfans.com,direct-hls,true,true,retest-existing-hls,,,https://z3.ubtvfans.com/live/rx3/311/f7ad675408123b4b541b47b21d1c00b6/index.m3u8
龍華戲劇,龍華戲劇,台灣頻道,sources/live-base.txt,durable-base-hls,龍華戲劇,z3.ubtvfans.com,direct-hls,true,true,retest-existing-hls,,,https://z3.ubtvfans.com/live/rx6/2796/7a6beb1ef6e9b9116e50f523f7dc918f/index.m3u8
龍華戲劇,龍華戲劇,台灣頻道,sources/live-cleaned-backup.txt,durable-cleaned-backup-hls,龍華戲劇,z3.ubtvfans.com,direct-hls,true,true,retest-existing-hls,,,https://z3.ubtvfans.com/live/rx6/2796/7a6beb1ef6e9b9116e50f523f7dc918f/index.m3u8
韓國娛樂,韓國娛樂,台灣頻道,sources/live-base.txt,durable-base-hls,韓國娛樂,z3.ubtvfans.com,direct-hls,true,true,retest-existing-hls,,,https://z3.ubtvfans.com/live/rx1/73/1f82c54cb490271246703741c5c31ed8/index.m3u8
韓國娛樂,韓國娛樂,台灣頻道,sources/live-cleaned-backup.txt,durable-cleaned-backup-hls,韓國娛樂,z3.ubtvfans.com,direct-hls,true,true,retest-existing-hls,,,https://z3.ubtvfans.com/live/rx1/73/1f82c54cb490271246703741c5c31ed8/index.m3u8
鏡新聞,鏡新聞,YouTube新聞台,sources/youtube-live-channels.csv,durable-youtube-page,鏡新聞,www.youtube.com,youtube-page,true,true,resolve-with-yt-dlp,,5n0y6b0Q25o,https://www.youtube.com/watch?v=5n0y6b0Q25o
鏡新聞,鏡新聞,YouTube新聞台,sources/live-youtube-stable.txt,generated-youtube-hls,013 鏡新聞,manifest.googlevideo.com,youtube-generated-hls,false,false,generated-short-lived,2026-06-22T21:48:07.000Z,5n0y6b0Q25o,"https://manifest.googlevideo.com/api/manifest/hls_playlist/expire/1782164887/ei/N1k5aoX1FKvt2roPg6jcqQc/ip/114.42.199.53/id/5n0y6b0Q25o.4/itag/94/source/yt_live_broadcast/requiressl/yes/ratebypass/yes/live/1/sgoap/gir%3Dyes%3Bitag%3D140/sgovp/gir%3Dyes%3Bitag%3D135/rqh/1/hls_chunk_host/rr4---sn-ipoxu-umby.googlevideo.com/xpc/EgVo2aDSNQ%3D%3D/playlist_duration/30/manifest_duration/30/bui/ARmQxEUKUstSjpfhyYS-QBG0HVjZ62FL78EwcHfuhWTKugSTeZvc_TZKK7WOihI-RA1_25E_0yi3T3Rw/spc/SQ-umlNqATo-iWR_bTZqFPhuAPJxEwMKzomx7J8Iqf1-muDerA/vprv/1/reg/0/playlist_type/DVR/initcwndbps/2845000/met/1782143287,/mh/di/mm/44/mn/sn-ipoxu-umby/ms/lva/mv/m/mvi/4/pl/24/rms/lva,lva/dover/11/pacing/0/keepalive/yes/fexp/51565116,51565682,51987687/mt/1782142835/sparams/expire,ei,ip,id,itag,source,requiressl,ratebypass,live,sgoap,sgovp,rqh,xpc,playlist_duration,manifest_duration,bui,spc,vprv,reg,playlist_type/sig/AHEqNM4wQwIfJlStHVF-dNKI8YTBqPec-2uqcW5AzBU55ZXjxyWVkAIgSiHjCyDjBLjYWt-JOu1UdUI4eN8qf4Z3lzLcEfmArMc%3D/lsparams/hls_chunk_host,initcwndbps,met,mh,mm,mn,ms,mv,mvi,pl,rms/lsig/APaTxxMwRAIgfpYlRzf0c6FRhBYo-y1vITX_YPSLDexzPmIOLRQ9fBYCIEGZDnLgyjMnWwd3qXgUgHhMLisewacuOtD3S4MTqwk2/playlist/index.m3u8"
鏡新聞mnews,鏡新聞mnews,台灣頻道,sources/live-base.txt,durable-base-hls,鏡新聞mnews,z3.ubtvfans.com,direct-hls,true,true,retest-existing-hls,,,https://z3.ubtvfans.com/live/rx4/463/80a9304802a037868d4de919d97fb946/index.m3u8
鏡新聞mnews,鏡新聞mnews,台灣頻道,sources/live-cleaned-backup.txt,durable-cleaned-backup-hls,鏡新聞mnews,z3.ubtvfans.com,direct-hls,true,true,retest-existing-hls,,,https://z3.ubtvfans.com/live/rx4/463/80a9304802a037868d4de919d97fb946/index.m3u8
霹靂臺灣,霹靂臺灣,台灣頻道,sources/live-base.txt,durable-base-hls,霹靂臺灣,z3.ubtvfans.com,direct-hls,true,true,retest-existing-hls,,,https://z3.ubtvfans.com/live/rx2/1339/ad14e3e3f16d2ab0c67eaf809481453d/index.m3u8
霹靂臺灣,霹靂臺灣,台灣頻道,sources/live-cleaned-backup.txt,durable-cleaned-backup-hls,霹靂臺灣,z3.ubtvfans.com,direct-hls,true,true,retest-existing-hls,,,https://z3.ubtvfans.com/live/rx2/1339/ad14e3e3f16d2ab0c67eaf809481453d/index.m3u8
歡喜,歡喜,新馬頻道,sources/live-base.txt,durable-base-hls,歡喜,z3.ubtvfans.com,direct-hls,true,true,retest-existing-hls,,,https://z3.ubtvfans.com/live/rx3/432/d9a890d53f1f454775d485aade661a85/index.m3u8
歡喜,歡喜,新馬頻道,sources/live-cleaned-backup.txt,durable-cleaned-backup-hls,歡喜,z3.ubtvfans.com,direct-hls,true,true,retest-existing-hls,,,https://z3.ubtvfans.com/live/rx3/432/d9a890d53f1f454775d485aade661a85/index.m3u8
aabctv,AABC TV,美國頻道,sources/live-base.txt,durable-base-hls,AABC TV,z3.ubtvfans.com,direct-hls,true,true,retest-existing-hls,,,https://z3.ubtvfans.com/live/rx6/3127/08091e3aaabc6cd70b3422919ac13ca6/index.m3u8
aabctv,AABC TV,美國頻道,sources/live-cleaned-backup.txt,durable-cleaned-backup-hls,AABC TV,z3.ubtvfans.com,direct-hls,true,true,retest-existing-hls,,,https://z3.ubtvfans.com/live/rx6/3127/08091e3aaabc6cd70b3422919ac13ca6/index.m3u8
abantetv,Abante TV,菲律賓,sources/live-base.txt,durable-base-hls,Abante TV,z3.ubtvfans.com,direct-hls,true,true,retest-existing-hls,,,https://z3.ubtvfans.com/live/rx3/1446/ffa728b1828523811cd8769a8dd9552b/index.m3u8
abantetv,Abante TV,菲律賓,sources/live-cleaned-backup.txt,durable-cleaned-backup-hls,Abante TV,z3.ubtvfans.com,direct-hls,true,true,retest-existing-hls,,,https://z3.ubtvfans.com/live/rx3/1446/ffa728b1828523811cd8769a8dd9552b/index.m3u8
abcnews,ABC News,美國頻道 | 澳洲 | YouTube國際新聞,sources/live-base.txt,durable-base-hls,ABC News,z3.ubtvfans.com,direct-hls,true,true,retest-existing-hls,,,https://z3.ubtvfans.com/live/rx2/1516/c03dd61fc10fc5be5c81bf1cbb081942/index.m3u8
abcnews,ABC News,美國頻道 | 澳洲 | YouTube國際新聞,sources/live-base.txt,durable-base-hls,ABC News,z3.ubtvfans.com,direct-hls,true,true,retest-existing-hls,,,https://z3.ubtvfans.com/live/rx1/1508/7f20489c1b353d9172e90cacfe479016/index.m3u8
abcnews,ABC News,美國頻道 | 澳洲 | YouTube國際新聞,sources/live-cleaned-backup.txt,durable-cleaned-backup-hls,ABC News,z3.ubtvfans.com,direct-hls,true,true,retest-existing-hls,,,https://z3.ubtvfans.com/live/rx2/1516/c03dd61fc10fc5be5c81bf1cbb081942/index.m3u8
abcnews,ABC News,美國頻道 | 澳洲 | YouTube國際新聞,sources/live-cleaned-backup.txt,durable-cleaned-backup-hls,ABC News,z3.ubtvfans.com,direct-hls,true,true,retest-existing-hls,,,https://z3.ubtvfans.com/live/rx1/1508/7f20489c1b353d9172e90cacfe479016/index.m3u8
abcnews,ABC News,美國頻道 | 澳洲 | YouTube國際新聞,sources/youtube-live-channels.csv,durable-youtube-page,ABC News,www.youtube.com,youtube-page,true,true,resolve-with-yt-dlp,,IkKbZ_TC9Tc,https://www.youtube.com/watch?v=IkKbZ_TC9Tc
abc朝日,ABC朝日,Verified Fastest | にっぽん,sources/live-base.txt,durable-base-hls,ABC朝日,z3.ubtvfans.com,direct-hls,true,true,retest-existing-hls,,,https://z3.ubtvfans.com/live/rx3/127/8685a7990a12ba488c52542a8fd57171/index.m3u8
abc朝日,ABC朝日,Verified Fastest | にっぽん,sources/live-base.txt,durable-base-hls,ABC朝日,z3.ubtvfans.com,direct-hls,true,true,retest-existing-hls,,,https://z3.ubtvfans.com/live/rx3/127/8685a7990a12ba488c52542a8fd57171/index.m3u8
abc朝日,ABC朝日,Verified Fastest | にっぽん,sources/live-cleaned-backup.txt,durable-cleaned-backup-hls,ABC朝日,z3.ubtvfans.com,direct-hls,true,true,retest-existing-hls,,,https://z3.ubtvfans.com/live/rx3/127/8685a7990a12ba488c52542a8fd57171/index.m3u8
abcテレビニュース,ABCテレビニュース,YouTube亞洲新聞,sources/youtube-live-channels.csv,durable-youtube-page,ABCテレビニュース,www.youtube.com,youtube-page,true,true,resolve-with-yt-dlp,,XGSEjlkjK8o,https://www.youtube.com/watch?v=XGSEjlkjK8o
abpmajha,ABP Majha,भारत,sources/live-base.txt,durable-base-hls,ABP Majha,z3.ubtvfans.com,direct-hls,true,true,retest-existing-hls,,,https://z3.ubtvfans.com/live/rx3/1782/d647aba6decd22c0461d5e317332aac4/index.m3u8
abpmajha,ABP Majha,भारत,sources/live-cleaned-backup.txt,durable-cleaned-backup-hls,ABP Majha,z3.ubtvfans.com,direct-hls,true,true,retest-existing-hls,,,https://z3.ubtvfans.com/live/rx3/1782/d647aba6decd22c0461d5e317332aac4/index.m3u8
abpनयज,ABP न्यूज़,भारत,sources/live-base.txt,durable-base-hls,ABP न्यूज़,z3.ubtvfans.com,direct-hls,true,true,retest-existing-hls,,,https://z3.ubtvfans.com/live/rx3/2457/7920139d983a8940f391115ab0f27fdd/index.m3u8
abpनयज,ABP न्यूज़,भारत,sources/live-cleaned-backup.txt,durable-cleaned-backup-hls,ABP न्यूज़,z3.ubtvfans.com,direct-hls,true,true,retest-existing-hls,,,https://z3.ubtvfans.com/live/rx3/2457/7920139d983a8940f391115ab0f27fdd/index.m3u8
abpআননদ,ABP আনন্দ,भारत,sources/live-base.txt,durable-base-hls,ABP আনন্দ,z3.ubtvfans.com,direct-hls,true,true,retest-existing-hls,,,https://z3.ubtvfans.com/live/rx3/3096/0d054fb784fa74a17e7731c1e4d995b4/index.m3u8
abpআননদ,ABP আনন্দ,भारत,sources/live-cleaned-backup.txt,durable-cleaned-backup-hls,ABP আনন্দ,z3.ubtvfans.com,direct-hls,true,true,retest-existing-hls,,,https://z3.ubtvfans.com/live/rx3/3096/0d054fb784fa74a17e7731c1e4d995b4/index.m3u8
accdn,ACCDN,體育頻道,sources/live-base.txt,durable-base-hls,ACCDN,z3.ubtvfans.com,direct-hls,true,true,retest-existing-hls,,,https://z3.ubtvfans.com/live/rx6/315/992555ddfa413945d5502a5f2a4cf883/index.m3u8
accdn,ACCDN,體育頻道,sources/live-base.txt,durable-base-hls,ACCDN,z3.ubtvfans.com,direct-hls,true,true,retest-existing-hls,,,https://z3.ubtvfans.com/live/rx2/3215/f204937943fa9a72410509217caea634/index.m3u8
accdn,ACCDN,體育頻道,sources/live-cleaned-backup.txt,durable-cleaned-backup-hls,ACCDN,z3.ubtvfans.com,direct-hls,true,true,retest-existing-hls,,,https://z3.ubtvfans.com/live/rx6/315/992555ddfa413945d5502a5f2a4cf883/index.m3u8
accdn,ACCDN,體育頻道,sources/live-cleaned-backup.txt,durable-cleaned-backup-hls,ACCDN,z3.ubtvfans.com,direct-hls,true,true,retest-existing-hls,,,https://z3.ubtvfans.com/live/rx2/3215/f204937943fa9a72410509217caea634/index.m3u8
actionhollywoodmovies,Action Hollywood Movies,影視頻道,sources/live-base.txt,durable-base-hls,Action Hollywood Movies,z3.ubtvfans.com,direct-hls,true,true,retest-existing-hls,,,https://z3.ubtvfans.com/live/rx1/2417/1972214d8ee6722161f65c773e4b6cb7/index.m3u8
actionhollywoodmovies,Action Hollywood Movies,影視頻道,sources/live-cleaned-backup.txt,durable-cleaned-backup-hls,Action Hollywood Movies,z3.ubtvfans.com,direct-hls,true,true,retest-existing-hls,,,https://z3.ubtvfans.com/live/rx1/2417/1972214d8ee6722161f65c773e4b6cb7/index.m3u8
aec,AEC,新馬頻道,sources/live-base.txt,durable-base-hls,AEC,z3.ubtvfans.com,direct-hls,true,true,retest-existing-hls,,,https://z3.ubtvfans.com/live/rx3/2745/bb30bddb9bdca515922aad8f493ccbbf/index.m3u8
aec,AEC,新馬頻道,sources/live-base.txt,durable-base-hls,AEC,z3.ubtvfans.com,direct-hls,true,true,retest-existing-hls,,,https://z3.ubtvfans.com/live/rx3/433/103379d4f55abf22a0691dfcd992338d/index.m3u8
aec,AEC,新馬頻道,sources/live-cleaned-backup.txt,durable-cleaned-backup-hls,AEC,z3.ubtvfans.com,direct-hls,true,true,retest-existing-hls,,,https://z3.ubtvfans.com/live/rx3/2745/bb30bddb9bdca515922aad8f493ccbbf/index.m3u8
aec,AEC,新馬頻道,sources/live-cleaned-backup.txt,durable-cleaned-backup-hls,AEC,z3.ubtvfans.com,direct-hls,true,true,retest-existing-hls,,,https://z3.ubtvfans.com/live/rx3/433/103379d4f55abf22a0691dfcd992338d/index.m3u8
aljazeera,Al Jazeera,新聞頻道,sources/live-base.txt,durable-base-hls,Al Jazeera,z3.ubtvfans.com,direct-hls,true,true,retest-existing-hls,,,https://z3.ubtvfans.com/live/rx1/1144/effdb858dd18bcd968ff21b7ca3fd763/index.m3u8
aljazeera,Al Jazeera,新聞頻道,sources/live-cleaned-backup.txt,durable-cleaned-backup-hls,Al Jazeera,z3.ubtvfans.com,direct-hls,true,true,retest-existing-hls,,,https://z3.ubtvfans.com/live/rx1/1144/effdb858dd18bcd968ff21b7ca3fd763/index.m3u8
aljazeeraarabic,Al Jazeera Arabic,YouTube國際新聞,sources/youtube-live-channels.csv,durable-youtube-page,Al Jazeera Arabic,www.youtube.com,youtube-page,true,true,resolve-with-yt-dlp,,N8xxOD0nT1Y,https://www.youtube.com/watch?v=N8xxOD0nT1Y
aljazeeraarabic,Al Jazeera Arabic,YouTube國際新聞,sources/live-youtube-stable.txt,generated-youtube-hls,047 Al Jazeera Arabic,manifest.googlevideo.com,youtube-generated-hls,false,false,generated-short-lived,2026-06-22T21:49:32.000Z,N8xxOD0nT1Y,"https://manifest.googlevideo.com/api/manifest/hls_playlist/expire/1782164972/ei/jFk5ap_jNNm42roP39q5-AY/ip/114.42.199.53/id/N8xxOD0nT1Y.2/itag/94/source/yt_live_broadcast/requiressl/yes/ratebypass/yes/live/1/sgoap/gir%3Dyes%3Bitag%3D140/sgovp/gir%3Dyes%3Bitag%3D135/rqh/1/hls_chunk_host/rr4---sn-ipoxu-umbee.googlevideo.com/xpc/EgVo2aDSNQ%3D%3D/gcr/tw/bui/ARmQxEXIL5HSMI0i2yKUeOBsj6sjbx13PuSAeNykhL1CXvkkL3T0M1KEXTu-UdHppVHk9s6yWva0zYm2/spc/SQ-umm9QUlQtGPp6xdfsETSryOwILmqlWnmDFgEsygIuZhCjtQ/vprv/1/reg/0/playlist_type/DVR/initcwndbps/2605000/met/1782143373,/mh/u1/mm/44/mn/sn-ipoxu-umbee/ms/lva/mv/m/mvi/4/pl/24/rms/lva,lva/dover/11/pacing/0/keepalive/yes/fexp/51565115,51565682,51987687/mt/1782142835/sparams/expire,ei,ip,id,itag,source,requiressl,ratebypass,live,sgoap,sgovp,rqh,xpc,gcr,bui,spc,vprv,reg,playlist_type/sig/AHEqNM4wRAIgd-RLq4q9iAlOFPWA7yoisCzVnmgoRd_9DhZzrY_JpB4CIHjgYzd8sM0YeclsxjOfsLlJbGhuW0Kwf8msE7k-efjA/lsparams/hls_chunk_host,initcwndbps,met,mh,mm,mn,ms,mv,mvi,pl,rms/lsig/APaTxxMwRQIgQOBd6cYffhG6tEP5Z6IU3pOA4ijd-SND1NvPSglj5JYCIQCiNXI7bzgi2JzhEEsVrDoJIAzttGetGzuDEMpCGrzkTQ%3D%3D/playlist/index.m3u8"
aljazeeraenglish,Al Jazeera English,YouTube國際新聞,sources/youtube-live-channels.csv,durable-youtube-page,Al Jazeera English,www.youtube.com,youtube-page,true,true,resolve-with-yt-dlp,,gCNeDWCI0vo,https://www.youtube.com/watch?v=gCNeDWCI0vo
aljazeeraenglish,Al Jazeera English,YouTube國際新聞,sources/live-youtube-stable.txt,generated-youtube-hls,056 Al Jazeera English,manifest.googlevideo.com,youtube-generated-hls,false,false,generated-short-lived,2026-06-22T21:49:58.000Z,gCNeDWCI0vo,"https://manifest.googlevideo.com/api/manifest/hls_playlist/expire/1782164998/ei/plk5as-YGpebvcAPh6zs8A4/ip/114.42.199.53/id/gCNeDWCI0vo.4/itag/94/source/yt_live_broadcast/requiressl/yes/ratebypass/yes/live/1/sgoap/gir%3Dyes%3Bitag%3D140/sgovp/gir%3Dyes%3Bitag%3D135/rqh/1/hls_chunk_host/rr5---sn-ipoxu-umbee.googlevideo.com/xpc/EgVo2aDSNQ%3D%3D/gcr/tw/bui/ARmQxEVKlddNvf9hbW6AG5_2KJHCrT_1N-oBDAvI5f3kt4FZysbWJgbYZsUtn8fzI3pkcEv4jqGMkpDR/spc/SQ-umqkXd9vxRxRejGxyqsQv0Oln3mX_VsvuycyaSMsAAvuOHQ/vprv/1/reg/0/playlist_type/DVR/initcwndbps/2605000/met/1782143398,/mh/Dn/mm/44/mn/sn-ipoxu-umbee/ms/lva/mv/m/mvi/5/pl/24/rms/lva,lva/dover/11/pacing/0/keepalive/yes/fexp/51565116,51565682,51987687/mt/1782142835/sparams/expire,ei,ip,id,itag,source,requiressl,ratebypass,live,sgoap,sgovp,rqh,xpc,gcr,bui,spc,vprv,reg,playlist_type/sig/AHEqNM4wRAIgHqes-ClCg-lSAifgDNhTwUZcLTcKCpYM3iAxs8oKwocCIF2y_37nF71HqJG5Dsh_QCSlHf8ipyH-GRR_rFRPPtZz/lsparams/hls_chunk_host,initcwndbps,met,mh,mm,mn,ms,mv,mvi,pl,rms/lsig/APaTxxMwRQIgGvRu2BUMOPVXt3J82eZFfnmTFAMFhTA45qLIyivNvC4CIQCYpDXn3Gxvm-sT93dk3sSGUKy5v06nw6aN0SJEGthZNw%3D%3D/playlist/index.m3u8"
alibi,Alibi,英國頻道,sources/live-base.txt,durable-base-hls,Alibi,z3.ubtvfans.com,direct-hls,true,true,retest-existing-hls,,,https://z3.ubtvfans.com/live/rx4/1398/c209b3eab90b743a55de14d74381151d/index.m3u8
alibi,Alibi,英國頻道,sources/live-cleaned-backup.txt,durable-cleaned-backup-hls,Alibi,z3.ubtvfans.com,direct-hls,true,true,retest-existing-hls,,,https://z3.ubtvfans.com/live/rx4/1398/c209b3eab90b743a55de14d74381151d/index.m3u8
amarin,Amarin,泰國頻道,sources/live-base.txt,durable-base-hls,Amarin,z3.ubtvfans.com,direct-hls,true,true,retest-existing-hls,,,https://z3.ubtvfans.com/live/rx2/2320/f2a25cdd1c11c0a0a49848a9704fee18/index.m3u8
amarin,Amarin,泰國頻道,sources/live-cleaned-backup.txt,durable-cleaned-backup-hls,Amarin,z3.ubtvfans.com,direct-hls,true,true,retest-existing-hls,,,https://z3.ubtvfans.com/live/rx2/2320/f2a25cdd1c11c0a0a49848a9704fee18/index.m3u8
amgtv,AMG TV,美國頻道,sources/live-base.txt,durable-base-hls,AMG TV,z3.ubtvfans.com,direct-hls,true,true,retest-existing-hls,,,https://z3.ubtvfans.com/live/rx2/3218/ab6eca7b8c057e742a51d79ddd637cad/index.m3u8
amgtv,AMG TV,美國頻道,sources/live-cleaned-backup.txt,durable-cleaned-backup-hls,AMG TV,z3.ubtvfans.com,direct-hls,true,true,retest-existing-hls,,,https://z3.ubtvfans.com/live/rx2/3218/ab6eca7b8c057e742a51d79ddd637cad/index.m3u8
anileap動漫歌曲24小時,Anileap 動漫歌曲24小時,YouTube動漫台,sources/youtube-live-channels.csv,durable-youtube-page,Anileap 動漫歌曲24小時,www.youtube.com,youtube-page,true,true,resolve-with-yt-dlp,,4FBW3mkdKOs,https://www.youtube.com/watch?v=4FBW3mkdKOs
animalplanet,Animal Planet,美國頻道,sources/live-base.txt,durable-base-hls,Animal Planet,z3.ubtvfans.com,direct-hls,true,true,retest-existing-hls,,,https://z3.ubtvfans.com/live/rx5/1203/4694b28ad6a393491bf6ded591b32e05/index.m3u8
animalplanet,Animal Planet,美國頻道,sources/live-cleaned-backup.txt,durable-cleaned-backup-hls,Animal Planet,z3.ubtvfans.com,direct-hls,true,true,retest-existing-hls,,,https://z3.ubtvfans.com/live/rx5/1203/4694b28ad6a393491bf6ded591b32e05/index.m3u8
animax,Animax,少兒頻道,sources/live-base.txt,durable-base-hls,Animax,z3.ubtvfans.com,direct-hls,true,true,retest-existing-hls,,,https://z3.ubtvfans.com/live/rx3/59/80335c337a3294fc1a507481cfc303a0/index.m3u8
animax,Animax,少兒頻道,sources/live-cleaned-backup.txt,durable-cleaned-backup-hls,Animax,z3.ubtvfans.com,direct-hls,true,true,retest-existing-hls,,,https://z3.ubtvfans.com/live/rx3/59/80335c337a3294fc1a507481cfc303a0/index.m3u8
aniplusasia,Aniplus Asia,少兒頻道,sources/live-base.txt,durable-base-hls,Aniplus Asia,z3.ubtvfans.com,direct-hls,true,true,retest-existing-hls,,,https://z3.ubtvfans.com/live/rx5/3219/81d15c5f288b0cb48b6e4bced4de1193/index.m3u8
aniplusasia,Aniplus Asia,少兒頻道,sources/live-cleaned-backup.txt,durable-cleaned-backup-hls,Aniplus Asia,z3.ubtvfans.com,direct-hls,true,true,retest-existing-hls,,,https://z3.ubtvfans.com/live/rx5/3219/81d15c5f288b0cb48b6e4bced4de1193/index.m3u8
antv,Antv,印尼頻道 | 越南頻道,sources/live-base.txt,durable-base-hls,Antv,z3.ubtvfans.com,direct-hls,true,true,retest-existing-hls,,,https://z3.ubtvfans.com/live/rx6/1488/0fe33de1a5fd568506ef17b031d44c53/index.m3u8
antv,Antv,印尼頻道 | 越南頻道,sources/live-base.txt,durable-base-hls,ANTV,z3.ubtvfans.com,direct-hls,true,true,retest-existing-hls,,,https://z3.ubtvfans.com/live/rx6/1300/15131eba18c325f190f8677eb722b085/index.m3u8
antv,Antv,印尼頻道 | 越南頻道,sources/live-cleaned-backup.txt,durable-cleaned-backup-hls,Antv,z3.ubtvfans.com,direct-hls,true,true,retest-existing-hls,,,https://z3.ubtvfans.com/live/rx6/1488/0fe33de1a5fd568506ef17b031d44c53/index.m3u8
antv,Antv,印尼頻道 | 越南頻道,sources/live-cleaned-backup.txt,durable-cleaned-backup-hls,ANTV,z3.ubtvfans.com,direct-hls,true,true,retest-existing-hls,,,https://z3.ubtvfans.com/live/rx6/1300/15131eba18c325f190f8677eb722b085/index.m3u8
aod,AOD,新馬頻道,sources/live-base.txt,durable-base-hls,AOD,z3.ubtvfans.com,direct-hls,true,true,retest-existing-hls,,,https://z3.ubtvfans.com/live/rx3/428/da9208bb0dfae9bf45d4d5e23479aa81/index.m3u8
aod,AOD,新馬頻道,sources/live-cleaned-backup.txt,durable-cleaned-backup-hls,AOD,z3.ubtvfans.com,direct-hls,true,true,retest-existing-hls,,,https://z3.ubtvfans.com/live/rx3/428/da9208bb0dfae9bf45d4d5e23479aa81/index.m3u8
arena,Arena,新馬頻道,sources/live-base.txt,durable-base-hls,Arena,z3.ubtvfans.com,direct-hls,true,true,retest-existing-hls,,,https://z3.ubtvfans.com/live/rx3/1172/aaca44c0d0ffa8d2cdd8bdc5ac2f3a68/index.m3u8
arena,Arena,新馬頻道,sources/live-cleaned-backup.txt,durable-cleaned-backup-hls,Arena,z3.ubtvfans.com,direct-hls,true,true,retest-existing-hls,,,https://z3.ubtvfans.com/live/rx3/1172/aaca44c0d0ffa8d2cdd8bdc5ac2f3a68/index.m3u8
arirangtv,Arirang TV,한국 | YouTube亞洲新聞,sources/live-base.txt,durable-base-hls,Arirang TV,z3.ubtvfans.com,direct-hls,true,true,retest-existing-hls,,,https://z3.ubtvfans.com/live/rx4/256/4f9e759c4173bdb6938be16b984d6948/index.m3u8
arirangtv,Arirang TV,한국 | YouTube亞洲新聞,sources/live-cleaned-backup.txt,durable-cleaned-backup-hls,Arirang TV,z3.ubtvfans.com,direct-hls,true,true,retest-existing-hls,,,https://z3.ubtvfans.com/live/rx4/256/4f9e759c4173bdb6938be16b984d6948/index.m3u8
arirangtv,Arirang TV,한국 | YouTube亞洲新聞,sources/youtube-live-channels.csv,durable-youtube-page,Arirang TV,www.youtube.com,youtube-page,true,true,resolve-with-yt-dlp,,CJVBX7KI5nU,https://www.youtube.com/watch?v=CJVBX7KI5nU
arirangtv,Arirang TV,한국 | YouTube亞洲新聞,sources/live-youtube-stable.txt,generated-youtube-hls,071 Arirang TV,manifest.googlevideo.com,youtube-generated-hls,false,false,generated-short-lived,2026-06-22T21:50:35.000Z,CJVBX7KI5nU,"https://manifest.googlevideo.com/api/manifest/hls_playlist/expire/1782165035/ei/y1k5asuPGI6I1d8PhczhkA4/ip/114.42.199.53/id/CJVBX7KI5nU.8/itag/94/source/yt_live_broadcast/requiressl/yes/ratebypass/yes/live/1/sgoap/gir%3Dyes%3Bitag%3D140/sgovp/gir%3Dyes%3Bitag%3D135/rqh/1/hls_chunk_host/rr3---sn-ipoxu-umbk.googlevideo.com/xpc/EgVo2aDSNQ%3D%3D/playlist_duration/30/manifest_duration/30/bui/ARmQxEWy2RYM8za9Ax-z-qaqxGQfFaXG8R8bslRHV8wKC3jn1LZN5jUtTmVZca2mM4ZrJ-k9NtxHEyAK/spc/SQ-umoigXbvW4c1o9MuM3N6aqmjhfhbLgcu4fGhWz7iN7Aoxig/vprv/1/reg/0/playlist_type/DVR/initcwndbps/2968750/met/1782143435,/mh/nI/mm/44/mn/sn-ipoxu-umbk/ms/lva/mv/m/mvi/3/pl/24/rms/lva,lva/dover/11/pacing/0/keepalive/yes/fexp/51565116,51565681,51987687/mt/1782143091/sparams/expire,ei,ip,id,itag,source,requiressl,ratebypass,live,sgoap,sgovp,rqh,xpc,playlist_duration,manifest_duration,bui,spc,vprv,reg,playlist_type/sig/AHEqNM4wRQIgD6GVFOMPmFAPmtoKMaf_IXKqjZ0Cy_-QdBlk7c_b0PMCIQD9VxD5MWcASamgsCxGTbwnGBTp9o8KFxPOySs8c21lvw%3D%3D/lsparams/hls_chunk_host,initcwndbps,met,mh,mm,mn,ms,mv,mvi,pl,rms/lsig/APaTxxMwRgIhALHg0MWgZy3CrEcbqoQ3RorLRHWEqNjmoKb2_Snvzm58AiEAzglSnxmLjj2WXHfXdKwtzWpk3sgzi_vinQg02G93hFs%3D/playlist/index.m3u8"
artsandentertainment,Arts and Entertainment,美國頻道,sources/live-base.txt,durable-base-hls,Arts and Entertainment,z3.ubtvfans.com,direct-hls,true,true,retest-existing-hls,,,https://z3.ubtvfans.com/live/rx6/1227/fbb9532fd2c5b10d0220a7189d3421f1/index.m3u8
artsandentertainment,Arts and Entertainment,美國頻道,sources/live-cleaned-backup.txt,durable-cleaned-backup-hls,Arts and Entertainment,z3.ubtvfans.com,direct-hls,true,true,retest-existing-hls,,,https://z3.ubtvfans.com/live/rx6/1227/fbb9532fd2c5b10d0220a7189d3421f1/index.m3u8
asianetnews,Asianet News,YouTube亞洲新聞,sources/youtube-live-channels.csv,durable-youtube-page,Asianet News,www.youtube.com,youtube-page,true,true,resolve-with-yt-dlp,,s0LLVQeMmtU,https://www.youtube.com/watch?v=s0LLVQeMmtU
asianetnews,Asianet News,YouTube亞洲新聞,sources/live-youtube-stable.txt,generated-youtube-hls,062 Asianet News,manifest.googlevideo.com,youtube-generated-hls,false,false,generated-short-lived,2026-06-22T21:50:13.000Z,s0LLVQeMmtU,"https://manifest.googlevideo.com/api/manifest/hls_playlist/expire/1782165013/ei/tVk5aun4F7iI1d8Pmaq_qAM/ip/114.42.199.53/id/s0LLVQeMmtU.1/itag/94/source/yt_live_broadcast/requiressl/yes/ratebypass/yes/live/1/sgoap/gir%3Dyes%3Bitag%3D140/sgovp/gir%3Dyes%3Bitag%3D135/rqh/1/hls_chunk_host/rr4---sn-ipoxu-umby.googlevideo.com/xpc/EgVo2aDSNQ%3D%3D/bui/ARmQxEVwjXyZ1QoUIjLRB4zARKrQzTIptcedwRQC3fgbrR4nuAgOvX28CudvnBJ_MyobMR5IkcoaxaEz/spc/SQ-umjGPwfchYB0UJmYFpa6g63B2OgouyfflXwY_WDMSkLxfUg/vprv/1/reg/0/playlist_type/DVR/initcwndbps/3220000/met/1782143413,/mh/m2/mm/44/mn/sn-ipoxu-umby/ms/lva/mv/m/mvi/4/pcm2cms/yes/pl/24/rms/lva,lva/dover/11/pacing/0/keepalive/yes/fexp/51565116,51565681,51987687/mt/1782143091/sparams/expire,ei,ip,id,itag,source,requiressl,ratebypass,live,sgoap,sgovp,rqh,xpc,bui,spc,vprv,reg,playlist_type/sig/AHEqNM4wRAIgRGEyOL6UMbtlrkX4d87zYRSNJU7dj3C0a9fAH_tamUQCIGXglx9CLP-TB8QcuKNji1wWGh70Tn2JTghn4L_p0uAD/lsparams/hls_chunk_host,initcwndbps,met,mh,mm,mn,ms,mv,mvi,pcm2cms,pl,rms/lsig/APaTxxMwRQIgTJFRZkKnDgdIt2mXeYcKuYS4GLUOGO2PgRJXo_FTagcCIQC7889KdheKE_Uuzgfe4stJjtf5-x7WjRRT-Q8Im8pLQw%3D%3D/playlist/index.m3u8"
assp1,ASSP1_HD,新馬頻道,sources/live-base.txt,durable-base-hls,ASSP1_HD,z3.ubtvfans.com,direct-hls,true,true,retest-existing-hls,,,https://z3.ubtvfans.com/live/rx3/1070/1183e8738f814fbe7ec0583f1a1acfa8/index.m3u8
assp1,ASSP1_HD,新馬頻道,sources/live-cleaned-backup.txt,durable-cleaned-backup-hls,ASSP1_HD,z3.ubtvfans.com,direct-hls,true,true,retest-existing-hls,,,https://z3.ubtvfans.com/live/rx3/1070/1183e8738f814fbe7ec0583f1a1acfa8/index.m3u8
assp2,ASSP2_HD,新馬頻道,sources/live-base.txt,durable-base-hls,ASSP2_HD,z3.ubtvfans.com,direct-hls,true,true,retest-existing-hls,,,https://z3.ubtvfans.com/live/rx3/1071/e75ead621e72cdc751baed297fbee559/index.m3u8
assp2,ASSP2_HD,新馬頻道,sources/live-cleaned-backup.txt,durable-cleaned-backup-hls,ASSP2_HD,z3.ubtvfans.com,direct-hls,true,true,retest-existing-hls,,,https://z3.ubtvfans.com/live/rx3/1071/e75ead621e72cdc751baed297fbee559/index.m3u8
assp3,ASSP3_HD,新馬頻道,sources/live-base.txt,durable-base-hls,ASSP3_HD,z3.ubtvfans.com,direct-hls,true,true,retest-existing-hls,,,https://z3.ubtvfans.com/live/rx3/1072/fa0c0c055309077ffff642a8019f59ed/index.m3u8
assp3,ASSP3_HD,新馬頻道,sources/live-cleaned-backup.txt,durable-cleaned-backup-hls,ASSP3_HD,z3.ubtvfans.com,direct-hls,true,true,retest-existing-hls,,,https://z3.ubtvfans.com/live/rx3/1072/fa0c0c055309077ffff642a8019f59ed/index.m3u8
astroawani,Astro Awani,新馬頻道 | YouTube亞洲新聞,sources/live-base.txt,durable-base-hls,Astro Awani,z3.ubtvfans.com,direct-hls,true,true,retest-existing-hls,,,https://z3.ubtvfans.com/live/rx3/440/186a87dc4bd30ce7bcee58e8e9a4faa4/index.m3u8
astroawani,Astro Awani,新馬頻道 | YouTube亞洲新聞,sources/live-cleaned-backup.txt,durable-cleaned-backup-hls,Astro Awani,z3.ubtvfans.com,direct-hls,true,true,retest-existing-hls,,,https://z3.ubtvfans.com/live/rx3/440/186a87dc4bd30ce7bcee58e8e9a4faa4/index.m3u8
astroawani,Astro Awani,新馬頻道 | YouTube亞洲新聞,sources/youtube-live-channels.csv,durable-youtube-page,Astro AWANI,www.youtube.com,youtube-page,true,true,resolve-with-yt-dlp,,mkVyNaGee8A,https://www.youtube.com/watch?v=mkVyNaGee8A
astroawani,Astro Awani,新馬頻道 | YouTube亞洲新聞,sources/live-youtube-stable.txt,generated-youtube-hls,064 Astro AWANI,manifest.googlevideo.com,youtube-generated-hls,false,false,generated-short-lived,2026-06-22T21:50:17.000Z,mkVyNaGee8A,"https://manifest.googlevideo.com/api/manifest/hls_playlist/expire/1782165017/ei/uVk5ao2CMcje2roPs6Py2Qo/ip/114.42.199.53/id/mkVyNaGee8A.2/itag/94/source/yt_live_broadcast/requiressl/yes/ratebypass/yes/live/1/sgoap/gir%3Dyes%3Bitag%3D140/sgovp/gir%3Dyes%3Bitag%3D135/rqh/1/hls_chunk_host/rr3---sn-ipoxu-umbk.googlevideo.com/xpc/EgVo2aDSNQ%3D%3D/bui/ARmQxEUyJE96omne1inYOwtUqLFbEwnGIFUVdW6ZJSDaqHxyS9h2Og6NpPmzm2w_2dz-UnIbUsNj_qIL/spc/SQ-umpgF9xrEJbaisfhe5iRFqFsy5PrQlb_feM6sfERoGLQkIw/vprv/1/reg/0/playlist_type/DVR/initcwndbps/2968750/met/1782143417,/mh/Yt/mm/44/mn/sn-ipoxu-umbk/ms/lva/mv/m/mvi/3/pl/24/rms/lva,lva/dover/11/pacing/0/keepalive/yes/fexp/51565116,51565682,51987687/mt/1782143091/sparams/expire,ei,ip,id,itag,source,requiressl,ratebypass,live,sgoap,sgovp,rqh,xpc,bui,spc,vprv,reg,playlist_type/sig/AHEqNM4wRAIgJVMSqY_iZzFgRySd7m-7ve4jcZQ99VENLtiVTCheiHICIEgbbPpEVJsZTksBFc-4UpHFCLp_2Wb6OeDu5zuUD0w5/lsparams/hls_chunk_host,initcwndbps,met,mh,mm,mn,ms,mv,mvi,pl,rms/lsig/APaTxxMwRQIgaaKzgd0aXa0cgCJ_4uGsoDTcu5sm6KdIYYBLpwrl5CICIQDkaL3fFZK-ns1QbqZwoKgQncsgauoGNocjXGY0BfRuhg%3D%3D/playlist/index.m3u8"
astrosp1,Astro Sp1,新馬頻道,sources/live-base.txt,durable-base-hls,Astro Sp1,z3.ubtvfans.com,direct-hls,true,true,retest-existing-hls,,,https://z3.ubtvfans.com/live/rx3/444/f911a36af1a358e63d6f98643f0161af/index.m3u8
astrosp1,Astro Sp1,新馬頻道,sources/live-cleaned-backup.txt,durable-cleaned-backup-hls,Astro Sp1,z3.ubtvfans.com,direct-hls,true,true,retest-existing-hls,,,https://z3.ubtvfans.com/live/rx3/444/f911a36af1a358e63d6f98643f0161af/index.m3u8
astrosp2,Astro Sp2,新馬頻道,sources/live-base.txt,durable-base-hls,Astro Sp2,z3.ubtvfans.com,direct-hls,true,true,retest-existing-hls,,,https://z3.ubtvfans.com/live/rx3/445/bed99dc3114c73eb91882dc17b904350/index.m3u8
astrosp2,Astro Sp2,新馬頻道,sources/live-cleaned-backup.txt,durable-cleaned-backup-hls,Astro Sp2,z3.ubtvfans.com,direct-hls,true,true,retest-existing-hls,,,https://z3.ubtvfans.com/live/rx3/445/bed99dc3114c73eb91882dc17b904350/index.m3u8
astrosp3,Astro Sp3,新馬頻道,sources/live-base.txt,durable-base-hls,Astro Sp3,z3.ubtvfans.com,direct-hls,true,true,retest-existing-hls,,,https://z3.ubtvfans.com/live/rx3/446/be1b27c5b93469a5260ad949e923a380/index.m3u8
astrosp3,Astro Sp3,新馬頻道,sources/live-cleaned-backup.txt,durable-cleaned-backup-hls,Astro Sp3,z3.ubtvfans.com,direct-hls,true,true,retest-existing-hls,,,https://z3.ubtvfans.com/live/rx3/446/be1b27c5b93469a5260ad949e923a380/index.m3u8
astrosp4,Astro Sp4,新馬頻道,sources/live-base.txt,durable-base-hls,Astro Sp4,z3.ubtvfans.com,direct-hls,true,true,retest-existing-hls,,,https://z3.ubtvfans.com/live/rx3/3234/1e679b0a29a2f057faeea50c4e560485/index.m3u8
astrosp4,Astro Sp4,新馬頻道,sources/live-base.txt,durable-base-hls,Astro Sp4,z3.ubtvfans.com,direct-hls,true,true,retest-existing-hls,,,https://z3.ubtvfans.com/live/rx3/447/f11c57960d213a46e46c293bf869e7c9/index.m3u8
astrosp4,Astro Sp4,新馬頻道,sources/live-cleaned-backup.txt,durable-cleaned-backup-hls,Astro Sp4,z3.ubtvfans.com,direct-hls,true,true,retest-existing-hls,,,https://z3.ubtvfans.com/live/rx3/3234/1e679b0a29a2f057faeea50c4e560485/index.m3u8
astrosp4,Astro Sp4,新馬頻道,sources/live-cleaned-backup.txt,durable-cleaned-backup-hls,Astro Sp4,z3.ubtvfans.com,direct-hls,true,true,retest-existing-hls,,,https://z3.ubtvfans.com/live/rx3/447/f11c57960d213a46e46c293bf869e7c9/index.m3u8
atlanta,Atlanta,美國頻道,sources/live-base.txt,durable-base-hls,Atlanta,z3.ubtvfans.com,direct-hls,true,true,retest-existing-hls,,,https://z3.ubtvfans.com/live/rx5/1055/65875936c333373c222fa4aadd069985/index.m3u8
atlanta,Atlanta,美國頻道,sources/live-cleaned-backup.txt,durable-cleaned-backup-hls,Atlanta,z3.ubtvfans.com,direct-hls,true,true,retest-existing-hls,,,https://z3.ubtvfans.com/live/rx5/1055/65875936c333373c222fa4aadd069985/index.m3u8
ausbiztv,Ausbiz TV,澳洲,sources/live-base.txt,durable-base-hls,Ausbiz TV,z3.ubtvfans.com,direct-hls,true,true,retest-existing-hls,,,https://z3.ubtvfans.com/live/rx1/195/9d959ba7385f852eb8a00b48624f3894/index.m3u8
ausbiztv,Ausbiz TV,澳洲,sources/live-cleaned-backup.txt,durable-cleaned-backup-hls,Ausbiz TV,z3.ubtvfans.com,direct-hls,true,true,retest-existing-hls,,,https://z3.ubtvfans.com/live/rx1/195/9d959ba7385f852eb8a00b48624f3894/index.m3u8
axn,AXN,新馬頻道,sources/live-base.txt,durable-base-hls,AXN,z3.ubtvfans.com,direct-hls,true,true,retest-existing-hls,,,https://z3.ubtvfans.com/live/rx3/1044/cf2270d6c63302608be97f29da20cd98/index.m3u8
axn,AXN,新馬頻道,sources/live-cleaned-backup.txt,durable-cleaned-backup-hls,AXN,z3.ubtvfans.com,direct-hls,true,true,retest-existing-hls,,,https://z3.ubtvfans.com/live/rx3/1044/cf2270d6c63302608be97f29da20cd98/index.m3u8
axn미드,AXN[미드],한국,sources/live-base.txt,durable-base-hls,AXN[미드],z3.ubtvfans.com,direct-hls,true,true,retest-existing-hls,,,https://z3.ubtvfans.com/live/rx4/3168/b1229b5fe1054036585e1f953607f382/index.m3u8
axn미드,AXN[미드],한국,sources/live-cleaned-backup.txt,durable-cleaned-backup-hls,AXN[미드],z3.ubtvfans.com,direct-hls,true,true,retest-existing-hls,,,https://z3.ubtvfans.com/live/rx4/3168/b1229b5fe1054036585e1f953607f382/index.m3u8
axn亞洲,AXN亞洲,台灣頻道,sources/live-base.txt,durable-base-hls,AXN亞洲,z3.ubtvfans.com,direct-hls,true,true,retest-existing-hls,,,https://z3.ubtvfans.com/live/rx6/1066/25d6775814d991070c373cb5e7254340/index.m3u8
axn亞洲,AXN亞洲,台灣頻道,sources/live-cleaned-backup.txt,durable-cleaned-backup-hls,AXN亞洲,z3.ubtvfans.com,direct-hls,true,true,retest-existing-hls,,,https://z3.ubtvfans.com/live/rx6/1066/25d6775814d991070c373cb5e7254340/index.m3u8
axn臺灣,AXN臺灣,台灣頻道,sources/live-base.txt,durable-base-hls,AXN臺灣,z3.ubtvfans.com,direct-hls,true,true,retest-existing-hls,,,https://z3.ubtvfans.com/live/rx3/2816/cc973cab302f70f4f4b00827113d7cc0/index.m3u8
axn臺灣,AXN臺灣,台灣頻道,sources/live-cleaned-backup.txt,durable-cleaned-backup-hls,AXN臺灣,z3.ubtvfans.com,direct-hls,true,true,retest-existing-hls,,,https://z3.ubtvfans.com/live/rx3/2816/cc973cab302f70f4f4b00827113d7cc0/index.m3u8
babes,BABES,私密頻道_7708,sources/live-base.txt,durable-base-hls,BABES,z3.ubtvfans.com,direct-hls,true,true,retest-existing-hls,,,https://z3.ubtvfans.com/live/rx4/3088/dd5c30f75c5d6b18d32dfd9c97a3b09e/index.m3u8
babes,BABES,私密頻道_7708,sources/live-cleaned-backup.txt,durable-cleaned-backup-hls,BABES,z3.ubtvfans.com,direct-hls,true,true,retest-existing-hls,,,https://z3.ubtvfans.com/live/rx4/3088/dd5c30f75c5d6b18d32dfd9c97a3b09e/index.m3u8
babesunleashed,BABES UNLEASHED,私密頻道_7708,sources/live-base.txt,durable-base-hls,BABES UNLEASHED,z3.ubtvfans.com,direct-hls,true,true,retest-existing-hls,,,https://z3.ubtvfans.com/live/rx4/3089/5ac992f9ce6fab7e5f0c0c987eba8eb3/index.m3u8
babesunleashed,BABES UNLEASHED,私密頻道_7708,sources/live-cleaned-backup.txt,durable-cleaned-backup-hls,BABES UNLEASHED,z3.ubtvfans.com,direct-hls,true,true,retest-existing-hls,,,https://z3.ubtvfans.com/live/rx4/3089/5ac992f9ce6fab7e5f0c0c987eba8eb3/index.m3u8
babesxxx,Babes XXX,私密頻道_7708,sources/live-base.txt,durable-base-hls,Babes XXX,z3.ubtvfans.com,direct-hls,true,true,retest-existing-hls,,,https://z3.ubtvfans.com/live/rx4/3085/4800dd054946cda34c63b8943beedba7/index.m3u8
babesxxx,Babes XXX,私密頻道_7708,sources/live-cleaned-backup.txt,durable-cleaned-backup-hls,Babes XXX,z3.ubtvfans.com,direct-hls,true,true,retest-existing-hls,,,https://z3.ubtvfans.com/live/rx4/3085/4800dd054946cda34c63b8943beedba7/index.m3u8
babytv,BabyTV,美國頻道,sources/live-base.txt,durable-base-hls,BabyTV,z3.ubtvfans.com,direct-hls,true,true,retest-existing-hls,,,https://z3.ubtvfans.com/live/rx6/1241/25f4e727154d86d3f8a4f9089dfbe4bc/index.m3u8
babytv,BabyTV,美國頻道,sources/live-base.txt,durable-base-hls,Babytv,z3.ubtvfans.com,direct-hls,true,true,retest-existing-hls,,,https://z3.ubtvfans.com/live/rx2/1522/38622b89c5e159282f961d7ac3346cf0/index.m3u8
babytv,BabyTV,美國頻道,sources/live-cleaned-backup.txt,durable-cleaned-backup-hls,Babytv,z3.ubtvfans.com,direct-hls,true,true,retest-existing-hls,,,https://z3.ubtvfans.com/live/rx2/1522/38622b89c5e159282f961d7ac3346cf0/index.m3u8
babytv,BabyTV,美國頻道,sources/live-cleaned-backup.txt,durable-cleaned-backup-hls,BabyTV,z3.ubtvfans.com,direct-hls,true,true,retest-existing-hls,,,https://z3.ubtvfans.com/live/rx6/1241/25f4e727154d86d3f8a4f9089dfbe4bc/index.m3u8
badentv,Baden TV,德國頻道,sources/live-base.txt,durable-base-hls,Baden TV,z3.ubtvfans.com,direct-hls,true,true,retest-existing-hls,,,https://z3.ubtvfans.com/live/rx4/412/3cce5add8fd6975e262804d95a5855d7/index.m3u8
badentv,Baden TV,德國頻道,sources/live-cleaned-backup.txt,durable-cleaned-backup-hls,Baden TV,z3.ubtvfans.com,direct-hls,true,true,retest-existing-hls,,,https://z3.ubtvfans.com/live/rx4/412/3cce5add8fd6975e262804d95a5855d7/index.m3u8
baebpervcity,BAEB Perv City,私密頻道_7708,sources/live-base.txt,durable-base-hls,BAEB Perv City,z3.ubtvfans.com,direct-hls,true,true,retest-existing-hls,,,https://z3.ubtvfans.com/live/rx4/3090/d2d2caef418b2cb18f6880417b3299d5/index.m3u8
baebpervcity,BAEB Perv City,私密頻道_7708,sources/live-cleaned-backup.txt,durable-cleaned-backup-hls,BAEB Perv City,z3.ubtvfans.com,direct-hls,true,true,retest-existing-hls,,,https://z3.ubtvfans.com/live/rx4/3090/d2d2caef418b2cb18f6880417b3299d5/index.m3u8
banana香蕉,Banana香蕉,私密頻道_7708,sources/live-base.txt,durable-base-hls,Banana香蕉,z3.ubtvfans.com,direct-hls,true,true,retest-existing-hls,,,https://z3.ubtvfans.com/live/rx3/2930/6afc9e96b2b744c62a4a0fcbe92f6b7a/index.m3u8
banana香蕉,Banana香蕉,私密頻道_7708,sources/live-cleaned-backup.txt,durable-cleaned-backup-hls,Banana香蕉,z3.ubtvfans.com,direct-hls,true,true,retest-existing-hls,,,https://z3.ubtvfans.com/live/rx3/2930/6afc9e96b2b744c62a4a0fcbe92f6b7a/index.m3u8
bbcamerice,BBC Americe,美國頻道,sources/live-base.txt,durable-base-hls,BBC Americe,z3.ubtvfans.com,direct-hls,true,true,retest-existing-hls,,,https://z3.ubtvfans.com/live/rx6/27/b211db7f0c3cc1c55092737aa7cbe073/index.m3u8
bbcamerice,BBC Americe,美國頻道,sources/live-cleaned-backup.txt,durable-cleaned-backup-hls,BBC Americe,z3.ubtvfans.com,direct-hls,true,true,retest-existing-hls,,,https://z3.ubtvfans.com/live/rx6/27/b211db7f0c3cc1c55092737aa7cbe073/index.m3u8
beritartm,Berita RTM,新馬頻道,sources/live-base.txt,durable-base-hls,Berita RTM,z3.ubtvfans.com,direct-hls,true,true,retest-existing-hls,,,https://z3.ubtvfans.com/live/rx4/361/9854fa398098a6e7698a85e247883527/index.m3u8
beritartm,Berita RTM,新馬頻道,sources/live-cleaned-backup.txt,durable-cleaned-backup-hls,Berita RTM,z3.ubtvfans.com,direct-hls,true,true,retest-existing-hls,,,https://z3.ubtvfans.com/live/rx4/361/9854fa398098a6e7698a85e247883527/index.m3u8
beritasatu,BeritaSatu,印尼頻道,sources/live-base.txt,durable-base-hls,BeritaSatu,z3.ubtvfans.com,direct-hls,true,true,retest-existing-hls,,,https://z3.ubtvfans.com/live/rx6/2553/873c77e3d26d164358e5a21a1886fc12/index.m3u8
beritasatu,BeritaSatu,印尼頻道,sources/live-cleaned-backup.txt,durable-cleaned-backup-hls,BeritaSatu,z3.ubtvfans.com,direct-hls,true,true,retest-existing-hls,,,https://z3.ubtvfans.com/live/rx6/2553/873c77e3d26d164358e5a21a1886fc12/index.m3u8
bestofmlb,Best of MLB,YouTube音樂體育風景,sources/youtube-live-channels.csv,durable-youtube-page,Best of MLB,www.youtube.com,youtube-page,true,true,resolve-with-yt-dlp,,wKiClrFLjZs,https://www.youtube.com/watch?v=wKiClrFLjZs
bilyonaryonews,Bilyonaryo News,菲律賓,sources/live-base.txt,durable-base-hls,Bilyonaryo News,z3.ubtvfans.com,direct-hls,true,true,retest-existing-hls,,,https://z3.ubtvfans.com/live/rx5/1437/bf39c3d904292798da613d881a8d232c/index.m3u8
bilyonaryonews,Bilyonaryo News,菲律賓,sources/live-cleaned-backup.txt,durable-cleaned-backup-hls,Bilyonaryo News,z3.ubtvfans.com,direct-hls,true,true,retest-existing-hls,,,https://z3.ubtvfans.com/live/rx5/1437/bf39c3d904292798da613d881a8d232c/index.m3u8
bloomberg,Bloomberg,美國頻道,sources/live-base.txt,durable-base-hls,Bloomberg,z3.ubtvfans.com,direct-hls,true,true,retest-existing-hls,,,https://z3.ubtvfans.com/live/rx3/1107/6e1b46f5bc60d90c3e05be1e16048c49/index.m3u8
bloomberg,Bloomberg,美國頻道,sources/live-cleaned-backup.txt,durable-cleaned-backup-hls,Bloomberg,z3.ubtvfans.com,direct-hls,true,true,retest-existing-hls,,,https://z3.ubtvfans.com/live/rx3/1107/6e1b46f5bc60d90c3e05be1e16048c49/index.m3u8
bloombergpolitics,Bloomberg Politics,新聞頻道,sources/live-base.txt,durable-base-hls,Bloomberg Politics,z3.ubtvfans.com,direct-hls,true,true,retest-existing-hls,,,https://z3.ubtvfans.com/live/rx1/1159/4e13f562e4fb9a95e6695ae3022a848f/index.m3u8
bloombergpolitics,Bloomberg Politics,新聞頻道,sources/live-cleaned-backup.txt,durable-cleaned-backup-hls,Bloomberg Politics,z3.ubtvfans.com,direct-hls,true,true,retest-existing-hls,,,https://z3.ubtvfans.com/live/rx1/1159/4e13f562e4fb9a95e6695ae3022a848f/index.m3u8
bloombergtelevision,Bloomberg Television,新聞頻道,sources/live-base.txt,durable-base-hls,Bloomberg Television,z3.ubtvfans.com,direct-hls,true,true,retest-existing-hls,,,https://z3.ubtvfans.com/live/rx3/1046/1bc7ceacd168d2de08cd7fa14226ec25/index.m3u8
bloombergtelevision,Bloomberg Television,新聞頻道,sources/live-cleaned-backup.txt,durable-cleaned-backup-hls,Bloomberg Television,z3.ubtvfans.com,direct-hls,true,true,retest-existing-hls,,,https://z3.ubtvfans.com/live/rx3/1046/1bc7ceacd168d2de08cd7fa14226ec25/index.m3u8
bluehustler,Blue Hustler,私密頻道_7708,sources/live-base.txt,durable-base-hls,Blue Hustler,z3.ubtvfans.com,direct-hls,true,true,retest-existing-hls,,,https://z3.ubtvfans.com/live/rx4/3077/a17d8a372ba2c3c1923bd06c669a663e/index.m3u8
bluehustler,Blue Hustler,私密頻道_7708,sources/live-cleaned-backup.txt,durable-cleaned-backup-hls,Blue Hustler,z3.ubtvfans.com,direct-hls,true,true,retest-existing-hls,,,https://z3.ubtvfans.com/live/rx4/3077/a17d8a372ba2c3c1923bd06c669a663e/index.m3u8
bnc,BNC,新馬頻道,sources/live-base.txt,durable-base-hls,BNC,z3.ubtvfans.com,direct-hls,true,true,retest-existing-hls,,,https://z3.ubtvfans.com/live/rx3/1045/27189a464fad3dc6615163102194ceb5/index.m3u8
bnc,BNC,新馬頻道,sources/live-cleaned-backup.txt,durable-cleaned-backup-hls,BNC,z3.ubtvfans.com,direct-hls,true,true,retest-existing-hls,,,https://z3.ubtvfans.com/live/rx3/1045/27189a464fad3dc6615163102194ceb5/index.m3u8
bóngđátv,Bóng Đá TV,越南頻道,sources/live-base.txt,durable-base-hls,Bóng Đá TV,z3.ubtvfans.com,direct-hls,true,true,retest-existing-hls,,,https://z3.ubtvfans.com/live/rx5/2263/15f2931660073220c6ce7285a2c58d4f/index.m3u8
bóngđátv,Bóng Đá TV,越南頻道,sources/live-cleaned-backup.txt,durable-cleaned-backup-hls,Bóng Đá TV,z3.ubtvfans.com,direct-hls,true,true,retest-existing-hls,,,https://z3.ubtvfans.com/live/rx5/2263/15f2931660073220c6ce7285a2c58d4f/index.m3u8
boomerang,Boomerang,少兒頻道 | 美國頻道,sources/live-base.txt,durable-base-hls,Boomerang,z3.ubtvfans.com,direct-hls,true,true,retest-existing-hls,,,https://z3.ubtvfans.com/live/rx6/57/2bfa490b60b1afe21dadfcd46be19dc7/index.m3u8
boomerang,Boomerang,少兒頻道 | 美國頻道,sources/live-base.txt,durable-base-hls,Boomerang,z3.ubtvfans.com,direct-hls,true,true,retest-existing-hls,,,https://z3.ubtvfans.com/live/rx5/1214/9a5fe1f40784936bd737e6f06468217f/index.m3u8
boomerang,Boomerang,少兒頻道 | 美國頻道,sources/live-cleaned-backup.txt,durable-cleaned-backup-hls,Boomerang,z3.ubtvfans.com,direct-hls,true,true,retest-existing-hls,,,https://z3.ubtvfans.com/live/rx6/57/2bfa490b60b1afe21dadfcd46be19dc7/index.m3u8
boomerang,Boomerang,少兒頻道 | 美國頻道,sources/live-cleaned-backup.txt,durable-cleaned-backup-hls,Boomerang,z3.ubtvfans.com,direct-hls,true,true,retest-existing-hls,,,https://z3.ubtvfans.com/live/rx5/1214/9a5fe1f40784936bd737e6f06468217f/index.m3u8
brfernsehen,BR Fernsehen,德國頻道,sources/live-base.txt,durable-base-hls,BR Fernsehen,z3.ubtvfans.com,direct-hls,true,true,retest-existing-hls,,,https://z3.ubtvfans.com/live/rx6/3032/2394db58b1b1d70ef0515c66bef46675/index.m3u8
brfernsehen,BR Fernsehen,德國頻道,sources/live-cleaned-backup.txt,durable-cleaned-backup-hls,BR Fernsehen,z3.ubtvfans.com,direct-hls,true,true,retest-existing-hls,,,https://z3.ubtvfans.com/live/rx6/3032/2394db58b1b1d70ef0515c66bef46675/index.m3u8
bravo,Bravo,美國頻道,sources/live-base.txt,durable-base-hls,Bravo,z3.ubtvfans.com,direct-hls,true,true,retest-existing-hls,,,https://z3.ubtvfans.com/live/rx2/1525/255cabbe5f56b776aa7515d922879584/index.m3u8
bravo,Bravo,美國頻道,sources/live-cleaned-backup.txt,durable-cleaned-backup-hls,Bravo,z3.ubtvfans.com,direct-hls,true,true,retest-existing-hls,,,https://z3.ubtvfans.com/live/rx2/1525/255cabbe5f56b776aa7515d922879584/index.m3u8
brazzersenespanol,BRAZZERS EN ESPANOL,私密頻道_7708,sources/live-base.txt,durable-base-hls,BRAZZERS EN ESPANOL,z3.ubtvfans.com,direct-hls,true,true,retest-existing-hls,,,https://z3.ubtvfans.com/live/rx4/3092/b243cd60aa9f12f431223762a898778f/index.m3u8
brazzersenespanol,BRAZZERS EN ESPANOL,私密頻道_7708,sources/live-cleaned-backup.txt,durable-cleaned-backup-hls,BRAZZERS EN ESPANOL,z3.ubtvfans.com,direct-hls,true,true,retest-existing-hls,,,https://z3.ubtvfans.com/live/rx4/3092/b243cd60aa9f12f431223762a898778f/index.m3u8
brazzerstv,Brazzers TV,私密頻道_7708,sources/live-base.txt,durable-base-hls,Brazzers TV,z3.ubtvfans.com,direct-hls,true,true,retest-existing-hls,,,https://z3.ubtvfans.com/live/rx4/3076/b76a7adee38f93a3e7ccd5d1a5bdc156/index.m3u8
brazzerstv,Brazzers TV,私密頻道_7708,sources/live-cleaned-backup.txt,durable-cleaned-backup-hls,Brazzers TV,z3.ubtvfans.com,direct-hls,true,true,retest-existing-hls,,,https://z3.ubtvfans.com/live/rx4/3076/b76a7adee38f93a3e7ccd5d1a5bdc156/index.m3u8
breakingnews,Breaking News,新聞頻道,sources/live-base.txt,durable-base-hls,Breaking News,z3.ubtvfans.com,direct-hls,true,true,retest-existing-hls,,,https://z3.ubtvfans.com/live/rx1/1310/626502c97aecb30707a88bf66fcfcd8c/index.m3u8
breakingnews,Breaking News,新聞頻道,sources/live-cleaned-backup.txt,durable-cleaned-backup-hls,Breaking News,z3.ubtvfans.com,direct-hls,true,true,retest-existing-hls,,,https://z3.ubtvfans.com/live/rx1/1310/626502c97aecb30707a88bf66fcfcd8c/index.m3u8
bs富士,BS-富士,にっぽん,sources/live-base.txt,durable-base-hls,BS-富士,z3.ubtvfans.com,direct-hls,true,true,retest-existing-hls,,,https://z3.ubtvfans.com/live/rx6/2919/5139bf8858e2321e14fc8af9e3de17c0/index.m3u8
bs富士,BS-富士,にっぽん,sources/live-cleaned-backup.txt,durable-cleaned-backup-hls,BS-富士,z3.ubtvfans.com,direct-hls,true,true,retest-existing-hls,,,https://z3.ubtvfans.com/live/rx6/2919/5139bf8858e2321e14fc8af9e3de17c0/index.m3u8
bs日本映画専門ch,BS日本映画専門Ch,にっぽん,sources/live-base.txt,durable-base-hls,BS日本映画専門Ch,z3.ubtvfans.com,direct-hls,true,true,retest-existing-hls,,,https://z3.ubtvfans.com/live/rx3/2219/826cfee7d90d817814e658af7300a090/index.m3u8
bs日本映画専門ch,BS日本映画専門Ch,にっぽん,sources/live-cleaned-backup.txt,durable-cleaned-backup-hls,BS日本映画専門Ch,z3.ubtvfans.com,direct-hls,true,true,retest-existing-hls,,,https://z3.ubtvfans.com/live/rx3/2219/826cfee7d90d817814e658af7300a090/index.m3u8
bs日テレ,BS日テレ,にっぽん,sources/live-base.txt,durable-base-hls,BS日テレ,z3.ubtvfans.com,direct-hls,true,true,retest-existing-hls,,,https://z3.ubtvfans.com/live/rx3/240/2b437fad4d4bc15937b50218739978a0/index.m3u8
bs日テレ,BS日テレ,にっぽん,sources/live-cleaned-backup.txt,durable-cleaned-backup-hls,BS日テレ,z3.ubtvfans.com,direct-hls,true,true,retest-existing-hls,,,https://z3.ubtvfans.com/live/rx3/240/2b437fad4d4bc15937b50218739978a0/index.m3u8
bs朝日,BS朝日,にっぽん,sources/live-base.txt,durable-base-hls,BS朝日,z3.ubtvfans.com,direct-hls,true,true,retest-existing-hls,,,https://z3.ubtvfans.com/live/rx6/3213/b9d869205413c7db74c1b1592810ea60/index.m3u8
bs朝日,BS朝日,にっぽん,sources/live-base.txt,durable-base-hls,BS朝日,z3.ubtvfans.com,direct-hls,true,true,retest-existing-hls,,,https://z3.ubtvfans.com/live/rx3/241/2f57ee49682bcd7e2688d63b4a2d2e0c/index.m3u8
bs朝日,BS朝日,にっぽん,sources/live-cleaned-backup.txt,durable-cleaned-backup-hls,BS朝日,z3.ubtvfans.com,direct-hls,true,true,retest-existing-hls,,,https://z3.ubtvfans.com/live/rx6/3213/b9d869205413c7db74c1b1592810ea60/index.m3u8
bs朝日,BS朝日,にっぽん,sources/live-cleaned-backup.txt,durable-cleaned-backup-hls,BS朝日,z3.ubtvfans.com,direct-hls,true,true,retest-existing-hls,,,https://z3.ubtvfans.com/live/rx3/241/2f57ee49682bcd7e2688d63b4a2d2e0c/index.m3u8
bsジャパン,BSジャパン,にっぽん,sources/live-base.txt,durable-base-hls,BSジャパン,z3.ubtvfans.com,direct-hls,true,true,retest-existing-hls,,,https://z3.ubtvfans.com/live/rx6/3211/2badef15cc1a212c2d1c937a0abba145/index.m3u8
bsジャパン,BSジャパン,にっぽん,sources/live-cleaned-backup.txt,durable-cleaned-backup-hls,BSジャパン,z3.ubtvfans.com,direct-hls,true,true,retest-existing-hls,,,https://z3.ubtvfans.com/live/rx6/3211/2badef15cc1a212c2d1c937a0abba145/index.m3u8
bsテレビ東京,BSテレビ東京,にっぽん,sources/live-base.txt,durable-base-hls,BSテレビ東京,z3.ubtvfans.com,direct-hls,true,true,retest-existing-hls,,,https://z3.ubtvfans.com/live/rx3/243/542cba17cb8016fb26cba123cd608cb2/index.m3u8
bsテレビ東京,BSテレビ東京,にっぽん,sources/live-cleaned-backup.txt,durable-cleaned-backup-hls,BSテレビ東京,z3.ubtvfans.com,direct-hls,true,true,retest-existing-hls,,,https://z3.ubtvfans.com/live/rx3/243/542cba17cb8016fb26cba123cd608cb2/index.m3u8
bsフジ,BSフジ,にっぽん,sources/live-base.txt,durable-base-hls,BSフジ,z3.ubtvfans.com,direct-hls,true,true,retest-existing-hls,,,https://z3.ubtvfans.com/live/rx3/244/fd02729fdb1bb20e914cfa8ee50e4ef2/index.m3u8
bsフジ,BSフジ,にっぽん,sources/live-cleaned-backup.txt,durable-cleaned-backup-hls,BSフジ,z3.ubtvfans.com,direct-hls,true,true,retest-existing-hls,,,https://z3.ubtvfans.com/live/rx3/244/fd02729fdb1bb20e914cfa8ee50e4ef2/index.m3u8
btespn,bt espn hd,體育頻道,sources/live-base.txt,durable-base-hls,bt espn hd,z3.ubtvfans.com,direct-hls,true,true,retest-existing-hls,,,https://z3.ubtvfans.com/live/rx5/2790/20bd8d144243b5e1fef2bde19f0065a7/index.m3u8
btespn,bt espn hd,體育頻道,sources/live-cleaned-backup.txt,durable-cleaned-backup-hls,bt espn hd,z3.ubtvfans.com,direct-hls,true,true,retest-existing-hls,,,https://z3.ubtvfans.com/live/rx5/2790/20bd8d144243b5e1fef2bde19f0065a7/index.m3u8
btsport1,BT Sport 1,體育頻道,sources/live-base.txt,durable-base-hls,BT Sport 1,z3.ubtvfans.com,direct-hls,true,true,retest-existing-hls,,,https://z3.ubtvfans.com/live/rx3/165/d135a2ffd79654624e70a2c3d9d76563/index.m3u8
btsport1,BT Sport 1,體育頻道,sources/live-cleaned-backup.txt,durable-cleaned-backup-hls,BT Sport 1,z3.ubtvfans.com,direct-hls,true,true,retest-existing-hls,,,https://z3.ubtvfans.com/live/rx3/165/d135a2ffd79654624e70a2c3d9d76563/index.m3u8
btsport2,BT Sport 2,體育頻道,sources/live-base.txt,durable-base-hls,BT Sport 2,z3.ubtvfans.com,direct-hls,true,true,retest-existing-hls,,,https://z3.ubtvfans.com/live/rx3/166/9d51d99469670f617b51ad62402bb3c8/index.m3u8
btsport2,BT Sport 2,體育頻道,sources/live-cleaned-backup.txt,durable-cleaned-backup-hls,BT Sport 2,z3.ubtvfans.com,direct-hls,true,true,retest-existing-hls,,,https://z3.ubtvfans.com/live/rx3/166/9d51d99469670f617b51ad62402bb3c8/index.m3u8
btsport3,BT Sport 3,體育頻道,sources/live-base.txt,durable-base-hls,BT Sport 3,z3.ubtvfans.com,direct-hls,true,true,retest-existing-hls,,,https://z3.ubtvfans.com/live/rx3/167/c2448a25cc7f1eae11483e81b8fc7e67/index.m3u8
btsport3,BT Sport 3,體育頻道,sources/live-cleaned-backup.txt,durable-cleaned-backup-hls,BT Sport 3,z3.ubtvfans.com,direct-hls,true,true,retest-existing-hls,,,https://z3.ubtvfans.com/live/rx3/167/c2448a25cc7f1eae11483e81b8fc7e67/index.m3u8
btn,BTN,體育頻道 | 한국,sources/live-base.txt,durable-base-hls,BTN,z3.ubtvfans.com,direct-hls,true,true,retest-existing-hls,,,https://z3.ubtvfans.com/live/rx6/3256/f23384b76bb696a2c8a400d64be60f20/index.m3u8
btn,BTN,體育頻道 | 한국,sources/live-base.txt,durable-base-hls,BTN,z3.ubtvfans.com,direct-hls,true,true,retest-existing-hls,,,https://z3.ubtvfans.com/live/rx4/3078/3d61b5de17a4bcfa4e4e5bb55d939a92/index.m3u8
btn,BTN,體育頻道 | 한국,sources/live-cleaned-backup.txt,durable-cleaned-backup-hls,BTN,z3.ubtvfans.com,direct-hls,true,true,retest-existing-hls,,,https://z3.ubtvfans.com/live/rx6/3256/f23384b76bb696a2c8a400d64be60f20/index.m3u8
btn,BTN,體育頻道 | 한국,sources/live-cleaned-backup.txt,durable-cleaned-backup-hls,BTN,z3.ubtvfans.com,direct-hls,true,true,retest-existing-hls,,,https://z3.ubtvfans.com/live/rx4/3078/3d61b5de17a4bcfa4e4e5bb55d939a92/index.m3u8
busmusic,Bus_Music,泰國頻道,sources/live-base.txt,durable-base-hls,Bus_Music,z3.ubtvfans.com,direct-hls,true,true,retest-existing-hls,,,https://z3.ubtvfans.com/live/rx2/2318/5b6e3d93dba39d380127a8e41d31feca/index.m3u8
busmusic,Bus_Music,泰國頻道,sources/live-cleaned-backup.txt,durable-cleaned-backup-hls,Bus_Music,z3.ubtvfans.com,direct-hls,true,true,retest-existing-hls,,,https://z3.ubtvfans.com/live/rx2/2318/5b6e3d93dba39d380127a8e41d31feca/index.m3u8
businessnetworknews,Business Network News,加拿大,sources/live-base.txt,durable-base-hls,Business Network News,z3.ubtvfans.com,direct-hls,true,true,retest-existing-hls,,,https://z3.ubtvfans.com/live/rx3/1250/8102e040a20f62fc3e4509ff1deb8be8/index.m3u8
businessnetworknews,Business Network News,加拿大,sources/live-cleaned-backup.txt,durable-cleaned-backup-hls,Business Network News,z3.ubtvfans.com,direct-hls,true,true,retest-existing-hls,,,https://z3.ubtvfans.com/live/rx3/1250/8102e040a20f62fc3e4509ff1deb8be8/index.m3u8
bustylover,BUSTY LOVER,私密頻道_7708,sources/live-base.txt,durable-base-hls,BUSTY LOVER,z3.ubtvfans.com,direct-hls,true,true,retest-existing-hls,,,https://z3.ubtvfans.com/live/rx4/3093/d986b2c500eefa58b4ada16908cc6cc6/index.m3u8
bustylover,BUSTY LOVER,私密頻道_7708,sources/live-cleaned-backup.txt,durable-cleaned-backup-hls,BUSTY LOVER,z3.ubtvfans.com,direct-hls,true,true,retest-existing-hls,,,https://z3.ubtvfans.com/live/rx4/3093/d986b2c500eefa58b4ada16908cc6cc6/index.m3u8
c31melbourne,C31 Melbourne,澳洲,sources/live-base.txt,durable-base-hls,C31 Melbourne,z3.ubtvfans.com,direct-hls,true,true,retest-existing-hls,,,https://z3.ubtvfans.com/live/rx6/47/fc1ae81ef90009bc08991197537a6d34/index.m3u8
c31melbourne,C31 Melbourne,澳洲,sources/live-cleaned-backup.txt,durable-cleaned-backup-hls,C31 Melbourne,z3.ubtvfans.com,direct-hls,true,true,retest-existing-hls,,,https://z3.ubtvfans.com/live/rx6/47/fc1ae81ef90009bc08991197537a6d34/index.m3u8
c44adelaide,C44 Adelaide,澳洲,sources/live-base.txt,durable-base-hls,C44 Adelaide,z3.ubtvfans.com,direct-hls,true,true,retest-existing-hls,,,https://z3.ubtvfans.com/live/rx6/31/2cfda6e6784e8eb96b7747758374dd39/index.m3u8
c44adelaide,C44 Adelaide,澳洲,sources/live-cleaned-backup.txt,durable-cleaned-backup-hls,C44 Adelaide,z3.ubtvfans.com,direct-hls,true,true,retest-existing-hls,,,https://z3.ubtvfans.com/live/rx6/31/2cfda6e6784e8eb96b7747758374dd39/index.m3u8
canalsavoir,Canal Savoir,加拿大,sources/live-base.txt,durable-base-hls,Canal Savoir,z3.ubtvfans.com,direct-hls,true,true,retest-existing-hls,,,https://z3.ubtvfans.com/live/rx3/3195/65f1297272a17d8224ae9bd7b73a9cba/index.m3u8
canalsavoir,Canal Savoir,加拿大,sources/live-cleaned-backup.txt,durable-cleaned-backup-hls,Canal Savoir,z3.ubtvfans.com,direct-hls,true,true,retest-existing-hls,,,https://z3.ubtvfans.com/live/rx3/3195/65f1297272a17d8224ae9bd7b73a9cba/index.m3u8
cartoonnetworkus,Cartoon Network US,美國頻道,sources/live-base.txt,durable-base-hls,Cartoon Network US,z3.ubtvfans.com,direct-hls,true,true,retest-existing-hls,,,https://z3.ubtvfans.com/live/rx5/1211/e32c7014cd1ad3298160325afba019f6/index.m3u8
cartoonnetworkus,Cartoon Network US,美國頻道,sources/live-cleaned-backup.txt,durable-cleaned-backup-hls,Cartoon Network US,z3.ubtvfans.com,direct-hls,true,true,retest-existing-hls,,,https://z3.ubtvfans.com/live/rx5/1211/e32c7014cd1ad3298160325afba019f6/index.m3u8
cartoonito,Cartoonito,英國頻道,sources/live-base.txt,durable-base-hls,Cartoonito,z3.ubtvfans.com,direct-hls,true,true,retest-existing-hls,,,https://z3.ubtvfans.com/live/rx3/1429/85fb6b625995850f61952cf74cb6944f/index.m3u8
cartoonito,Cartoonito,英國頻道,sources/live-cleaned-backup.txt,durable-cleaned-backup-hls,Cartoonito,z3.ubtvfans.com,direct-hls,true,true,retest-existing-hls,,,https://z3.ubtvfans.com/live/rx3/1429/85fb6b625995850f61952cf74cb6944f/index.m3u8
catchon1,CATCH ON1,한국,sources/live-base.txt,durable-base-hls,CATCH ON1,z3.ubtvfans.com,direct-hls,true,true,retest-existing-hls,,,https://z3.ubtvfans.com/live/rx4/3207/4e9df4e88df476f7293f2ed2d1f03e35/index.m3u8
catchon1,CATCH ON1,한국,sources/live-cleaned-backup.txt,durable-cleaned-backup-hls,CATCH ON1,z3.ubtvfans.com,direct-hls,true,true,retest-existing-hls,,,https://z3.ubtvfans.com/live/rx4/3207/4e9df4e88df476f7293f2ed2d1f03e35/index.m3u8
catchon2,CATCH ON2,한국,sources/live-base.txt,durable-base-hls,CATCH ON2,z3.ubtvfans.com,direct-hls,true,true,retest-existing-hls,,,https://z3.ubtvfans.com/live/rx4/3200/646c32839355a3e6b41aee9152b11640/index.m3u8
catchon2,CATCH ON2,한국,sources/live-cleaned-backup.txt,durable-cleaned-backup-hls,CATCH ON2,z3.ubtvfans.com,direct-hls,true,true,retest-existing-hls,,,https://z3.ubtvfans.com/live/rx4/3200/646c32839355a3e6b41aee9152b11640/index.m3u8
catchplay,CATCHPLAY,影視頻道,sources/live-base.txt,durable-base-hls,CATCHPLAY,z3.ubtvfans.com,direct-hls,true,true,retest-existing-hls,,,https://z3.ubtvfans.com/live/rx6/362/f2624359c1f8966dfa559f640164f9d6/index.m3u8
catchplay,CATCHPLAY,影視頻道,sources/live-cleaned-backup.txt,durable-cleaned-backup-hls,CATCHPLAY,z3.ubtvfans.com,direct-hls,true,true,retest-existing-hls,,,https://z3.ubtvfans.com/live/rx6/362/f2624359c1f8966dfa559f640164f9d6/index.m3u8
cbc,CBC,加拿大,sources/live-base.txt,durable-base-hls,CBC,z3.ubtvfans.com,direct-hls,true,true,retest-existing-hls,,,https://z3.ubtvfans.com/live/rx3/1252/29a3c24b12b0e774b188335f97893fb8/index.m3u8
cbc,CBC,加拿大,sources/live-cleaned-backup.txt,durable-cleaned-backup-hls,CBC,z3.ubtvfans.com,direct-hls,true,true,retest-existing-hls,,,https://z3.ubtvfans.com/live/rx3/1252/29a3c24b12b0e774b188335f97893fb8/index.m3u8
cbcnews,CBC News,加拿大,sources/live-base.txt,durable-base-hls,CBC News,z3.ubtvfans.com,direct-hls,true,true,retest-existing-hls,,,https://z3.ubtvfans.com/live/rx6/1248/2a3660d5c1981313af9bfa8e2a336f84/index.m3u8
cbcnews,CBC News,加拿大,sources/live-base.txt,durable-base-hls,CBC News,z3.ubtvfans.com,direct-hls,true,true,retest-existing-hls,,,https://z3.ubtvfans.com/live/rx4/3103/788dbb66cefcdcea84b2129965add7a5/index.m3u8
cbcnews,CBC News,加拿大,sources/live-cleaned-backup.txt,durable-cleaned-backup-hls,CBC News,z3.ubtvfans.com,direct-hls,true,true,retest-existing-hls,,,https://z3.ubtvfans.com/live/rx4/3103/788dbb66cefcdcea84b2129965add7a5/index.m3u8
cbcnews,CBC News,加拿大,sources/live-cleaned-backup.txt,durable-cleaned-backup-hls,CBC News,z3.ubtvfans.com,direct-hls,true,true,retest-existing-hls,,,https://z3.ubtvfans.com/live/rx6/1248/2a3660d5c1981313af9bfa8e2a336f84/index.m3u8
cbnnews,CBN News,新聞頻道,sources/live-base.txt,durable-base-hls,CBN News,z3.ubtvfans.com,direct-hls,true,true,retest-existing-hls,,,https://z3.ubtvfans.com/live/rx4/499/775a978ddccceb6b0a87fd34fceb618f/index.m3u8
cbnnews,CBN News,新聞頻道,sources/live-cleaned-backup.txt,durable-cleaned-backup-hls,CBN News,z3.ubtvfans.com,direct-hls,true,true,retest-existing-hls,,,https://z3.ubtvfans.com/live/rx4/499/775a978ddccceb6b0a87fd34fceb618f/index.m3u8
cbsaction,cbs action,體育頻道,sources/live-base.txt,durable-base-hls,cbs action,z3.ubtvfans.com,direct-hls,true,true,retest-existing-hls,,,https://z3.ubtvfans.com/live/rx3/3238/6b71ba72407c0d5cb67b304c11f75eee/index.m3u8
cbsaction,cbs action,體育頻道,sources/live-cleaned-backup.txt,durable-cleaned-backup-hls,cbs action,z3.ubtvfans.com,direct-hls,true,true,retest-existing-hls,,,https://z3.ubtvfans.com/live/rx3/3238/6b71ba72407c0d5cb67b304c11f75eee/index.m3u8
cbs2wbbmtv,CBS2-WBBM-TV,美國頻道,sources/live-base.txt,durable-base-hls,CBS2-WBBM-TV,z3.ubtvfans.com,direct-hls,true,true,retest-existing-hls,,,https://z3.ubtvfans.com/live/rx6/2822/4241ccb7ee050abea4e8aeaef4e06cdb/index.m3u8
cbs2wbbmtv,CBS2-WBBM-TV,美國頻道,sources/live-cleaned-backup.txt,durable-cleaned-backup-hls,CBS2-WBBM-TV,z3.ubtvfans.com,direct-hls,true,true,retest-existing-hls,,,https://z3.ubtvfans.com/live/rx6/2822/4241ccb7ee050abea4e8aeaef4e06cdb/index.m3u8
ccm,CCM,新馬頻道,sources/live-base.txt,durable-base-hls,CCM,z3.ubtvfans.com,direct-hls,true,true,retest-existing-hls,,,https://z3.ubtvfans.com/live/rx3/1438/3df5fb3b029e550fed6a73fe1ebd1f5c/index.m3u8
ccm,CCM,新馬頻道,sources/live-cleaned-backup.txt,durable-cleaned-backup-hls,CCM,z3.ubtvfans.com,direct-hls,true,true,retest-existing-hls,,,https://z3.ubtvfans.com/live/rx3/1438/3df5fb3b029e550fed6a73fe1ebd1f5c/index.m3u8
cctv1,CCTV1,大陸頻道,sources/live-base.txt,durable-base-hls,CCTV1,z3.ubtvfans.com,direct-hls,true,true,retest-existing-hls,,,https://z3.ubtvfans.com/live/rx3/2305/5b8fa5cc7b80d1df85883b1740063f20/index.m3u8
cctv1,CCTV1,大陸頻道,sources/live-base.txt,durable-base-hls,CCTV1,z3.ubtvfans.com,direct-hls,true,true,retest-existing-hls,,,https://z3.ubtvfans.com/live/rx2/200/61ed10858731324546f1cacfd993ed48/index.m3u8
cctv1,CCTV1,大陸頻道,sources/live-cleaned-backup.txt,durable-cleaned-backup-hls,CCTV1,z3.ubtvfans.com,direct-hls,true,true,retest-existing-hls,,,https://z3.ubtvfans.com/live/rx2/200/61ed10858731324546f1cacfd993ed48/index.m3u8
cctv1,CCTV1,大陸頻道,sources/live-cleaned-backup.txt,durable-cleaned-backup-hls,CCTV1,z3.ubtvfans.com,direct-hls,true,true,retest-existing-hls,,,https://z3.ubtvfans.com/live/rx3/2305/5b8fa5cc7b80d1df85883b1740063f20/index.m3u8
cctv10,CCTV10,大陸頻道,sources/live-base.txt,durable-base-hls,CCTV10,z3.ubtvfans.com,direct-hls,true,true,retest-existing-hls,,,https://z3.ubtvfans.com/live/rx3/210/4daad2d48dd7516c7e78529bcf69b035/index.m3u8
cctv10,CCTV10,大陸頻道,sources/live-cleaned-backup.txt,durable-cleaned-backup-hls,CCTV10,z3.ubtvfans.com,direct-hls,true,true,retest-existing-hls,,,https://z3.ubtvfans.com/live/rx3/210/4daad2d48dd7516c7e78529bcf69b035/index.m3u8
cctv11,CCTV11,大陸頻道,sources/live-base.txt,durable-base-hls,CCTV11,z3.ubtvfans.com,direct-hls,true,true,retest-existing-hls,,,https://z3.ubtvfans.com/live/rx6/2809/2dd34de09a219f707b47fe179b95a542/index.m3u8
cctv11,CCTV11,大陸頻道,sources/live-base.txt,durable-base-hls,CCTV11,z3.ubtvfans.com,direct-hls,true,true,retest-existing-hls,,,https://z3.ubtvfans.com/live/rx2/211/a47b35a54940275241bc2771e09fcbb1/index.m3u8
cctv11,CCTV11,大陸頻道,sources/live-cleaned-backup.txt,durable-cleaned-backup-hls,CCTV11,z3.ubtvfans.com,direct-hls,true,true,retest-existing-hls,,,https://z3.ubtvfans.com/live/rx6/2809/2dd34de09a219f707b47fe179b95a542/index.m3u8
cctv11,CCTV11,大陸頻道,sources/live-cleaned-backup.txt,durable-cleaned-backup-hls,CCTV11,z3.ubtvfans.com,direct-hls,true,true,retest-existing-hls,,,https://z3.ubtvfans.com/live/rx2/211/a47b35a54940275241bc2771e09fcbb1/index.m3u8
cctv12,CCTV12,大陸頻道,sources/live-base.txt,durable-base-hls,CCTV12,z3.ubtvfans.com,direct-hls,true,true,retest-existing-hls,,,https://z3.ubtvfans.com/live/rx2/2755/50b6d9897006c391707f2f1936a9814b/index.m3u8
cctv12,CCTV12,大陸頻道,sources/live-base.txt,durable-base-hls,CCTV12,z3.ubtvfans.com,direct-hls,true,true,retest-existing-hls,,,https://z3.ubtvfans.com/live/rx6/212/44e5fa025d78a2c29b8510d46d0505cb/index.m3u8
cctv12,CCTV12,大陸頻道,sources/live-cleaned-backup.txt,durable-cleaned-backup-hls,CCTV12,z3.ubtvfans.com,direct-hls,true,true,retest-existing-hls,,,https://z3.ubtvfans.com/live/rx2/2755/50b6d9897006c391707f2f1936a9814b/index.m3u8
cctv12,CCTV12,大陸頻道,sources/live-cleaned-backup.txt,durable-cleaned-backup-hls,CCTV12,z3.ubtvfans.com,direct-hls,true,true,retest-existing-hls,,,https://z3.ubtvfans.com/live/rx6/212/44e5fa025d78a2c29b8510d46d0505cb/index.m3u8
cctv13,CCTV13,大陸頻道,sources/live-base.txt,durable-base-hls,CCTV13,z3.ubtvfans.com,direct-hls,true,true,retest-existing-hls,,,https://z3.ubtvfans.com/live/rx2/2754/076b8d2008081b42372dbbbe36b5cdba/index.m3u8
cctv13,CCTV13,大陸頻道,sources/live-base.txt,durable-base-hls,CCTV13,z3.ubtvfans.com,direct-hls,true,true,retest-existing-hls,,,https://z3.ubtvfans.com/live/rx6/213/99ffaa060c4fbc8ab51405211776fad4/index.m3u8
cctv13,CCTV13,大陸頻道,sources/live-cleaned-backup.txt,durable-cleaned-backup-hls,CCTV13,z3.ubtvfans.com,direct-hls,true,true,retest-existing-hls,,,https://z3.ubtvfans.com/live/rx2/2754/076b8d2008081b42372dbbbe36b5cdba/index.m3u8
cctv13,CCTV13,大陸頻道,sources/live-cleaned-backup.txt,durable-cleaned-backup-hls,CCTV13,z3.ubtvfans.com,direct-hls,true,true,retest-existing-hls,,,https://z3.ubtvfans.com/live/rx6/213/99ffaa060c4fbc8ab51405211776fad4/index.m3u8
cctv14,CCTV14,少兒頻道,sources/live-base.txt,durable-base-hls,CCTV14,z3.ubtvfans.com,direct-hls,true,true,retest-existing-hls,,,https://z3.ubtvfans.com/live/rx2/214/10f08783747128715c76bbb35eda9034/index.m3u8
cctv14,CCTV14,少兒頻道,sources/live-base.txt,durable-base-hls,CCTV14,z3.ubtvfans.com,direct-hls,true,true,retest-existing-hls,,,https://z3.ubtvfans.com/live/rx6/2826/2ff2a3a7b215b3dfb4373d0b3ae6b5f0/index.m3u8
cctv14,CCTV14,少兒頻道,sources/live-cleaned-backup.txt,durable-cleaned-backup-hls,CCTV14,z3.ubtvfans.com,direct-hls,true,true,retest-existing-hls,,,https://z3.ubtvfans.com/live/rx2/214/10f08783747128715c76bbb35eda9034/index.m3u8
cctv14,CCTV14,少兒頻道,sources/live-cleaned-backup.txt,durable-cleaned-backup-hls,CCTV14,z3.ubtvfans.com,direct-hls,true,true,retest-existing-hls,,,https://z3.ubtvfans.com/live/rx6/2826/2ff2a3a7b215b3dfb4373d0b3ae6b5f0/index.m3u8
cctv15,CCTV15,大陸頻道,sources/live-base.txt,durable-base-hls,CCTV15,z3.ubtvfans.com,direct-hls,true,true,retest-existing-hls,,,https://z3.ubtvfans.com/live/rx6/215/79a2cd3ca161dbec8cbc7e41eb6ed43f/index.m3u8
cctv15,CCTV15,大陸頻道,sources/live-cleaned-backup.txt,durable-cleaned-backup-hls,CCTV15,z3.ubtvfans.com,direct-hls,true,true,retest-existing-hls,,,https://z3.ubtvfans.com/live/rx6/215/79a2cd3ca161dbec8cbc7e41eb6ed43f/index.m3u8
cctv16,CCTV16,大陸頻道,sources/live-base.txt,durable-base-hls,CCTV16,z3.ubtvfans.com,direct-hls,true,true,retest-existing-hls,,,https://z3.ubtvfans.com/live/rx3/2821/13c5608f4f4c2177aacb0f8ffe546a35/index.m3u8
cctv16,CCTV16,大陸頻道,sources/live-cleaned-backup.txt,durable-cleaned-backup-hls,CCTV16,z3.ubtvfans.com,direct-hls,true,true,retest-existing-hls,,,https://z3.ubtvfans.com/live/rx3/2821/13c5608f4f4c2177aacb0f8ffe546a35/index.m3u8
cctv17,CCTV17,紀實頻道,sources/live-base.txt,durable-base-hls,CCTV17,z3.ubtvfans.com,direct-hls,true,true,retest-existing-hls,,,https://z3.ubtvfans.com/live/rx3/3260/1b4825d9806e5e4a8042764dbac7f858/index.m3u8
cctv17,CCTV17,紀實頻道,sources/live-cleaned-backup.txt,durable-cleaned-backup-hls,CCTV17,z3.ubtvfans.com,direct-hls,true,true,retest-existing-hls,,,https://z3.ubtvfans.com/live/rx3/3260/1b4825d9806e5e4a8042764dbac7f858/index.m3u8
cctv2,CCTV2,大陸頻道,sources/live-base.txt,durable-base-hls,CCTV2,z3.ubtvfans.com,direct-hls,true,true,retest-existing-hls,,,https://z3.ubtvfans.com/live/rx6/201/9a6b558b746d5cc38b98bcd584921444/index.m3u8
cctv2,CCTV2,大陸頻道,sources/live-base.txt,durable-base-hls,CCTV2,z3.ubtvfans.com,direct-hls,true,true,retest-existing-hls,,,https://z3.ubtvfans.com/live/rx2/2763/436c47e4cab24aaf90e9c17ca1395a14/index.m3u8
cctv2,CCTV2,大陸頻道,sources/live-cleaned-backup.txt,durable-cleaned-backup-hls,CCTV2,z3.ubtvfans.com,direct-hls,true,true,retest-existing-hls,,,https://z3.ubtvfans.com/live/rx2/2763/436c47e4cab24aaf90e9c17ca1395a14/index.m3u8
cctv2,CCTV2,大陸頻道,sources/live-cleaned-backup.txt,durable-cleaned-backup-hls,CCTV2,z3.ubtvfans.com,direct-hls,true,true,retest-existing-hls,,,https://z3.ubtvfans.com/live/rx6/201/9a6b558b746d5cc38b98bcd584921444/index.m3u8
cctv3,CCTV3,大陸頻道,sources/live-base.txt,durable-base-hls,CCTV3,z3.ubtvfans.com,direct-hls,true,true,retest-existing-hls,,,https://z3.ubtvfans.com/live/rx2/202/e741325e7b805b9a60914da52e659051/index.m3u8
cctv3,CCTV3,大陸頻道,sources/live-base.txt,durable-base-hls,CCTV3,z3.ubtvfans.com,direct-hls,true,true,retest-existing-hls,,,https://z3.ubtvfans.com/live/rx6/2808/7ba89b1673896e50bd5f62ec8f605054/index.m3u8
cctv3,CCTV3,大陸頻道,sources/live-cleaned-backup.txt,durable-cleaned-backup-hls,CCTV3,z3.ubtvfans.com,direct-hls,true,true,retest-existing-hls,,,https://z3.ubtvfans.com/live/rx6/2808/7ba89b1673896e50bd5f62ec8f605054/index.m3u8
cctv3,CCTV3,大陸頻道,sources/live-cleaned-backup.txt,durable-cleaned-backup-hls,CCTV3,z3.ubtvfans.com,direct-hls,true,true,retest-existing-hls,,,https://z3.ubtvfans.com/live/rx2/202/e741325e7b805b9a60914da52e659051/index.m3u8
cctv4,CCTV4,大陸頻道,sources/live-base.txt,durable-base-hls,CCTV4,z3.ubtvfans.com,direct-hls,true,true,retest-existing-hls,,,https://z3.ubtvfans.com/live/rx3/203/409634224d0912c0a78adff4fe7c4399/index.m3u8
cctv4,CCTV4,大陸頻道,sources/live-base.txt,durable-base-hls,CCTV4,z3.ubtvfans.com,direct-hls,true,true,retest-existing-hls,,,https://z3.ubtvfans.com/live/rx2/2764/f5bc7b4fb9cc16765308f8e1d75dd48f/index.m3u8
cctv4,CCTV4,大陸頻道,sources/live-cleaned-backup.txt,durable-cleaned-backup-hls,CCTV4,z3.ubtvfans.com,direct-hls,true,true,retest-existing-hls,,,https://z3.ubtvfans.com/live/rx3/203/409634224d0912c0a78adff4fe7c4399/index.m3u8
cctv4,CCTV4,大陸頻道,sources/live-cleaned-backup.txt,durable-cleaned-backup-hls,CCTV4,z3.ubtvfans.com,direct-hls,true,true,retest-existing-hls,,,https://z3.ubtvfans.com/live/rx2/2764/f5bc7b4fb9cc16765308f8e1d75dd48f/index.m3u8
cctv5,CCTV5,大陸頻道,sources/live-base.txt,durable-base-hls,CCTV5,z3.ubtvfans.com,direct-hls,true,true,retest-existing-hls,,,https://z3.ubtvfans.com/live/rx2/204/ca8e2909cf13a64297732cf0183b7f22/index.m3u8
cctv5,CCTV5,大陸頻道,sources/live-base.txt,durable-base-hls,CCTV5,z3.ubtvfans.com,direct-hls,true,true,retest-existing-hls,,,https://z3.ubtvfans.com/live/rx3/2760/ceed236865cd31d77bead330846d867d/index.m3u8
cctv5,CCTV5,大陸頻道,sources/live-cleaned-backup.txt,durable-cleaned-backup-hls,CCTV5,z3.ubtvfans.com,direct-hls,true,true,retest-existing-hls,,,https://z3.ubtvfans.com/live/rx2/204/ca8e2909cf13a64297732cf0183b7f22/index.m3u8
cctv5,CCTV5,大陸頻道,sources/live-cleaned-backup.txt,durable-cleaned-backup-hls,CCTV5,z3.ubtvfans.com,direct-hls,true,true,retest-existing-hls,,,https://z3.ubtvfans.com/live/rx3/2760/ceed236865cd31d77bead330846d867d/index.m3u8
cctv5plus,CCTV5plus,大陸頻道,sources/live-base.txt,durable-base-hls,CCTV5plus,z3.ubtvfans.com,direct-hls,true,true,retest-existing-hls,,,https://z3.ubtvfans.com/live/rx2/2759/856d7841639b1a1e1a371b41e070f9dc/index.m3u8
cctv5plus,CCTV5plus,大陸頻道,sources/live-base.txt,durable-base-hls,CCTV5plus,z3.ubtvfans.com,direct-hls,true,true,retest-existing-hls,,,https://z3.ubtvfans.com/live/rx3/205/7f3d29c0242736cf96984948f35e380d/index.m3u8
cctv5plus,CCTV5plus,大陸頻道,sources/live-cleaned-backup.txt,durable-cleaned-backup-hls,CCTV5plus,z3.ubtvfans.com,direct-hls,true,true,retest-existing-hls,,,https://z3.ubtvfans.com/live/rx2/2759/856d7841639b1a1e1a371b41e070f9dc/index.m3u8
cctv5plus,CCTV5plus,大陸頻道,sources/live-cleaned-backup.txt,durable-cleaned-backup-hls,CCTV5plus,z3.ubtvfans.com,direct-hls,true,true,retest-existing-hls,,,https://z3.ubtvfans.com/live/rx3/205/7f3d29c0242736cf96984948f35e380d/index.m3u8
cctv6,CCTV6,大陸頻道,sources/live-base.txt,durable-base-hls,CCTV6,z3.ubtvfans.com,direct-hls,true,true,retest-existing-hls,,,https://z3.ubtvfans.com/live/rx6/206/d3a601eecfc35ff21ccc7571963a185f/index.m3u8
cctv6,CCTV6,大陸頻道,sources/live-base.txt,durable-base-hls,CCTV6,z3.ubtvfans.com,direct-hls,true,true,retest-existing-hls,,,https://z3.ubtvfans.com/live/rx2/2758/286ba208220f87017e30ca47e654b302/index.m3u8
cctv6,CCTV6,大陸頻道,sources/live-cleaned-backup.txt,durable-cleaned-backup-hls,CCTV6,z3.ubtvfans.com,direct-hls,true,true,retest-existing-hls,,,https://z3.ubtvfans.com/live/rx6/206/d3a601eecfc35ff21ccc7571963a185f/index.m3u8
cctv6,CCTV6,大陸頻道,sources/live-cleaned-backup.txt,durable-cleaned-backup-hls,CCTV6,z3.ubtvfans.com,direct-hls,true,true,retest-existing-hls,,,https://z3.ubtvfans.com/live/rx2/2758/286ba208220f87017e30ca47e654b302/index.m3u8
cctv7,CCTV7,大陸頻道,sources/live-base.txt,durable-base-hls,CCTV7,z3.ubtvfans.com,direct-hls,true,true,retest-existing-hls,,,https://z3.ubtvfans.com/live/rx2/2757/b865f7aa330429f26cb542f4536a7e7f/index.m3u8
cctv7,CCTV7,大陸頻道,sources/live-base.txt,durable-base-hls,CCTV7,z3.ubtvfans.com,direct-hls,true,true,retest-existing-hls,,,https://z3.ubtvfans.com/live/rx3/207/180dab413368a7f7acda273b2f107807/index.m3u8
cctv7,CCTV7,大陸頻道,sources/live-cleaned-backup.txt,durable-cleaned-backup-hls,CCTV7,z3.ubtvfans.com,direct-hls,true,true,retest-existing-hls,,,https://z3.ubtvfans.com/live/rx3/207/180dab413368a7f7acda273b2f107807/index.m3u8
cctv7,CCTV7,大陸頻道,sources/live-cleaned-backup.txt,durable-cleaned-backup-hls,CCTV7,z3.ubtvfans.com,direct-hls,true,true,retest-existing-hls,,,https://z3.ubtvfans.com/live/rx2/2757/b865f7aa330429f26cb542f4536a7e7f/index.m3u8
cctv8,CCTV8,大陸頻道,sources/live-base.txt,durable-base-hls,CCTV8,z3.ubtvfans.com,direct-hls,true,true,retest-existing-hls,,,https://z3.ubtvfans.com/live/rx3/208/b782681390d863ec103d346920f4e7b2/index.m3u8
cctv8,CCTV8,大陸頻道,sources/live-base.txt,durable-base-hls,CCTV8,z3.ubtvfans.com,direct-hls,true,true,retest-existing-hls,,,https://z3.ubtvfans.com/live/rx2/2756/d44a87cdf22dcf34d6b123ab4d3a424c/index.m3u8
cctv8,CCTV8,大陸頻道,sources/live-cleaned-backup.txt,durable-cleaned-backup-hls,CCTV8,z3.ubtvfans.com,direct-hls,true,true,retest-existing-hls,,,https://z3.ubtvfans.com/live/rx3/208/b782681390d863ec103d346920f4e7b2/index.m3u8
cctv8,CCTV8,大陸頻道,sources/live-cleaned-backup.txt,durable-cleaned-backup-hls,CCTV8,z3.ubtvfans.com,direct-hls,true,true,retest-existing-hls,,,https://z3.ubtvfans.com/live/rx2/2756/d44a87cdf22dcf34d6b123ab4d3a424c/index.m3u8
cctv9,CCTV9,大陸頻道,sources/live-base.txt,durable-base-hls,CCTV9,z3.ubtvfans.com,direct-hls,true,true,retest-existing-hls,,,https://z3.ubtvfans.com/live/rx6/2308/6a50dcabe2f6702947f9abde3589658b/index.m3u8
cctv9,CCTV9,大陸頻道,sources/live-base.txt,durable-base-hls,CCTV9,z3.ubtvfans.com,direct-hls,true,true,retest-existing-hls,,,https://z3.ubtvfans.com/live/rx6/209/d5e6016c679b5da8b25cb6f2a3f2bd3a/index.m3u8
cctv9,CCTV9,大陸頻道,sources/live-cleaned-backup.txt,durable-cleaned-backup-hls,CCTV9,z3.ubtvfans.com,direct-hls,true,true,retest-existing-hls,,,https://z3.ubtvfans.com/live/rx6/2308/6a50dcabe2f6702947f9abde3589658b/index.m3u8
cctv9,CCTV9,大陸頻道,sources/live-cleaned-backup.txt,durable-cleaned-backup-hls,CCTV9,z3.ubtvfans.com,direct-hls,true,true,retest-existing-hls,,,https://z3.ubtvfans.com/live/rx6/209/d5e6016c679b5da8b25cb6f2a3f2bd3a/index.m3u8
cgn,CGN,音樂宗教 | にっぽん,sources/live-base.txt,durable-base-hls,CGN,z3.ubtvfans.com,direct-hls,true,true,retest-existing-hls,,,https://z3.ubtvfans.com/live/rx3/323/d90641aaece5485400d732e6f7d813c9/index.m3u8
cgn,CGN,音樂宗教 | にっぽん,sources/live-base.txt,durable-base-hls,CGN,z3.ubtvfans.com,direct-hls,true,true,retest-existing-hls,,,https://z3.ubtvfans.com/live/rx6/1215/d3e13caac089f5025cc8111c9f752e0d/index.m3u8
cgn,CGN,音樂宗教 | にっぽん,sources/live-cleaned-backup.txt,durable-cleaned-backup-hls,CGN,z3.ubtvfans.com,direct-hls,true,true,retest-existing-hls,,,https://z3.ubtvfans.com/live/rx3/323/d90641aaece5485400d732e6f7d813c9/index.m3u8
cgn,CGN,音樂宗教 | にっぽん,sources/live-cleaned-backup.txt,durable-cleaned-backup-hls,CGN,z3.ubtvfans.com,direct-hls,true,true,retest-existing-hls,,,https://z3.ubtvfans.com/live/rx6/1215/d3e13caac089f5025cc8111c9f752e0d/index.m3u8
cgnamerica,CGN AMERICA,한국,sources/live-base.txt,durable-base-hls,CGN AMERICA,z3.ubtvfans.com,direct-hls,true,true,retest-existing-hls,,,https://z3.ubtvfans.com/live/rx3/365/da3a78dd076121664edea4d24d891801/index.m3u8
cgnamerica,CGN AMERICA,한국,sources/live-cleaned-backup.txt,durable-cleaned-backup-hls,CGN AMERICA,z3.ubtvfans.com,direct-hls,true,true,retest-existing-hls,,,https://z3.ubtvfans.com/live/rx3/365/da3a78dd076121664edea4d24d891801/index.m3u8
cgntv,CGNTV,한국,sources/live-base.txt,durable-base-hls,CGNTV,z3.ubtvfans.com,direct-hls,true,true,retest-existing-hls,,,https://z3.ubtvfans.com/live/rx3/2911/99700082b6d14b5c6078ec1f10298e36/index.m3u8
cgntv,CGNTV,한국,sources/live-cleaned-backup.txt,durable-cleaned-backup-hls,CGNTV,z3.ubtvfans.com,direct-hls,true,true,retest-existing-hls,,,https://z3.ubtvfans.com/live/rx3/2911/99700082b6d14b5c6078ec1f10298e36/index.m3u8
cgtndocumentary,CGTN Documentary,新聞頻道,sources/live-base.txt,durable-base-hls,CGTN Documentary,z3.ubtvfans.com,direct-hls,true,true,retest-existing-hls,,,https://z3.ubtvfans.com/live/rx6/2363/a1bab82e12d2002052943c071c3d7253/index.m3u8
cgtndocumentary,CGTN Documentary,新聞頻道,sources/live-cleaned-backup.txt,durable-cleaned-backup-hls,CGTN Documentary,z3.ubtvfans.com,direct-hls,true,true,retest-existing-hls,,,https://z3.ubtvfans.com/live/rx6/2363/a1bab82e12d2002052943c071c3d7253/index.m3u8
cgtnenglish,CGTN English,新聞頻道,sources/live-base.txt,durable-base-hls,CGTN English,z3.ubtvfans.com,direct-hls,true,true,retest-existing-hls,,,https://z3.ubtvfans.com/live/rx6/2362/0a1b19cfb05829accdebfd7f104189e1/index.m3u8
cgtnenglish,CGTN English,新聞頻道,sources/live-cleaned-backup.txt,durable-cleaned-backup-hls,CGTN English,z3.ubtvfans.com,direct-hls,true,true,retest-existing-hls,,,https://z3.ubtvfans.com/live/rx6/2362/0a1b19cfb05829accdebfd7f104189e1/index.m3u8
cgtnfrançais,CGTN Français,新聞頻道,sources/live-base.txt,durable-base-hls,CGTN Français,z3.ubtvfans.com,direct-hls,true,true,retest-existing-hls,,,https://z3.ubtvfans.com/live/rx6/2364/7061f7a2fba59dc07c88b614d654cfd4/index.m3u8
cgtnfrançais,CGTN Français,新聞頻道,sources/live-cleaned-backup.txt,durable-cleaned-backup-hls,CGTN Français,z3.ubtvfans.com,direct-hls,true,true,retest-existing-hls,,,https://z3.ubtvfans.com/live/rx6/2364/7061f7a2fba59dc07c88b614d654cfd4/index.m3u8
challenge,Challenge,英國頻道,sources/live-base.txt,durable-base-hls,Challenge,z3.ubtvfans.com,direct-hls,true,true,retest-existing-hls,,,https://z3.ubtvfans.com/live/rx3/1431/de10e12070b57c39c10dda9d408b9172/index.m3u8
challenge,Challenge,英國頻道,sources/live-cleaned-backup.txt,durable-cleaned-backup-hls,Challenge,z3.ubtvfans.com,direct-hls,true,true,retest-existing-hls,,,https://z3.ubtvfans.com/live/rx3/1431/de10e12070b57c39c10dda9d408b9172/index.m3u8
channel3,Channel 3,泰國頻道,sources/live-base.txt,durable-base-hls,Channel 3,z3.ubtvfans.com,direct-hls,true,true,retest-existing-hls,,,https://z3.ubtvfans.com/live/rx2/2315/8a747436056d6946c2085357f50d4926/index.m3u8
channel3,Channel 3,泰國頻道,sources/live-cleaned-backup.txt,durable-cleaned-backup-hls,Channel 3,z3.ubtvfans.com,direct-hls,true,true,retest-existing-hls,,,https://z3.ubtvfans.com/live/rx2/2315/8a747436056d6946c2085357f50d4926/index.m3u8
channel4,channel 4 hd,Verified Fastest | 體育頻道,sources/live-base.txt,durable-base-hls,channel 4 hd,z3.ubtvfans.com,direct-hls,true,true,retest-existing-hls,,,https://z3.ubtvfans.com/live/rx3/3245/074196bfd03d0cc45ce2f3ced5b3cb31/index.m3u8
channel4,channel 4 hd,Verified Fastest | 體育頻道,sources/live-base.txt,durable-base-hls,channel 4 hd,z3.ubtvfans.com,direct-hls,true,true,retest-existing-hls,,,https://z3.ubtvfans.com/live/rx3/3245/074196bfd03d0cc45ce2f3ced5b3cb31/index.m3u8
channel4,channel 4 hd,Verified Fastest | 體育頻道,sources/live-cleaned-backup.txt,durable-cleaned-backup-hls,channel 4 hd,z3.ubtvfans.com,direct-hls,true,true,retest-existing-hls,,,https://z3.ubtvfans.com/live/rx3/3245/074196bfd03d0cc45ce2f3ced5b3cb31/index.m3u8
channel7,Channel 7,泰國頻道,sources/live-base.txt,durable-base-hls,Channel 7,z3.ubtvfans.com,direct-hls,true,true,retest-existing-hls,,,https://z3.ubtvfans.com/live/rx2/2317/251db25eb72bc824a6dd4cc6e401923c/index.m3u8
channel7,Channel 7,泰國頻道,sources/live-cleaned-backup.txt,durable-cleaned-backup-hls,Channel 7,z3.ubtvfans.com,direct-hls,true,true,retest-existing-hls,,,https://z3.ubtvfans.com/live/rx2/2317/251db25eb72bc824a6dd4cc6e401923c/index.m3u8
channela,Channel A,한국,sources/live-base.txt,durable-base-hls,Channel A,z3.ubtvfans.com,direct-hls,true,true,retest-existing-hls,,,https://z3.ubtvfans.com/live/rx4/3204/dc99570920e65b26dacc765da59621bd/index.m3u8
channela,Channel A,한국,sources/live-cleaned-backup.txt,durable-cleaned-backup-hls,Channel A,z3.ubtvfans.com,direct-hls,true,true,retest-existing-hls,,,https://z3.ubtvfans.com/live/rx4/3204/dc99570920e65b26dacc765da59621bd/index.m3u8
channelchina,Channel China,한국,sources/live-base.txt,durable-base-hls,Channel China,z3.ubtvfans.com,direct-hls,true,true,retest-existing-hls,,,https://z3.ubtvfans.com/live/rx4/2907/ad6e532aede8f182aa849d69abaeb65a/index.m3u8
channelchina,Channel China,한국,sources/live-cleaned-backup.txt,durable-cleaned-backup-hls,Channel China,z3.ubtvfans.com,direct-hls,true,true,retest-existing-hls,,,https://z3.ubtvfans.com/live/rx4/2907/ad6e532aede8f182aa849d69abaeb65a/index.m3u8
channel5,Channel5,新馬頻道 | 泰國頻道,sources/live-base.txt,durable-base-hls,Channel5,z3.ubtvfans.com,direct-hls,true,true,retest-existing-hls,,,https://z3.ubtvfans.com/live/rx3/141/e6368319153f00914fa95addae21aec8/index.m3u8
channel5,Channel5,新馬頻道 | 泰國頻道,sources/live-base.txt,durable-base-hls,Channel5HD,z3.ubtvfans.com,direct-hls,true,true,retest-existing-hls,,,https://z3.ubtvfans.com/live/rx3/1930/93d228d2fa2405b01f8ef3e7cb9107a8/index.m3u8
channel5,Channel5,新馬頻道 | 泰國頻道,sources/live-base.txt,durable-base-hls,Channel 5,z3.ubtvfans.com,direct-hls,true,true,retest-existing-hls,,,https://z3.ubtvfans.com/live/rx2/2316/a975855097139e0fed3a2e0dec827704/index.m3u8
channel5,Channel5,新馬頻道 | 泰國頻道,sources/live-cleaned-backup.txt,durable-cleaned-backup-hls,Channel5,z3.ubtvfans.com,direct-hls,true,true,retest-existing-hls,,,https://z3.ubtvfans.com/live/rx3/141/e6368319153f00914fa95addae21aec8/index.m3u8
channel5,Channel5,新馬頻道 | 泰國頻道,sources/live-cleaned-backup.txt,durable-cleaned-backup-hls,Channel5HD,z3.ubtvfans.com,direct-hls,true,true,retest-existing-hls,,,https://z3.ubtvfans.com/live/rx3/1930/93d228d2fa2405b01f8ef3e7cb9107a8/index.m3u8
channel5,Channel5,新馬頻道 | 泰國頻道,sources/live-cleaned-backup.txt,durable-cleaned-backup-hls,Channel 5,z3.ubtvfans.com,direct-hls,true,true,retest-existing-hls,,,https://z3.ubtvfans.com/live/rx2/2316/a975855097139e0fed3a2e0dec827704/index.m3u8
channel8,Channel8,新馬頻道 | 泰國頻道,sources/live-base.txt,durable-base-hls,Channel8,z3.ubtvfans.com,direct-hls,true,true,retest-existing-hls,,,https://z3.ubtvfans.com/live/rx3/142/cae4ab8e592543cc11b30f2855584cd0/index.m3u8
channel8,Channel8,新馬頻道 | 泰國頻道,sources/live-base.txt,durable-base-hls,Channel8HD,z3.ubtvfans.com,direct-hls,true,true,retest-existing-hls,,,https://z3.ubtvfans.com/live/rx3/431/107f180ff9ebb4cf6d283b834c2427d9/index.m3u8
channel8,Channel8,新馬頻道 | 泰國頻道,sources/live-base.txt,durable-base-hls,Channel 8,z3.ubtvfans.com,direct-hls,true,true,retest-existing-hls,,,https://z3.ubtvfans.com/live/rx4/1140/c34d4735b15417462311591722aae4bc/index.m3u8
channel8,Channel8,新馬頻道 | 泰國頻道,sources/live-cleaned-backup.txt,durable-cleaned-backup-hls,Channel8,z3.ubtvfans.com,direct-hls,true,true,retest-existing-hls,,,https://z3.ubtvfans.com/live/rx3/142/cae4ab8e592543cc11b30f2855584cd0/index.m3u8
channel8,Channel8,新馬頻道 | 泰國頻道,sources/live-cleaned-backup.txt,durable-cleaned-backup-hls,Channel8HD,z3.ubtvfans.com,direct-hls,true,true,retest-existing-hls,,,https://z3.ubtvfans.com/live/rx3/431/107f180ff9ebb4cf6d283b834c2427d9/index.m3u8
channel8,Channel8,新馬頻道 | 泰國頻道,sources/live-cleaned-backup.txt,durable-cleaned-backup-hls,Channel 8,z3.ubtvfans.com,direct-hls,true,true,retest-existing-hls,,,https://z3.ubtvfans.com/live/rx4/1140/c34d4735b15417462311591722aae4bc/index.m3u8
channelu,ChannelU,新馬頻道,sources/live-base.txt,durable-base-hls,ChannelU,z3.ubtvfans.com,direct-hls,true,true,retest-existing-hls,,,https://z3.ubtvfans.com/live/rx3/443/42c92722c365e0f8f82de5430da175a2/index.m3u8
channelu,ChannelU,新馬頻道,sources/live-base.txt,durable-base-hls,Channel U,z3.ubtvfans.com,direct-hls,true,true,retest-existing-hls,,,https://z3.ubtvfans.com/live/rx3/1077/8d8d8a93c39e6a6dead90bc4712bfd8e/index.m3u8
channelu,ChannelU,新馬頻道,sources/live-cleaned-backup.txt,durable-cleaned-backup-hls,Channel U,z3.ubtvfans.com,direct-hls,true,true,retest-existing-hls,,,https://z3.ubtvfans.com/live/rx3/1077/8d8d8a93c39e6a6dead90bc4712bfd8e/index.m3u8
channelu,ChannelU,新馬頻道,sources/live-cleaned-backup.txt,durable-cleaned-backup-hls,ChannelU,z3.ubtvfans.com,direct-hls,true,true,retest-existing-hls,,,https://z3.ubtvfans.com/live/rx3/443/42c92722c365e0f8f82de5430da175a2/index.m3u8
chc家庭影院,CHC家庭影院,影視頻道,sources/live-base.txt,durable-base-hls,CHC家庭影院,z3.ubtvfans.com,direct-hls,true,true,retest-existing-hls,,,https://z3.ubtvfans.com/live/rx6/1347/c61786e5a91ca66f8fee0a9686234494/index.m3u8
chc家庭影院,CHC家庭影院,影視頻道,sources/live-cleaned-backup.txt,durable-cleaned-backup-hls,CHC家庭影院,z3.ubtvfans.com,direct-hls,true,true,retest-existing-hls,,,https://z3.ubtvfans.com/live/rx6/1347/c61786e5a91ca66f8fee0a9686234494/index.m3u8
chc高清電影,CHC高清電影,影視頻道,sources/live-base.txt,durable-base-hls,CHC高清電影,z3.ubtvfans.com,direct-hls,true,true,retest-existing-hls,,,https://z3.ubtvfans.com/live/rx3/1345/14f978a0a1c5cf0ee2a1033f0fa1646c/index.m3u8
chc高清電影,CHC高清電影,影視頻道,sources/live-cleaned-backup.txt,durable-cleaned-backup-hls,CHC高清電影,z3.ubtvfans.com,direct-hls,true,true,retest-existing-hls,,,https://z3.ubtvfans.com/live/rx3/1345/14f978a0a1c5cf0ee2a1033f0fa1646c/index.m3u8
chc動作電影,CHC動作電影,影視頻道,sources/live-base.txt,durable-base-hls,CHC動作電影,z3.ubtvfans.com,direct-hls,true,true,retest-existing-hls,,,https://z3.ubtvfans.com/live/rx3/1346/abf01302f7b2fb5e7a225b5d6c3b33d8/index.m3u8
chc動作電影,CHC動作電影,影視頻道,sources/live-cleaned-backup.txt,durable-cleaned-backup-hls,CHC動作電影,z3.ubtvfans.com,direct-hls,true,true,retest-existing-hls,,,https://z3.ubtvfans.com/live/rx3/1346/abf01302f7b2fb5e7a225b5d6c3b33d8/index.m3u8
chch,CHCH,加拿大,sources/live-base.txt,durable-base-hls,CHCH,z3.ubtvfans.com,direct-hls,true,true,retest-existing-hls,,,https://z3.ubtvfans.com/live/rx3/1256/a2f16b3e034afe6d9c35dcb7805b72df/index.m3u8
chch,CHCH,加拿大,sources/live-cleaned-backup.txt,durable-cleaned-backup-hls,CHCH,z3.ubtvfans.com,direct-hls,true,true,retest-existing-hls,,,https://z3.ubtvfans.com/live/rx3/1256/a2f16b3e034afe6d9c35dcb7805b72df/index.m3u8
chinatravel,China Travel,紀實頻道,sources/live-base.txt,durable-base-hls,China Travel,z3.ubtvfans.com,direct-hls,true,true,retest-existing-hls,,,https://z3.ubtvfans.com/live/rx1/1210/6e588467122351846f88690ed76a746e/index.m3u8
chinatravel,China Travel,紀實頻道,sources/live-cleaned-backup.txt,durable-cleaned-backup-hls,China Travel,z3.ubtvfans.com,direct-hls,true,true,retest-existing-hls,,,https://z3.ubtvfans.com/live/rx1/1210/6e588467122351846f88690ed76a746e/index.m3u8
ching,CHING,한국,sources/live-base.txt,durable-base-hls,CHING,z3.ubtvfans.com,direct-hls,true,true,retest-existing-hls,,,https://z3.ubtvfans.com/live/rx4/3081/cdb8e0355312ad479995f0211497ba92/index.m3u8
ching,CHING,한국,sources/live-cleaned-backup.txt,durable-cleaned-backup-hls,CHING,z3.ubtvfans.com,direct-hls,true,true,retest-existing-hls,,,https://z3.ubtvfans.com/live/rx4/3081/cdb8e0355312ad479995f0211497ba92/index.m3u8
ci罪案偵查,CI罪案偵查,紀實頻道,sources/live-base.txt,durable-base-hls,CI罪案偵查,z3.ubtvfans.com,direct-hls,true,true,retest-existing-hls,,,https://z3.ubtvfans.com/live/rx3/2303/5a1b27421ef374d6e237a8ed99b30803/index.m3u8
ci罪案偵查,CI罪案偵查,紀實頻道,sources/live-cleaned-backup.txt,durable-cleaned-backup-hls,CI罪案偵查,z3.ubtvfans.com,direct-hls,true,true,retest-existing-hls,,,https://z3.ubtvfans.com/live/rx3/2303/5a1b27421ef374d6e237a8ed99b30803/index.m3u8
cinepermier,Cine Permier,法國頻道,sources/live-base.txt,durable-base-hls,Cine Permier,z3.ubtvfans.com,direct-hls,true,true,retest-existing-hls,,,https://z3.ubtvfans.com/live/rx4/2237/ceeb1939cc4ec2a3e4d192c06b333447/index.m3u8
cinepermier,Cine Permier,法國頻道,sources/live-cleaned-backup.txt,durable-cleaned-backup-hls,Cine Permier,z3.ubtvfans.com,direct-hls,true,true,retest-existing-hls,,,https://z3.ubtvfans.com/live/rx4/2237/ceeb1939cc4ec2a3e4d192c06b333447/index.m3u8
cinemax,CineMAX,台灣頻道 | 美國頻道,sources/live-base.txt,durable-base-hls,CineMAX,z3.ubtvfans.com,direct-hls,true,true,retest-existing-hls,,,https://z3.ubtvfans.com/live/rx1/346/e4ed29f1c90abbce77af020f4590c887/index.m3u8
cinemax,CineMAX,台灣頻道 | 美國頻道,sources/live-base.txt,durable-base-hls,Cinemax,z3.ubtvfans.com,direct-hls,true,true,retest-existing-hls,,,https://z3.ubtvfans.com/live/rx2/1518/ca68bf9413ac4eabd8e28330d20a7466/index.m3u8
cinemax,CineMAX,台灣頻道 | 美國頻道,sources/live-base.txt,durable-base-hls,Cinemax,z3.ubtvfans.com,direct-hls,true,true,retest-existing-hls,,,https://z3.ubtvfans.com/live/rx6/2314/7e5e6e2b0c7b13f37a137d31dfb9743c/index.m3u8
cinemax,CineMAX,台灣頻道 | 美國頻道,sources/live-cleaned-backup.txt,durable-cleaned-backup-hls,CineMAX,z3.ubtvfans.com,direct-hls,true,true,retest-existing-hls,,,https://z3.ubtvfans.com/live/rx1/346/e4ed29f1c90abbce77af020f4590c887/index.m3u8
cinemax,CineMAX,台灣頻道 | 美國頻道,sources/live-cleaned-backup.txt,durable-cleaned-backup-hls,Cinemax,z3.ubtvfans.com,direct-hls,true,true,retest-existing-hls,,,https://z3.ubtvfans.com/live/rx2/1518/ca68bf9413ac4eabd8e28330d20a7466/index.m3u8
cinemax,CineMAX,台灣頻道 | 美國頻道,sources/live-cleaned-backup.txt,durable-cleaned-backup-hls,Cinemax,z3.ubtvfans.com,direct-hls,true,true,retest-existing-hls,,,https://z3.ubtvfans.com/live/rx6/2314/7e5e6e2b0c7b13f37a137d31dfb9743c/index.m3u8
city,City,加拿大,sources/live-base.txt,durable-base-hls,City,z3.ubtvfans.com,direct-hls,true,true,retest-existing-hls,,,https://z3.ubtvfans.com/live/rx3/1255/04043230b88be4f70662be0a0ca9a16c/index.m3u8
city,City,加拿大,sources/live-cleaned-backup.txt,durable-cleaned-backup-hls,City,z3.ubtvfans.com,direct-hls,true,true,retest-existing-hls,,,https://z3.ubtvfans.com/live/rx3/1255/04043230b88be4f70662be0a0ca9a16c/index.m3u8
cltv36,CLTV 36,菲律賓,sources/live-base.txt,durable-base-hls,CLTV 36,z3.ubtvfans.com,direct-hls,true,true,retest-existing-hls,,,https://z3.ubtvfans.com/live/rx1/2321/41148ce361991dfc60bde01b89d4f1cb/index.m3u8
cltv36,CLTV 36,菲律賓,sources/live-cleaned-backup.txt,durable-cleaned-backup-hls,CLTV 36,z3.ubtvfans.com,direct-hls,true,true,retest-existing-hls,,,https://z3.ubtvfans.com/live/rx1/2321/41148ce361991dfc60bde01b89d4f1cb/index.m3u8
cn卡通,CN卡通,台灣頻道,sources/live-base.txt,durable-base-hls,CN卡通,z3.ubtvfans.com,direct-hls,true,true,retest-existing-hls,,,https://z3.ubtvfans.com/live/rx6/107/04ed9b980819aa0ed59947b314e2b3c0/index.m3u8
cn卡通,CN卡通,台灣頻道,sources/live-cleaned-backup.txt,durable-cleaned-backup-hls,CN卡通,z3.ubtvfans.com,direct-hls,true,true,retest-existing-hls,,,https://z3.ubtvfans.com/live/rx6/107/04ed9b980819aa0ed59947b314e2b3c0/index.m3u8
cna,CNA,新馬頻道,sources/live-base.txt,durable-base-hls,CNA,z3.ubtvfans.com,direct-hls,true,true,retest-existing-hls,,,https://z3.ubtvfans.com/live/rx1/2739/3c6e6049ecdb97873295477d0cd93ec1/index.m3u8
cna,CNA,新馬頻道,sources/live-cleaned-backup.txt,durable-cleaned-backup-hls,CNA,z3.ubtvfans.com,direct-hls,true,true,retest-existing-hls,,,https://z3.ubtvfans.com/live/rx1/2739/3c6e6049ecdb97873295477d0cd93ec1/index.m3u8
cna24,CNA 24,新馬頻道,sources/live-base.txt,durable-base-hls,CNA 24,z3.ubtvfans.com,direct-hls,true,true,retest-existing-hls,,,https://z3.ubtvfans.com/live/rx1/15/269ea190b0ee0103b1fb2a2dd47134e6/index.m3u8
cna24,CNA 24,新馬頻道,sources/live-cleaned-backup.txt,durable-cleaned-backup-hls,CNA 24,z3.ubtvfans.com,direct-hls,true,true,retest-existing-hls,,,https://z3.ubtvfans.com/live/rx1/15/269ea190b0ee0103b1fb2a2dd47134e6/index.m3u8
cnalive,CNA LIVE,YouTube新聞台,sources/youtube-live-channels.csv,durable-youtube-page,CNA LIVE,www.youtube.com,youtube-page,true,true,resolve-with-yt-dlp,,XWq5kBlakcQ,https://www.youtube.com/watch?v=XWq5kBlakcQ
cnalive,CNA LIVE,YouTube新聞台,sources/live-youtube-stable.txt,generated-youtube-hls,024 CNA LIVE,manifest.googlevideo.com,youtube-generated-hls,false,false,generated-short-lived,2026-06-22T21:48:35.000Z,XWq5kBlakcQ,"https://manifest.googlevideo.com/api/manifest/hls_playlist/expire/1782164915/ei/U1k5atG9J-bN2roP6pSS-A8/ip/114.42.199.53/id/XWq5kBlakcQ.9/itag/94/source/yt_live_broadcast/requiressl/yes/ratebypass/yes/live/1/sgoap/gir%3Dyes%3Bitag%3D140/sgovp/gir%3Dyes%3Bitag%3D135/rqh/1/hls_chunk_host/rr5---sn-ipoxu-umby.googlevideo.com/xpc/EgVo2aDSNQ%3D%3D/bui/ARmQxEVYQU03lndXxtDgv35FDUcJU-yhiWJeEZuT4kJ8pGhZ4cLrYVhDrGSxyA1YlDvbyidzSxrSjNE3/spc/SQ-umtXqfc3dNkhJ_57m5EayJuEFOJdXLTal07zkui7tdkPieA/vprv/1/reg/0/playlist_type/DVR/initcwndbps/2845000/met/1782143315,/mh/W6/mm/44/mn/sn-ipoxu-umby/ms/lva/mv/m/mvi/5/pl/24/rms/lva,lva/dover/11/pacing/0/keepalive/yes/fexp/51565115,51565682,51987687/mt/1782142835/sparams/expire,ei,ip,id,itag,source,requiressl,ratebypass,live,sgoap,sgovp,rqh,xpc,bui,spc,vprv,reg,playlist_type/sig/AHEqNM4wRQIgMr7xRfPA7S2VsUlf4iFC6LEgPmrJiVlnG6HoJscZEMcCIQCMBNYKY957hAW5aLQntURS6-rWVvnJx3164R2xrR_dgg%3D%3D/lsparams/hls_chunk_host,initcwndbps,met,mh,mm,mn,ms,mv,mvi,pl,rms/lsig/APaTxxMwRAIgZEQqqx6wvuWZNFtiWPxtxD343pr2OPgjryR4FhyCyyACIHn1PHc0_FuMp8fbhCFxZoN-OVPVTPcAiNOaAXN3aGMX/playlist/index.m3u8"
cnaoriginals,CNA Originals,新馬頻道,sources/live-base.txt,durable-base-hls,CNA Originals,z3.ubtvfans.com,direct-hls,true,true,retest-existing-hls,,,https://z3.ubtvfans.com/live/rx4/3208/7386a9933eb71c032920b7bec9e46366/index.m3u8
cnaoriginals,CNA Originals,新馬頻道,sources/live-cleaned-backup.txt,durable-cleaned-backup-hls,CNA Originals,z3.ubtvfans.com,direct-hls,true,true,retest-existing-hls,,,https://z3.ubtvfans.com/live/rx4/3208/7386a9933eb71c032920b7bec9e46366/index.m3u8
cnbc,CNBC,美國頻道 | 英國頻道,sources/live-base.txt,durable-base-hls,CNBC,z3.ubtvfans.com,direct-hls,true,true,retest-existing-hls,,,https://z3.ubtvfans.com/live/rx3/1106/4a3d18b7f788e11b4d72269162839519/index.m3u8
cnbc,CNBC,美國頻道 | 英國頻道,sources/live-base.txt,durable-base-hls,CNBC,z3.ubtvfans.com,direct-hls,true,true,retest-existing-hls,,,https://z3.ubtvfans.com/live/rx5/1555/c056c6335dfbf96351d8c10aa6b4edb5/index.m3u8
cnbc,CNBC,美國頻道 | 英國頻道,sources/live-base.txt,durable-base-hls,CNBC,z3.ubtvfans.com,direct-hls,true,true,retest-existing-hls,,,https://z3.ubtvfans.com/live/rx4/1414/7942a44b726fa9fe485d3ff302accb0b/index.m3u8
cnbc,CNBC,美國頻道 | 英國頻道,sources/live-cleaned-backup.txt,durable-cleaned-backup-hls,CNBC,z3.ubtvfans.com,direct-hls,true,true,retest-existing-hls,,,https://z3.ubtvfans.com/live/rx5/1555/c056c6335dfbf96351d8c10aa6b4edb5/index.m3u8
cnbc,CNBC,美國頻道 | 英國頻道,sources/live-cleaned-backup.txt,durable-cleaned-backup-hls,CNBC,z3.ubtvfans.com,direct-hls,true,true,retest-existing-hls,,,https://z3.ubtvfans.com/live/rx3/1106/4a3d18b7f788e11b4d72269162839519/index.m3u8
cnbc,CNBC,美國頻道 | 英國頻道,sources/live-cleaned-backup.txt,durable-cleaned-backup-hls,CNBC,z3.ubtvfans.com,direct-hls,true,true,retest-existing-hls,,,https://z3.ubtvfans.com/live/rx4/1414/7942a44b726fa9fe485d3ff302accb0b/index.m3u8
cnbcasia,CNBC Asia,新馬頻道,sources/live-base.txt,durable-base-hls,CNBC Asia,z3.ubtvfans.com,direct-hls,true,true,retest-existing-hls,,,https://z3.ubtvfans.com/live/rx1/8/57cc97789bac5e09d09a5ddbde564276/index.m3u8
cnbcasia,CNBC Asia,新馬頻道,sources/live-cleaned-backup.txt,durable-cleaned-backup-hls,CNBC Asia,z3.ubtvfans.com,direct-hls,true,true,retest-existing-hls,,,https://z3.ubtvfans.com/live/rx1/8/57cc97789bac5e09d09a5ddbde564276/index.m3u8
cnn,CNN,美國頻道,sources/live-base.txt,durable-base-hls,CNN,z3.ubtvfans.com,direct-hls,true,true,retest-existing-hls,,,https://z3.ubtvfans.com/live/rx5/1507/71b9f1013518181edb010140baf7bbab/index.m3u8
cnn,CNN,美國頻道,sources/live-base.txt,durable-base-hls,CNN,z3.ubtvfans.com,direct-hls,true,true,retest-existing-hls,,,https://z3.ubtvfans.com/live/rx3/1102/3d7a661e618f5a0bac43f6bdf5260a92/index.m3u8
cnn,CNN,美國頻道,sources/live-cleaned-backup.txt,durable-cleaned-backup-hls,CNN,z3.ubtvfans.com,direct-hls,true,true,retest-existing-hls,,,https://z3.ubtvfans.com/live/rx5/1507/71b9f1013518181edb010140baf7bbab/index.m3u8
cnn,CNN,美國頻道,sources/live-cleaned-backup.txt,durable-cleaned-backup-hls,CNN,z3.ubtvfans.com,direct-hls,true,true,retest-existing-hls,,,https://z3.ubtvfans.com/live/rx3/1102/3d7a661e618f5a0bac43f6bdf5260a92/index.m3u8
cntv,CNTV,한국,sources/live-base.txt,durable-base-hls,CNTV,z3.ubtvfans.com,direct-hls,true,true,retest-existing-hls,,,https://z3.ubtvfans.com/live/rx4/3167/439fab4964d45997dab61938543ba996/index.m3u8
cntv,CNTV,한국,sources/live-cleaned-backup.txt,durable-cleaned-backup-hls,CNTV,z3.ubtvfans.com,direct-hls,true,true,retest-existing-hls,,,https://z3.ubtvfans.com/live/rx4/3167/439fab4964d45997dab61938543ba996/index.m3u8
cokingchan,coking chan,美國頻道,sources/live-base.txt,durable-base-hls,coking chan,z3.ubtvfans.com,direct-hls,true,true,retest-existing-hls,,,https://z3.ubtvfans.com/live/rx5/3233/8998944aa244b4f6dba0924b1c94cc73/index.m3u8
cokingchan,coking chan,美國頻道,sources/live-cleaned-backup.txt,durable-cleaned-backup-hls,coking chan,z3.ubtvfans.com,direct-hls,true,true,retest-existing-hls,,,https://z3.ubtvfans.com/live/rx5/3233/8998944aa244b4f6dba0924b1c94cc73/index.m3u8
comesinewithme,Come Sine With Me,紀實頻道,sources/live-base.txt,durable-base-hls,Come Sine With Me,z3.ubtvfans.com,direct-hls,true,true,retest-existing-hls,,,https://z3.ubtvfans.com/live/rx1/497/0d5f22054b3a202a869bd5558bed41d2/index.m3u8
comesinewithme,Come Sine With Me,紀實頻道,sources/live-cleaned-backup.txt,durable-cleaned-backup-hls,Come Sine With Me,z3.ubtvfans.com,direct-hls,true,true,retest-existing-hls,,,https://z3.ubtvfans.com/live/rx1/497/0d5f22054b3a202a869bd5558bed41d2/index.m3u8
comet,Comet,美國頻道,sources/live-base.txt,durable-base-hls,Comet,z3.ubtvfans.com,direct-hls,true,true,retest-existing-hls,,,https://z3.ubtvfans.com/live/rx6/1381/f33c083f6d24423a3426f196bd73581c/index.m3u8
comet,Comet,美國頻道,sources/live-cleaned-backup.txt,durable-cleaned-backup-hls,Comet,z3.ubtvfans.com,direct-hls,true,true,retest-existing-hls,,,https://z3.ubtvfans.com/live/rx6/1381/f33c083f6d24423a3426f196bd73581c/index.m3u8
cowboychannel,Cowboy Channel,加拿大,sources/live-base.txt,durable-base-hls,Cowboy Channel,z3.ubtvfans.com,direct-hls,true,true,retest-existing-hls,,,https://z3.ubtvfans.com/live/rx1/3183/b0516ee6c74dfdb1df0ec475830e2865/index.m3u8
cowboychannel,Cowboy Channel,加拿大,sources/live-cleaned-backup.txt,durable-cleaned-backup-hls,Cowboy Channel,z3.ubtvfans.com,direct-hls,true,true,retest-existing-hls,,,https://z3.ubtvfans.com/live/rx1/3183/b0516ee6c74dfdb1df0ec475830e2865/index.m3u8
cp24canada,CP 24 Canada,加拿大,sources/live-base.txt,durable-base-hls,CP 24 Canada,z3.ubtvfans.com,direct-hls,true,true,retest-existing-hls,,,https://z3.ubtvfans.com/live/rx3/1247/4b926c1f51821c251f16b885369612bc/index.m3u8
cp24canada,CP 24 Canada,加拿大,sources/live-cleaned-backup.txt,durable-cleaned-backup-hls,CP 24 Canada,z3.ubtvfans.com,direct-hls,true,true,retest-existing-hls,,,https://z3.ubtvfans.com/live/rx3/1247/4b926c1f51821c251f16b885369612bc/index.m3u8
cpbc,CPBC,한국,sources/live-base.txt,durable-base-hls,CPBC,z3.ubtvfans.com,direct-hls,true,true,retest-existing-hls,,,https://z3.ubtvfans.com/live/rx4/3083/3609b39809b5c3f41bda799be769ec5a/index.m3u8
cpbc,CPBC,한국,sources/live-cleaned-backup.txt,durable-cleaned-backup-hls,CPBC,z3.ubtvfans.com,direct-hls,true,true,retest-existing-hls,,,https://z3.ubtvfans.com/live/rx4/3083/3609b39809b5c3f41bda799be769ec5a/index.m3u8
crave1,Crave 1,加拿大,sources/live-base.txt,durable-base-hls,Crave 1,z3.ubtvfans.com,direct-hls,true,true,retest-existing-hls,,,https://z3.ubtvfans.com/live/rx3/1269/c66104518d6316bd93be1dc061fff87f/index.m3u8
crave1,Crave 1,加拿大,sources/live-cleaned-backup.txt,durable-cleaned-backup-hls,Crave 1,z3.ubtvfans.com,direct-hls,true,true,retest-existing-hls,,,https://z3.ubtvfans.com/live/rx3/1269/c66104518d6316bd93be1dc061fff87f/index.m3u8
crave2,Crave 2,加拿大,sources/live-base.txt,durable-base-hls,Crave 2,z3.ubtvfans.com,direct-hls,true,true,retest-existing-hls,,,https://z3.ubtvfans.com/live/rx3/1270/1ba6c4e57ef12689df32733aa9e6ddc9/index.m3u8
crave2,Crave 2,加拿大,sources/live-cleaned-backup.txt,durable-cleaned-backup-hls,Crave 2,z3.ubtvfans.com,direct-hls,true,true,retest-existing-hls,,,https://z3.ubtvfans.com/live/rx3/1270/1ba6c4e57ef12689df32733aa9e6ddc9/index.m3u8
crave3,Crave 3,加拿大,sources/live-base.txt,durable-base-hls,Crave 3,z3.ubtvfans.com,direct-hls,true,true,retest-existing-hls,,,https://z3.ubtvfans.com/live/rx3/1271/0f651fa60310607d6cbe8438b563d4f5/index.m3u8
crave3,Crave 3,加拿大,sources/live-cleaned-backup.txt,durable-cleaned-backup-hls,Crave 3,z3.ubtvfans.com,direct-hls,true,true,retest-existing-hls,,,https://z3.ubtvfans.com/live/rx3/1271/0f651fa60310607d6cbe8438b563d4f5/index.m3u8
crave4,Crave 4,加拿大,sources/live-base.txt,durable-base-hls,Crave 4,z3.ubtvfans.com,direct-hls,true,true,retest-existing-hls,,,https://z3.ubtvfans.com/live/rx3/1272/1871cf1ec3b131050a9674ece61ec3ac/index.m3u8
crave4,Crave 4,加拿大,sources/live-cleaned-backup.txt,durable-cleaned-backup-hls,Crave 4,z3.ubtvfans.com,direct-hls,true,true,retest-existing-hls,,,https://z3.ubtvfans.com/live/rx3/1272/1871cf1ec3b131050a9674ece61ec3ac/index.m3u8
crux,CRUX,YouTube國際新聞,sources/youtube-live-channels.csv,durable-youtube-page,CRUX,www.youtube.com,youtube-page,true,true,resolve-with-yt-dlp,,LLWrwAKROfY,https://www.youtube.com/watch?v=LLWrwAKROfY
cts,CTS,한국,sources/live-base.txt,durable-base-hls,CTS,z3.ubtvfans.com,direct-hls,true,true,retest-existing-hls,,,https://z3.ubtvfans.com/live/rx4/3084/b1be9c370edddddff73c280006b01581/index.m3u8
cts,CTS,한국,sources/live-cleaned-backup.txt,durable-cleaned-backup-hls,CTS,z3.ubtvfans.com,direct-hls,true,true,retest-existing-hls,,,https://z3.ubtvfans.com/live/rx4/3084/b1be9c370edddddff73c280006b01581/index.m3u8
ctv,CTV,加拿大,sources/live-base.txt,durable-base-hls,CTV,z3.ubtvfans.com,direct-hls,true,true,retest-existing-hls,,,https://z3.ubtvfans.com/live/rx3/1253/740563c1a87021b566a116f4723380f1/index.m3u8
ctv,CTV,加拿大,sources/live-cleaned-backup.txt,durable-cleaned-backup-hls,CTV,z3.ubtvfans.com,direct-hls,true,true,retest-existing-hls,,,https://z3.ubtvfans.com/live/rx3/1253/740563c1a87021b566a116f4723380f1/index.m3u8
ctv2,CTV 2,加拿大,sources/live-base.txt,durable-base-hls,CTV 2,z3.ubtvfans.com,direct-hls,true,true,retest-existing-hls,,,https://z3.ubtvfans.com/live/rx3/1257/72e462adda1f62af09f2a14217bc6231/index.m3u8
ctv2,CTV 2,加拿大,sources/live-cleaned-backup.txt,durable-cleaned-backup-hls,CTV 2,z3.ubtvfans.com,direct-hls,true,true,retest-existing-hls,,,https://z3.ubtvfans.com/live/rx3/1257/72e462adda1f62af09f2a14217bc6231/index.m3u8
ctvcomedy,CTV Comedy,加拿大,sources/live-base.txt,durable-base-hls,CTV Comedy,z3.ubtvfans.com,direct-hls,true,true,retest-existing-hls,,,https://z3.ubtvfans.com/live/rx3/1267/f4380477693c7524c547a8e89efa67ac/index.m3u8
ctvcomedy,CTV Comedy,加拿大,sources/live-cleaned-backup.txt,durable-cleaned-backup-hls,CTV Comedy,z3.ubtvfans.com,direct-hls,true,true,retest-existing-hls,,,https://z3.ubtvfans.com/live/rx3/1267/f4380477693c7524c547a8e89efa67ac/index.m3u8
ctvnews,CTV News,加拿大,sources/live-base.txt,durable-base-hls,CTV News,z3.ubtvfans.com,direct-hls,true,true,retest-existing-hls,,,https://z3.ubtvfans.com/live/rx6/1249/e25dcd70331ccc3c078233d19e09b457/index.m3u8
ctvnews,CTV News,加拿大,sources/live-cleaned-backup.txt,durable-cleaned-backup-hls,CTV News,z3.ubtvfans.com,direct-hls,true,true,retest-existing-hls,,,https://z3.ubtvfans.com/live/rx6/1249/e25dcd70331ccc3c078233d19e09b457/index.m3u8
cw,CW,美國頻道,sources/live-base.txt,durable-base-hls,CW,z3.ubtvfans.com,direct-hls,true,true,retest-existing-hls,,,https://z3.ubtvfans.com/live/rx3/1220/4eef51c6522405c390e2f1b3f2da5d8c/index.m3u8
cw,CW,美國頻道,sources/live-cleaned-backup.txt,durable-cleaned-backup-hls,CW,z3.ubtvfans.com,direct-hls,true,true,retest-existing-hls,,,https://z3.ubtvfans.com/live/rx3/1220/4eef51c6522405c390e2f1b3f2da5d8c/index.m3u8
daaitv,DaaiTV,印尼頻道,sources/live-base.txt,durable-base-hls,DaaiTV,z3.ubtvfans.com,direct-hls,true,true,retest-existing-hls,,,https://z3.ubtvfans.com/live/rx6/1478/c85892c844cfec34c618e51b1d8c1c9c/index.m3u8
daaitv,DaaiTV,印尼頻道,sources/live-cleaned-backup.txt,durable-cleaned-backup-hls,DaaiTV,z3.ubtvfans.com,direct-hls,true,true,retest-existing-hls,,,https://z3.ubtvfans.com/live/rx6/1478/c85892c844cfec34c618e51b1d8c1c9c/index.m3u8
daserste,Das Erste,德國頻道,sources/live-base.txt,durable-base-hls,Das Erste,z3.ubtvfans.com,direct-hls,true,true,retest-existing-hls,,,https://z3.ubtvfans.com/live/rx5/1523/bfc65efee0fee62c61136101e11ed5dc/index.m3u8
daserste,Das Erste,德國頻道,sources/live-cleaned-backup.txt,durable-cleaned-backup-hls,Das Erste,z3.ubtvfans.com,direct-hls,true,true,retest-existing-hls,,,https://z3.ubtvfans.com/live/rx5/1523/bfc65efee0fee62c61136101e11ed5dc/index.m3u8
daughterswap,DAUGHTER SWAP,私密頻道_7708,sources/live-base.txt,durable-base-hls,DAUGHTER SWAP,z3.ubtvfans.com,direct-hls,true,true,retest-existing-hls,,,https://z3.ubtvfans.com/live/rx4/3095/169815f6291f6badd72660d9b0fab2fe/index.m3u8
daughterswap,DAUGHTER SWAP,私密頻道_7708,sources/live-cleaned-backup.txt,durable-cleaned-backup-hls,DAUGHTER SWAP,z3.ubtvfans.com,direct-hls,true,true,retest-existing-hls,,,https://z3.ubtvfans.com/live/rx4/3095/169815f6291f6badd72660d9b0fab2fe/index.m3u8
dave,Dave,英國頻道,sources/live-base.txt,durable-base-hls,Dave,z3.ubtvfans.com,direct-hls,true,true,retest-existing-hls,,,https://z3.ubtvfans.com/live/rx4/1418/cb17cd9df5ed8775fb21f7c943bcd31b/index.m3u8
dave,Dave,英國頻道,sources/live-cleaned-backup.txt,durable-cleaned-backup-hls,Dave,z3.ubtvfans.com,direct-hls,true,true,retest-existing-hls,,,https://z3.ubtvfans.com/live/rx4/1418/cb17cd9df5ed8775fb21f7c943bcd31b/index.m3u8
daveandava,Dave and Ava,YouTube兒童動畫,sources/youtube-live-channels.csv,durable-youtube-page,Dave and Ava,www.youtube.com,youtube-page,true,true,resolve-with-yt-dlp,,NU-7Xmj514E,https://www.youtube.com/watch?v=NU-7Xmj514E
deejaytv,Deejay TV,意大利,sources/live-base.txt,durable-base-hls,Deejay TV,z3.ubtvfans.com,direct-hls,true,true,retest-existing-hls,,,https://z3.ubtvfans.com/live/rx2/1601/5733e255cee50779b734ce6026bbe2cb/index.m3u8
deejaytv,Deejay TV,意大利,sources/live-cleaned-backup.txt,durable-cleaned-backup-hls,Deejay TV,z3.ubtvfans.com,direct-hls,true,true,retest-existing-hls,,,https://z3.ubtvfans.com/live/rx2/1601/5733e255cee50779b734ce6026bbe2cb/index.m3u8
discoveringchina,Discovering China,紀實頻道,sources/live-base.txt,durable-base-hls,Discovering China,z3.ubtvfans.com,direct-hls,true,true,retest-existing-hls,,,https://z3.ubtvfans.com/live/rx2/3287/4d5b088517f1aa93d4e3d627c214b39b/index.m3u8
discoveringchina,Discovering China,紀實頻道,sources/live-cleaned-backup.txt,durable-cleaned-backup-hls,Discovering China,z3.ubtvfans.com,direct-hls,true,true,retest-existing-hls,,,https://z3.ubtvfans.com/live/rx2/3287/4d5b088517f1aa93d4e3d627c214b39b/index.m3u8
discovery,Discovery,한국 | 美國頻道,sources/live-base.txt,durable-base-hls,Discovery,z3.ubtvfans.com,direct-hls,true,true,retest-existing-hls,,,https://z3.ubtvfans.com/live/rx4/3196/14ec1e68219043fc3b1e059ba5567d40/index.m3u8
discovery,Discovery,한국 | 美國頻道,sources/live-base.txt,durable-base-hls,Discovery,z3.ubtvfans.com,direct-hls,true,true,retest-existing-hls,,,https://z3.ubtvfans.com/live/rx2/1529/76a2dbe3e6b392b0cc85ea14a3fe54cd/index.m3u8
discovery,Discovery,한국 | 美國頻道,sources/live-cleaned-backup.txt,durable-cleaned-backup-hls,Discovery,z3.ubtvfans.com,direct-hls,true,true,retest-existing-hls,,,https://z3.ubtvfans.com/live/rx4/3196/14ec1e68219043fc3b1e059ba5567d40/index.m3u8
discovery,Discovery,한국 | 美國頻道,sources/live-cleaned-backup.txt,durable-cleaned-backup-hls,Discovery,z3.ubtvfans.com,direct-hls,true,true,retest-existing-hls,,,https://z3.ubtvfans.com/live/rx2/1529/76a2dbe3e6b392b0cc85ea14a3fe54cd/index.m3u8
discoveryinvestigation,Discovery investigation,英國頻道,sources/live-base.txt,durable-base-hls,Discovery investigation,z3.ubtvfans.com,direct-hls,true,true,retest-existing-hls,,,https://z3.ubtvfans.com/live/rx3/1426/0c032d65a09235e11414f4f899241a41/index.m3u8
discoveryinvestigation,Discovery investigation,英國頻道,sources/live-cleaned-backup.txt,durable-cleaned-backup-hls,Discovery investigation,z3.ubtvfans.com,direct-hls,true,true,retest-existing-hls,,,https://z3.ubtvfans.com/live/rx3/1426/0c032d65a09235e11414f4f899241a41/index.m3u8
discoveryjapan,Discovery Japan,にっぽん,sources/live-base.txt,durable-base-hls,Discovery Japan,z3.ubtvfans.com,direct-hls,true,true,retest-existing-hls,,,https://z3.ubtvfans.com/live/rx3/290/d018dd37fa1ed6fabc0022e68528ac44/index.m3u8
discoveryjapan,Discovery Japan,にっぽん,sources/live-cleaned-backup.txt,durable-cleaned-backup-hls,Discovery Japan,z3.ubtvfans.com,direct-hls,true,true,retest-existing-hls,,,https://z3.ubtvfans.com/live/rx3/290/d018dd37fa1ed6fabc0022e68528ac44/index.m3u8
discoveryscience,discovery science,英國頻道,sources/live-base.txt,durable-base-hls,discovery science,z3.ubtvfans.com,direct-hls,true,true,retest-existing-hls,,,https://z3.ubtvfans.com/live/rx3/1424/09aab8ae0f63932666ee3f21ae3edd8a/index.m3u8
discoveryscience,discovery science,英國頻道,sources/live-cleaned-backup.txt,durable-cleaned-backup-hls,discovery science,z3.ubtvfans.com,direct-hls,true,true,retest-existing-hls,,,https://z3.ubtvfans.com/live/rx3/1424/09aab8ae0f63932666ee3f21ae3edd8a/index.m3u8
discoveryturbo,Discovery turbo,英國頻道,sources/live-base.txt,durable-base-hls,Discovery turbo,z3.ubtvfans.com,direct-hls,true,true,retest-existing-hls,,,https://z3.ubtvfans.com/live/rx4/1387/389fe89dbcee7b89818bed00871e4a1e/index.m3u8
discoveryturbo,Discovery turbo,英國頻道,sources/live-cleaned-backup.txt,durable-cleaned-backup-hls,Discovery turbo,z3.ubtvfans.com,direct-hls,true,true,retest-existing-hls,,,https://z3.ubtvfans.com/live/rx4/1387/389fe89dbcee7b89818bed00871e4a1e/index.m3u8
disney,Disney,少兒頻道 | 美國頻道,sources/live-base.txt,durable-base-hls,Disney,z3.ubtvfans.com,direct-hls,true,true,retest-existing-hls,,,https://z3.ubtvfans.com/live/rx5/5/7fb23a926a7bb904a8ecba098ea4a671/index.m3u8
disney,Disney,少兒頻道 | 美國頻道,sources/live-base.txt,durable-base-hls,Disney,z3.ubtvfans.com,direct-hls,true,true,retest-existing-hls,,,https://z3.ubtvfans.com/live/rx5/1208/16993da96fc4908413fe2b40249d74fa/index.m3u8
disney,Disney,少兒頻道 | 美國頻道,sources/live-cleaned-backup.txt,durable-cleaned-backup-hls,Disney,z3.ubtvfans.com,direct-hls,true,true,retest-existing-hls,,,https://z3.ubtvfans.com/live/rx5/5/7fb23a926a7bb904a8ecba098ea4a671/index.m3u8
disney,Disney,少兒頻道 | 美國頻道,sources/live-cleaned-backup.txt,durable-cleaned-backup-hls,Disney,z3.ubtvfans.com,direct-hls,true,true,retest-existing-hls,,,https://z3.ubtvfans.com/live/rx5/1208/16993da96fc4908413fe2b40249d74fa/index.m3u8
disneychanel,Disney Chanel,越南頻道,sources/live-base.txt,durable-base-hls,Disney Chanel,z3.ubtvfans.com,direct-hls,true,true,retest-existing-hls,,,https://z3.ubtvfans.com/live/rx5/2262/0dc12591e54ccad5d9299513f71fb120/index.m3u8
disneychanel,Disney Chanel,越南頻道,sources/live-cleaned-backup.txt,durable-cleaned-backup-hls,Disney Chanel,z3.ubtvfans.com,direct-hls,true,true,retest-existing-hls,,,https://z3.ubtvfans.com/live/rx5/2262/0dc12591e54ccad5d9299513f71fb120/index.m3u8
disneyjunio,Disney Junio,YouTube兒童動畫,sources/youtube-live-channels.csv,durable-youtube-page,Disney Junio,www.youtube.com,youtube-page,true,true,resolve-with-yt-dlp,,k7iNXiw1zL4,https://www.youtube.com/watch?v=k7iNXiw1zL4
disneyxd,Disney XD,美國頻道,sources/live-base.txt,durable-base-hls,Disney XD,z3.ubtvfans.com,direct-hls,true,true,retest-existing-hls,,,https://z3.ubtvfans.com/live/rx5/1209/a39f91177e299519749f441fb4d68ac8/index.m3u8
disneyxd,Disney XD,美國頻道,sources/live-cleaned-backup.txt,durable-cleaned-backup-hls,Disney XD,z3.ubtvfans.com,direct-hls,true,true,retest-existing-hls,,,https://z3.ubtvfans.com/live/rx5/1209/a39f91177e299519749f441fb4d68ac8/index.m3u8
diynetwork,Diy network,美國頻道,sources/live-base.txt,durable-base-hls,Diy network,z3.ubtvfans.com,direct-hls,true,true,retest-existing-hls,,,https://z3.ubtvfans.com/live/rx2/1528/42fac1674f168637bf89a643480462d8/index.m3u8
diynetwork,Diy network,美國頻道,sources/live-cleaned-backup.txt,durable-cleaned-backup-hls,Diy network,z3.ubtvfans.com,direct-hls,true,true,retest-existing-hls,,,https://z3.ubtvfans.com/live/rx2/1528/42fac1674f168637bf89a643480462d8/index.m3u8
dwnews,DW News,YouTube國際新聞,sources/youtube-live-channels.csv,durable-youtube-page,DW News,www.youtube.com,youtube-page,true,true,resolve-with-yt-dlp,,LuKwFajn37U,https://www.youtube.com/watch?v=LuKwFajn37U
dwnews,DW News,YouTube國際新聞,sources/live-youtube-stable.txt,generated-youtube-hls,046 DW News,manifest.googlevideo.com,youtube-generated-hls,false,false,generated-short-lived,2026-06-22T21:49:29.000Z,LuKwFajn37U,"https://manifest.googlevideo.com/api/manifest/hls_playlist/expire/1782164969/ei/iVk5ari7ELD0pt8P9sOP4A4/ip/114.42.199.53/id/LuKwFajn37U.96/itag/94/source/yt_live_broadcast/requiressl/yes/ratebypass/yes/live/1/sgoap/gir%3Dyes%3Bitag%3D140/sgovp/gir%3Dyes%3Bitag%3D135/rqh/1/hls_chunk_host/rr2---sn-ipoxu-umby.googlevideo.com/xpc/EgVo2aDSNQ%3D%3D/bui/ARmQxEVNJ0l0zH1xFjby-EjwXrYiTgsyEtjIuU3wgbX3DczA-0oWUWL6ObjX76_dCBI-HhIXXT2hPOY_/spc/SQ-umhmbY794n0rGwQKU0LTO3Imv-bYoS9_1JDA4ATDVkxrhxQ/vprv/1/reg/0/playlist_type/DVR/initcwndbps/2845000/met/1782143369,/mh/sz/mm/44/mn/sn-ipoxu-umby/ms/lva/mv/m/mvi/2/pcm2cms/yes/pl/24/rms/lva,lva/dover/11/pacing/0/keepalive/yes/fexp/51565116,51565681,51946837,51987687/mt/1782142835/sparams/expire,ei,ip,id,itag,source,requiressl,ratebypass,live,sgoap,sgovp,rqh,xpc,bui,spc,vprv,reg,playlist_type/sig/AHEqNM4wRgIhAIUMmesifVpXAp7u4Vh_MMz9gk7Ymq-DgjK7P3Vrt3ycAiEArH3Z8LuEIP-nA0i8BFWvm-QQJDmjwCDZhyEFiYxIQeI%3D/lsparams/hls_chunk_host,initcwndbps,met,mh,mm,mn,ms,mv,mvi,pcm2cms,pl,rms/lsig/APaTxxMwRQIhAIvyzmuWt6J6ioOovB6VLEaWCydw0igLqkSrlC6PwApSAiBVqzfmJg8sQAUkA5Nnq0rGxM8_ww8NjmwRnOVmDozZPw%3D%3D/playlist/index.m3u8"
dw德國之聲,DW德國之聲,新聞頻道,sources/live-base.txt,durable-base-hls,DW德國之聲,z3.ubtvfans.com,direct-hls,true,true,retest-existing-hls,,,https://z3.ubtvfans.com/live/rx1/1059/1eccd1ecfaef5a9a910953dba041167e/index.m3u8
dw德國之聲,DW德國之聲,新聞頻道,sources/live-cleaned-backup.txt,durable-cleaned-backup-hls,DW德國之聲,z3.ubtvfans.com,direct-hls,true,true,retest-existing-hls,,,https://z3.ubtvfans.com/live/rx1/1059/1eccd1ecfaef5a9a910953dba041167e/index.m3u8
e,E!,美國頻道,sources/live-base.txt,durable-base-hls,E!,z3.ubtvfans.com,direct-hls,true,true,retest-existing-hls,,,https://z3.ubtvfans.com/live/rx3/1222/617cbe5fc7e6a6594018804ed4b799dc/index.m3u8
e,E!,美國頻道,sources/live-cleaned-backup.txt,durable-cleaned-backup-hls,E!,z3.ubtvfans.com,direct-hls,true,true,retest-existing-hls,,,https://z3.ubtvfans.com/live/rx3/1222/617cbe5fc7e6a6594018804ed4b799dc/index.m3u8
e4,E4,英國頻道,sources/live-base.txt,durable-base-hls,E4,z3.ubtvfans.com,direct-hls,true,true,retest-existing-hls,,,https://z3.ubtvfans.com/live/rx4/1397/f18450e70fcff2d4d1ec7e06b0ad3802/index.m3u8
e4,E4,英國頻道,sources/live-cleaned-backup.txt,durable-cleaned-backup-hls,E4,z3.ubtvfans.com,direct-hls,true,true,retest-existing-hls,,,https://z3.ubtvfans.com/live/rx4/1397/f18450e70fcff2d4d1ec7e06b0ad3802/index.m3u8
earthtv,earthTV,YouTube音樂體育風景,sources/youtube-live-channels.csv,durable-youtube-page,earthTV,www.youtube.com,youtube-page,true,true,resolve-with-yt-dlp,,r1K7DyQn3jg,https://www.youtube.com/watch?v=r1K7DyQn3jg
ebskids,EBS KIDS,한국,sources/live-base.txt,durable-base-hls,EBS KIDS,z3.ubtvfans.com,direct-hls,true,true,retest-existing-hls,,,https://z3.ubtvfans.com/live/rx6/3007/024ca279704d26c4911d890bf1e4c287/index.m3u8
ebskids,EBS KIDS,한국,sources/live-cleaned-backup.txt,durable-cleaned-backup-hls,EBS KIDS,z3.ubtvfans.com,direct-hls,true,true,retest-existing-hls,,,https://z3.ubtvfans.com/live/rx6/3007/024ca279704d26c4911d890bf1e4c287/index.m3u8
ebsplus1,EBS PLUS1,한국,sources/live-base.txt,durable-base-hls,EBS PLUS1,z3.ubtvfans.com,direct-hls,true,true,retest-existing-hls,,,https://z3.ubtvfans.com/live/rx6/3008/48ef33bf0d3170d8e148bd3bf270c8ac/index.m3u8
ebsplus1,EBS PLUS1,한국,sources/live-cleaned-backup.txt,durable-cleaned-backup-hls,EBS PLUS1,z3.ubtvfans.com,direct-hls,true,true,retest-existing-hls,,,https://z3.ubtvfans.com/live/rx6/3008/48ef33bf0d3170d8e148bd3bf270c8ac/index.m3u8
ebsplus2,EBS PLUS2,한국,sources/live-base.txt,durable-base-hls,EBS PLUS2,z3.ubtvfans.com,direct-hls,true,true,retest-existing-hls,,,https://z3.ubtvfans.com/live/rx6/3009/c8a9fe2a630d5cf87c471fca8d0fc4c9/index.m3u8
ebsplus2,EBS PLUS2,한국,sources/live-cleaned-backup.txt,durable-cleaned-backup-hls,EBS PLUS2,z3.ubtvfans.com,direct-hls,true,true,retest-existing-hls,,,https://z3.ubtvfans.com/live/rx6/3009/c8a9fe2a630d5cf87c471fca8d0fc4c9/index.m3u8
ebs1,EBS1,한국,sources/live-base.txt,durable-base-hls,EBS1,z3.ubtvfans.com,direct-hls,true,true,retest-existing-hls,,,https://z3.ubtvfans.com/live/rx6/2439/b6a985fc54e1fa5129d73c31374746e6/index.m3u8
ebs1,EBS1,한국,sources/live-cleaned-backup.txt,durable-cleaned-backup-hls,EBS1,z3.ubtvfans.com,direct-hls,true,true,retest-existing-hls,,,https://z3.ubtvfans.com/live/rx6/2439/b6a985fc54e1fa5129d73c31374746e6/index.m3u8
ebs2,EBS2,한국,sources/live-base.txt,durable-base-hls,EBS2,z3.ubtvfans.com,direct-hls,true,true,retest-existing-hls,,,https://z3.ubtvfans.com/live/rx6/3006/9e6e7fd8d7965fda01a923371c1441f5/index.m3u8
ebs2,EBS2,한국,sources/live-cleaned-backup.txt,durable-cleaned-backup-hls,EBS2,z3.ubtvfans.com,direct-hls,true,true,retest-existing-hls,,,https://z3.ubtvfans.com/live/rx6/3006/9e6e7fd8d7965fda01a923371c1441f5/index.m3u8
ebse,EBSe,한국,sources/live-base.txt,durable-base-hls,EBSe,z3.ubtvfans.com,direct-hls,true,true,retest-existing-hls,,,https://z3.ubtvfans.com/live/rx6/3010/34ad6c4f9831b9e6912278a6226aa5a5/index.m3u8
ebse,EBSe,한국,sources/live-cleaned-backup.txt,durable-cleaned-backup-hls,EBSe,z3.ubtvfans.com,direct-hls,true,true,retest-existing-hls,,,https://z3.ubtvfans.com/live/rx6/3010/34ad6c4f9831b9e6912278a6226aa5a5/index.m3u8
elevensport1,Eleven Sport 1,台灣頻道,sources/live-base.txt,durable-base-hls,Eleven Sport 1,z3.ubtvfans.com,direct-hls,true,true,retest-existing-hls,,,https://z3.ubtvfans.com/live/rx3/3496/15142a6a93478934a99b2e846ca71967/index.m3u8
elevensport1,Eleven Sport 1,台灣頻道,sources/live-base.txt,durable-base-hls,Eleven Sport 1,z3.ubtvfans.com,direct-hls,true,true,retest-existing-hls,,,https://z3.ubtvfans.com/live/rx1/3224/3c39e3f1cd4756c4bcc59cb3b492251a/index.m3u8
elevensport1,Eleven Sport 1,台灣頻道,sources/live-cleaned-backup.txt,durable-cleaned-backup-hls,Eleven Sport 1,z3.ubtvfans.com,direct-hls,true,true,retest-existing-hls,,,https://z3.ubtvfans.com/live/rx3/3496/15142a6a93478934a99b2e846ca71967/index.m3u8
elevensport1,Eleven Sport 1,台灣頻道,sources/live-cleaned-backup.txt,durable-cleaned-backup-hls,Eleven Sport 1,z3.ubtvfans.com,direct-hls,true,true,retest-existing-hls,,,https://z3.ubtvfans.com/live/rx1/3224/3c39e3f1cd4756c4bcc59cb3b492251a/index.m3u8
elevensport2,Eleven Sport 2,台灣頻道,sources/live-base.txt,durable-base-hls,Eleven Sport 2,z3.ubtvfans.com,direct-hls,true,true,retest-existing-hls,,,https://z3.ubtvfans.com/live/rx3/301/cfd11bbe2c2a7472b53a639377148a15/index.m3u8
elevensport2,Eleven Sport 2,台灣頻道,sources/live-cleaned-backup.txt,durable-cleaned-backup-hls,Eleven Sport 2,z3.ubtvfans.com,direct-hls,true,true,retest-existing-hls,,,https://z3.ubtvfans.com/live/rx3/301/cfd11bbe2c2a7472b53a639377148a15/index.m3u8
elevensport2備,Eleven Sport 2（備）,台灣頻道,sources/live-base.txt,durable-base-hls,Eleven Sport 2（備）,z3.ubtvfans.com,direct-hls,true,true,retest-existing-hls,,,https://z3.ubtvfans.com/live/rx2/3482/bb0a8e111b0857e0508df8dfe4a537e9/index.m3u8
elevensport2備,Eleven Sport 2（備）,台灣頻道,sources/live-cleaned-backup.txt,durable-cleaned-backup-hls,Eleven Sport 2（備）,z3.ubtvfans.com,direct-hls,true,true,retest-existing-hls,,,https://z3.ubtvfans.com/live/rx2/3482/bb0a8e111b0857e0508df8dfe4a537e9/index.m3u8
elta娛樂台,ELTA娛樂台,台灣頻道,sources/live-base.txt,durable-base-hls,ELTA娛樂台,z3.ubtvfans.com,direct-hls,true,true,retest-existing-hls,,,https://z3.ubtvfans.com/live/rx6/351/411eaa84766390f814a6aed862c8d20a/index.m3u8
elta娛樂台,ELTA娛樂台,台灣頻道,sources/live-cleaned-backup.txt,durable-cleaned-backup-hls,ELTA娛樂台,z3.ubtvfans.com,direct-hls,true,true,retest-existing-hls,,,https://z3.ubtvfans.com/live/rx6/351/411eaa84766390f814a6aed862c8d20a/index.m3u8
elta綜合,ELTA綜合,台灣頻道,sources/live-base.txt,durable-base-hls,ELTA綜合,z3.ubtvfans.com,direct-hls,true,true,retest-existing-hls,,,https://z3.ubtvfans.com/live/rx3/1137/b7e466e77b402ea43b0dfe325594a14f/index.m3u8
elta綜合,ELTA綜合,台灣頻道,sources/live-cleaned-backup.txt,durable-cleaned-backup-hls,ELTA綜合,z3.ubtvfans.com,direct-hls,true,true,retest-existing-hls,,,https://z3.ubtvfans.com/live/rx3/1137/b7e466e77b402ea43b0dfe325594a14f/index.m3u8
entertainmentmediacorp,Entertainment - Mediacorp,YouTube綜合娛樂,sources/youtube-live-channels.csv,durable-youtube-page,Entertainment - Mediacorp,www.youtube.com,youtube-page,true,true,resolve-with-yt-dlp,,ipqTkEH3mhE,https://www.youtube.com/watch?v=ipqTkEH3mhE
entertainmentmediacorp,Entertainment - Mediacorp,YouTube綜合娛樂,sources/live-youtube-stable.txt,generated-youtube-hls,043 Entertainment - Mediacorp,manifest.googlevideo.com,youtube-generated-hls,false,false,generated-short-lived,2026-06-22T21:49:22.000Z,ipqTkEH3mhE,"https://manifest.googlevideo.com/api/manifest/hls_playlist/expire/1782164962/ei/glk5ar2kJaiavcAPg_WTyQw/ip/114.42.199.53/id/ipqTkEH3mhE.3/itag/94/source/yt_live_broadcast/requiressl/yes/ratebypass/yes/live/1/sgoap/gir%3Dyes%3Bitag%3D140/sgovp/gir%3Dyes%3Bitag%3D135/rqh/1/hls_chunk_host/rr1---sn-ipoxu-umbee.googlevideo.com/xpc/EgVo2aDSNQ%3D%3D/bui/ARmQxEUiTlHoorAXa-Hnta8JH_N5WxWZAalZUzrpOsK5tZcdL3e2mayQ6gmAjhy76ePGdpJpM43HIOOG/spc/SQ-umgVUXQOFYb9OISkqyEjFO8CNVEZwDMWAXKKYvBiPxaq40Q/vprv/1/reg/0/playlist_type/DVR/initcwndbps/2605000/met/1782143362,/mh/7T/mm/44/mn/sn-ipoxu-umbee/ms/lva/mv/m/mvi/1/pl/24/rms/lva,lva/dover/11/pacing/0/keepalive/yes/fexp/51565116,51565682,51946837,51987687/mt/1782142835/sparams/expire,ei,ip,id,itag,source,requiressl,ratebypass,live,sgoap,sgovp,rqh,xpc,bui,spc,vprv,reg,playlist_type/sig/AHEqNM4wRAIgUvjFtV9QjNa_3OcsG0lIomXEpRTn35FZQQmtL8HIlnkCIFhmjWx9jXZMHn8BQ3gVSMsz6fj4TQ56Mbvf6d4LPXix/lsparams/hls_chunk_host,initcwndbps,met,mh,mm,mn,ms,mv,mvi,pl,rms/lsig/APaTxxMwRgIhAKcfKdbfIkmkSHW3weKLBZvZGeQRTu71HtL8oU_8g6nyAiEA0eXvfKLrXWuhY12Clex1k3b0mes6KWlyLbgNZ1VsR1c%3D/playlist/index.m3u8"
eroticspice,EROTIC SPICE,私密頻道_7708,sources/live-base.txt,durable-base-hls,EROTIC SPICE,z3.ubtvfans.com,direct-hls,true,true,retest-existing-hls,,,https://z3.ubtvfans.com/live/rx4/3098/47ef39a83255e5dbb5165f1156561c21/index.m3u8
eroticspice,EROTIC SPICE,私密頻道_7708,sources/live-cleaned-backup.txt,durable-cleaned-backup-hls,EROTIC SPICE,z3.ubtvfans.com,direct-hls,true,true,retest-existing-hls,,,https://z3.ubtvfans.com/live/rx4/3098/47ef39a83255e5dbb5165f1156561c21/index.m3u8
erox,Erox,私密頻道_7708,sources/live-base.txt,durable-base-hls,Erox,z3.ubtvfans.com,direct-hls,true,true,retest-existing-hls,,,https://z3.ubtvfans.com/live/rx4/3079/5e7d86b8132fec2fa9c3efeeded38f23/index.m3u8
erox,Erox,私密頻道_7708,sources/live-cleaned-backup.txt,durable-cleaned-backup-hls,Erox,z3.ubtvfans.com,direct-hls,true,true,retest-existing-hls,,,https://z3.ubtvfans.com/live/rx4/3079/5e7d86b8132fec2fa9c3efeeded38f23/index.m3u8
esantv,Esan TV,泰國頻道,sources/live-base.txt,durable-base-hls,Esan TV,z3.ubtvfans.com,direct-hls,true,true,retest-existing-hls,,,https://z3.ubtvfans.com/live/rx4/2243/4eb435c9dd10f03713985196b37899a1/index.m3u8
esantv,Esan TV,泰國頻道,sources/live-cleaned-backup.txt,durable-cleaned-backup-hls,Esan TV,z3.ubtvfans.com,direct-hls,true,true,retest-existing-hls,,,https://z3.ubtvfans.com/live/rx4/2243/4eb435c9dd10f03713985196b37899a1/index.m3u8
espn1,ESPN 1,體育頻道,sources/live-base.txt,durable-base-hls,ESPN 1,z3.ubtvfans.com,direct-hls,true,true,retest-existing-hls,,,https://z3.ubtvfans.com/live/rx5/2788/d812d481e5d09d3eb81cbb07957313ff/index.m3u8
espn1,ESPN 1,體育頻道,sources/live-base.txt,durable-base-hls,ESPN 1,z3.ubtvfans.com,direct-hls,true,true,retest-existing-hls,,,https://z3.ubtvfans.com/live/rx3/1182/123a0d6a1fd804f243501a2abef81f5e/index.m3u8
espn1,ESPN 1,體育頻道,sources/live-cleaned-backup.txt,durable-cleaned-backup-hls,ESPN 1,z3.ubtvfans.com,direct-hls,true,true,retest-existing-hls,,,https://z3.ubtvfans.com/live/rx3/1182/123a0d6a1fd804f243501a2abef81f5e/index.m3u8
espn1,ESPN 1,體育頻道,sources/live-cleaned-backup.txt,durable-cleaned-backup-hls,ESPN 1,z3.ubtvfans.com,direct-hls,true,true,retest-existing-hls,,,https://z3.ubtvfans.com/live/rx5/2788/d812d481e5d09d3eb81cbb07957313ff/index.m3u8
espn2,ESPN 2,體育頻道,sources/live-base.txt,durable-base-hls,ESPN 2,z3.ubtvfans.com,direct-hls,true,true,retest-existing-hls,,,https://z3.ubtvfans.com/live/rx5/2789/75fbc09a8e41a3dc5b96361914fba9c3/index.m3u8
espn2,ESPN 2,體育頻道,sources/live-cleaned-backup.txt,durable-cleaned-backup-hls,ESPN 2,z3.ubtvfans.com,direct-hls,true,true,retest-existing-hls,,,https://z3.ubtvfans.com/live/rx5/2789/75fbc09a8e41a3dc5b96361914fba9c3/index.m3u8
espnnews,ESPN NEWS,美國頻道,sources/live-base.txt,durable-base-hls,ESPN NEWS,z3.ubtvfans.com,direct-hls,true,true,retest-existing-hls,,,https://z3.ubtvfans.com/live/rx6/1363/8facbee2c882568b0e3ddf1a8387ccac/index.m3u8
espnnews,ESPN NEWS,美國頻道,sources/live-cleaned-backup.txt,durable-cleaned-backup-hls,ESPN NEWS,z3.ubtvfans.com,direct-hls,true,true,retest-existing-hls,,,https://z3.ubtvfans.com/live/rx6/1363/8facbee2c882568b0e3ddf1a8387ccac/index.m3u8
espnu,ESPN U,美國頻道,sources/live-base.txt,durable-base-hls,ESPN U,z3.ubtvfans.com,direct-hls,true,true,retest-existing-hls,,,https://z3.ubtvfans.com/live/rx3/1196/53296d1bec1dcb053349edaa438aaba1/index.m3u8
espnu,ESPN U,美國頻道,sources/live-cleaned-backup.txt,durable-cleaned-backup-hls,ESPN U,z3.ubtvfans.com,direct-hls,true,true,retest-existing-hls,,,https://z3.ubtvfans.com/live/rx3/1196/53296d1bec1dcb053349edaa438aaba1/index.m3u8
euronewsenglish,Euronews English,新聞頻道 | YouTube國際新聞,sources/live-base.txt,durable-base-hls,Euronews English,z3.ubtvfans.com,direct-hls,true,true,retest-existing-hls,,,https://z3.ubtvfans.com/live/rx1/2342/507daff5ffb50f1ef2d132a0d5365280/index.m3u8
euronewsenglish,Euronews English,新聞頻道 | YouTube國際新聞,sources/live-cleaned-backup.txt,durable-cleaned-backup-hls,Euronews English,z3.ubtvfans.com,direct-hls,true,true,retest-existing-hls,,,https://z3.ubtvfans.com/live/rx1/2342/507daff5ffb50f1ef2d132a0d5365280/index.m3u8
euronewsenglish,Euronews English,新聞頻道 | YouTube國際新聞,sources/youtube-live-channels.csv,durable-youtube-page,Euronews English,www.youtube.com,youtube-page,true,true,resolve-with-yt-dlp,,pykpO5kQJ98,https://www.youtube.com/watch?v=pykpO5kQJ98
euronewsenglish,Euronews English,新聞頻道 | YouTube國際新聞,sources/live-youtube-stable.txt,generated-youtube-hls,053 Euronews English,manifest.googlevideo.com,youtube-generated-hls,false,false,generated-short-lived,2026-06-22T21:49:49.000Z,pykpO5kQJ98,"https://manifest.googlevideo.com/api/manifest/hls_playlist/expire/1782164989/ei/nVk5atL8G9-J1d8Pp9KJiQM/ip/114.42.199.53/id/pykpO5kQJ98.5/itag/94/source/yt_live_broadcast/requiressl/yes/ratebypass/yes/live/1/sgoap/gir%3Dyes%3Bitag%3D140/sgovp/gir%3Dyes%3Bitag%3D135/rqh/1/hls_chunk_host/rr5---sn-ipoxu-umbee.googlevideo.com/xpc/EgVo2aDSNQ%3D%3D/gcr/tw/bui/ARmQxEV8m3eL46pEeX8nco_y80mCp_le2plZoH6EuoPjiKWVKH_XbdiehncnhXkb9ZmYznRDRt1FK6Fk/spc/SQ-umnY3-pe5lZiGe6lHHc_Ppo7nrxMgGWJmszVYKRNQUKieYw/vprv/1/reg/0/playlist_type/DVR/initcwndbps/2605000/met/1782143389,/mh/PN/mm/44/mn/sn-ipoxu-umbee/ms/lva/mv/m/mvi/5/pl/24/rms/lva,lva/dover/11/pacing/0/keepalive/yes/fexp/51565116,51565681,51987687/mt/1782142835/sparams/expire,ei,ip,id,itag,source,requiressl,ratebypass,live,sgoap,sgovp,rqh,xpc,gcr,bui,spc,vprv,reg,playlist_type/sig/AHEqNM4wRAIgCqMJEXFtDeyaBCFnDxv2QasCLKnmNahZ235pN3VZpa4CIFHBOgzRVlKFS4BSFtVVXAAsgCTY3r4FJM9G5BGocPiE/lsparams/hls_chunk_host,initcwndbps,met,mh,mm,mn,ms,mv,mvi,pl,rms/lsig/APaTxxMwRAIgN3VV7IHkUQb0FPjUbQm0NOUnZTgeFcI82os3jCrL1pwCIGlYvtkfrTIAGdnM8gQ5tr58XLMM6mqeLbm2iAnYFYaq/playlist/index.m3u8"
exxxtrasmall,EXXXTRA SMALL,私密頻道_7708,sources/live-base.txt,durable-base-hls,EXXXTRA SMALL,z3.ubtvfans.com,direct-hls,true,true,retest-existing-hls,,,https://z3.ubtvfans.com/live/rx4/3099/0b44e4e54cb462130b54ce6acc47a19c/index.m3u8
exxxtrasmall,EXXXTRA SMALL,私密頻道_7708,sources/live-cleaned-backup.txt,durable-cleaned-backup-hls,EXXXTRA SMALL,z3.ubtvfans.com,direct-hls,true,true,retest-existing-hls,,,https://z3.ubtvfans.com/live/rx4/3099/0b44e4e54cb462130b54ce6acc47a19c/index.m3u8
eye旅遊,EYE旅遊,台灣頻道,sources/live-base.txt,durable-base-hls,EYE旅遊,z3.ubtvfans.com,direct-hls,true,true,retest-existing-hls,,,https://z3.ubtvfans.com/live/rx3/1494/488f22b06cd5d9cdecc58c191d163a35/index.m3u8
eye旅遊,EYE旅遊,台灣頻道,sources/live-cleaned-backup.txt,durable-cleaned-backup-hls,EYE旅遊,z3.ubtvfans.com,direct-hls,true,true,retest-existing-hls,,,https://z3.ubtvfans.com/live/rx3/1494/488f22b06cd5d9cdecc58c191d163a35/index.m3u8
eye戲劇,EYE戲劇,台灣頻道,sources/live-base.txt,durable-base-hls,EYE戲劇,z3.ubtvfans.com,direct-hls,true,true,retest-existing-hls,,,https://z3.ubtvfans.com/live/rx2/191/241b77b7291d462c99305fdad18493f2/index.m3u8
eye戲劇,EYE戲劇,台灣頻道,sources/live-cleaned-backup.txt,durable-cleaned-backup-hls,EYE戲劇,z3.ubtvfans.com,direct-hls,true,true,retest-existing-hls,,,https://z3.ubtvfans.com/live/rx2/191/241b77b7291d462c99305fdad18493f2/index.m3u8
fakeagent,FAKE AGENT,私密頻道_7708,sources/live-base.txt,durable-base-hls,FAKE AGENT,z3.ubtvfans.com,direct-hls,true,true,retest-existing-hls,,,https://z3.ubtvfans.com/live/rx4/3100/81fe7d0e042652df32f7570cf7671df0/index.m3u8
fakeagent,FAKE AGENT,私密頻道_7708,sources/live-cleaned-backup.txt,durable-cleaned-backup-hls,FAKE AGENT,z3.ubtvfans.com,direct-hls,true,true,retest-existing-hls,,,https://z3.ubtvfans.com/live/rx4/3100/81fe7d0e042652df32f7570cf7671df0/index.m3u8
fakecop,FAKE COP,私密頻道_7708,sources/live-base.txt,durable-base-hls,FAKE COP,z3.ubtvfans.com,direct-hls,true,true,retest-existing-hls,,,https://z3.ubtvfans.com/live/rx4/3102/6ad841187b9781f13909693dac08186b/index.m3u8
fakecop,FAKE COP,私密頻道_7708,sources/live-cleaned-backup.txt,durable-cleaned-backup-hls,FAKE COP,z3.ubtvfans.com,direct-hls,true,true,retest-existing-hls,,,https://z3.ubtvfans.com/live/rx4/3102/6ad841187b9781f13909693dac08186b/index.m3u8
fashiontv,FashionTV,紀實頻道,sources/live-base.txt,durable-base-hls,FashionTV,z3.ubtvfans.com,direct-hls,true,true,retest-existing-hls,,,https://z3.ubtvfans.com/live/rx3/2287/1c5cb9297f861032f6ed1cd2e7661a5e/index.m3u8
fashiontv,FashionTV,紀實頻道,sources/live-cleaned-backup.txt,durable-cleaned-backup-hls,FashionTV,z3.ubtvfans.com,direct-hls,true,true,retest-existing-hls,,,https://z3.ubtvfans.com/live/rx3/2287/1c5cb9297f861032f6ed1cd2e7661a5e/index.m3u8
fc2ppv1,FC2PPV 1,私密頻道_7708,sources/live-base.txt,durable-base-hls,FC2PPV 1,z3.ubtvfans.com,direct-hls,true,true,retest-existing-hls,,,https://z3.ubtvfans.com/live/rx1/3156/8848431db6d6b5e7dff4a32da3d749c9/index.m3u8
fc2ppv1,FC2PPV 1,私密頻道_7708,sources/live-cleaned-backup.txt,durable-cleaned-backup-hls,FC2PPV 1,z3.ubtvfans.com,direct-hls,true,true,retest-existing-hls,,,https://z3.ubtvfans.com/live/rx1/3156/8848431db6d6b5e7dff4a32da3d749c9/index.m3u8
fightbox,Fight Box,美國頻道,sources/live-base.txt,durable-base-hls,Fight Box,z3.ubtvfans.com,direct-hls,true,true,retest-existing-hls,,,https://z3.ubtvfans.com/live/rx6/1365/40b04c2dded33fb163cedb7a5b652212/index.m3u8
fightbox,Fight Box,美國頻道,sources/live-cleaned-backup.txt,durable-cleaned-backup-hls,Fight Box,z3.ubtvfans.com,direct-hls,true,true,retest-existing-hls,,,https://z3.ubtvfans.com/live/rx6/1365/40b04c2dded33fb163cedb7a5b652212/index.m3u8
fightnetwork,Fight network,美國頻道,sources/live-base.txt,durable-base-hls,Fight network,z3.ubtvfans.com,direct-hls,true,true,retest-existing-hls,,,https://z3.ubtvfans.com/live/rx2/1527/e86fdbc7f152358770a6fe687b02df2f/index.m3u8
fightnetwork,Fight network,美國頻道,sources/live-cleaned-backup.txt,durable-cleaned-backup-hls,Fight network,z3.ubtvfans.com,direct-hls,true,true,retest-existing-hls,,,https://z3.ubtvfans.com/live/rx2/1527/e86fdbc7f152358770a6fe687b02df2f/index.m3u8
film4,Film 4,英國頻道,sources/live-base.txt,durable-base-hls,Film 4,z3.ubtvfans.com,direct-hls,true,true,retest-existing-hls,,,https://z3.ubtvfans.com/live/rx4/1419/358c9401245d4d5b8a7e060cf99e6cd2/index.m3u8
film4,Film 4,英國頻道,sources/live-cleaned-backup.txt,durable-cleaned-backup-hls,Film 4,z3.ubtvfans.com,direct-hls,true,true,retest-existing-hls,,,https://z3.ubtvfans.com/live/rx4/1419/358c9401245d4d5b8a7e060cf99e6cd2/index.m3u8
filmrisecheaters劇集直播,FilmRise Cheaters 劇集直播,YouTube電影劇集,sources/youtube-live-channels.csv,durable-youtube-page,FilmRise Cheaters 劇集直播,www.youtube.com,youtube-page,true,true,resolve-with-yt-dlp,,1z_V6alJa2U,https://www.youtube.com/watch?v=1z_V6alJa2U
filmrisecheaters劇集直播,FilmRise Cheaters 劇集直播,YouTube電影劇集,sources/live-youtube-stable.txt,generated-youtube-hls,120 FilmRise Cheaters 劇集直播,manifest.googlevideo.com,youtube-generated-hls,false,false,generated-short-lived,2026-06-22T21:51:53.000Z,1z_V6alJa2U,"https://manifest.googlevideo.com/api/manifest/hls_playlist/expire/1782165113/ei/GVo5avHcOP34pt8Pwaav-Q4/ip/114.42.199.53/id/1z_V6alJa2U.2/itag/94/source/yt_live_broadcast/requiressl/yes/ratebypass/yes/live/1/sgoap/gir%3Dyes%3Bitag%3D140/sgovp/gir%3Dyes%3Bitag%3D135/rqh/1/hls_chunk_host/rr3---sn-ipoxu-umbee.googlevideo.com/xpc/EgVo2aDSNQ%3D%3D/bui/ARmQxEVNRAm0SSv8mRQIqvD6UXLBWOKPHDCEFC1Z9d5ANcAMz_LOQYuVUtm4Kv1FIi-IlT8ro_3WERsS/spc/SQ-umnDBIWm3l7f4IhLLcq-d4pMupkL0I-4G3G7yqpu6_6cx5g/vprv/1/reg/0/playlist_type/DVR/initcwndbps/2965000/met/1782143514,/mh/rd/mm/44/mn/sn-ipoxu-umbee/ms/lva/mv/m/mvi/3/pl/24/rms/lva,lva/dover/11/pacing/0/keepalive/yes/fexp/51565116,51565681,51987687/mt/1782143091/sparams/expire,ei,ip,id,itag,source,requiressl,ratebypass,live,sgoap,sgovp,rqh,xpc,bui,spc,vprv,reg,playlist_type/sig/AHEqNM4wRQIhAO_w330XdvnJK-bRDkAjWxqvK44eQlo6kSl-SCNDPuz4AiBxmpPyqvT07ew8a-lrtX3lndr0vtUxZpSnh-Et7AWblA%3D%3D/lsparams/hls_chunk_host,initcwndbps,met,mh,mm,mn,ms,mv,mvi,pl,rms/lsig/APaTxxMwRQIgTbXY6-wG259N6v2VKeo-80XOPJUJ9C4cWtT2hyScN_sCIQC4YIfAoWlZQId7BNzB7RPGLpLdyN5zbmxwZO5yWJ-4BA%3D%3D/playlist/index.m3u8"
filmrisecheaters全集,FilmRise Cheaters全集,YouTube電影劇集,sources/youtube-live-channels.csv,durable-youtube-page,FilmRise Cheaters全集,www.youtube.com,youtube-page,true,true,resolve-with-yt-dlp,,4oqyCiX-93Q,https://www.youtube.com/watch?v=4oqyCiX-93Q
filmrisecheaters全集,FilmRise Cheaters全集,YouTube電影劇集,sources/live-youtube-stable.txt,generated-youtube-hls,124 FilmRise Cheaters全集,manifest.googlevideo.com,youtube-generated-hls,false,false,generated-short-lived,2026-06-22T21:52:06.000Z,4oqyCiX-93Q,"https://manifest.googlevideo.com/api/manifest/hls_playlist/expire/1782165126/ei/Jlo5apvlFJeQ1d8Pt-X34A0/ip/114.42.199.53/id/4oqyCiX-93Q.4/itag/94/source/yt_live_broadcast/requiressl/yes/ratebypass/yes/live/1/sgoap/gir%3Dyes%3Bitag%3D140/sgovp/gir%3Dyes%3Bitag%3D135/rqh/1/hls_chunk_host/rr3---sn-ipoxu-umbk.googlevideo.com/xpc/EgVo2aDSNQ%3D%3D/bui/ARmQxEUfHAfM_Jug-ek8Dq_jMj3bbW3AdNfdd5MTlFRhp-CURZqHYzQTe_RSFh3JYrzTXzwfHKSECVma/spc/SQ-umjcjLlMJxjA19zvDGT55KNW1Vg2jrXhkYUiPTbfvV4o7vA/vprv/1/reg/0/playlist_type/DVR/initcwndbps/2968750/met/1782143526,/mh/lv/mm/44/mn/sn-ipoxu-umbk/ms/lva/mv/m/mvi/3/pl/24/rms/lva,lva/dover/11/pacing/0/keepalive/yes/fexp/51565115,51565681,51987687/mt/1782143091/sparams/expire,ei,ip,id,itag,source,requiressl,ratebypass,live,sgoap,sgovp,rqh,xpc,bui,spc,vprv,reg,playlist_type/sig/AHEqNM4wRAIgF2RplmKpq3o1LWMGHGGGeL9g3efzZb2MhR4J9n1LQvkCIFd4yWv7nyGfIfNQNBlEiC28_rQjEm0biQ2UXjt9gHvs/lsparams/hls_chunk_host,initcwndbps,met,mh,mm,mn,ms,mv,mvi,pl,rms/lsig/APaTxxMwRAIgTFhdFfy2g9QkYbioIVhNxjhlk7012KA6tKOhfVgeF6ACIEkTu-nnpA1yOIlAP91TLZ8uFONsmMVYvNMngzK6KlG_/playlist/index.m3u8"
filmrisedickvandyke劇集直播,FilmRise Dick Van Dyke劇集直播,YouTube電影劇集,sources/youtube-live-channels.csv,durable-youtube-page,FilmRise Dick Van Dyke劇集直播,www.youtube.com,youtube-page,true,true,resolve-with-yt-dlp,,Y0vqwbt0A0w,https://www.youtube.com/watch?v=Y0vqwbt0A0w
filmrisedickvandyke劇集直播,FilmRise Dick Van Dyke劇集直播,YouTube電影劇集,sources/live-youtube-stable.txt,generated-youtube-hls,121 FilmRise Dick Van Dyke劇集直播,manifest.googlevideo.com,youtube-generated-hls,false,false,generated-short-lived,2026-06-22T21:51:57.000Z,Y0vqwbt0A0w,"https://manifest.googlevideo.com/api/manifest/hls_playlist/expire/1782165117/ei/HVo5ao7pLpzevcAPiqy0-Ao/ip/114.42.199.53/id/Y0vqwbt0A0w.2/itag/94/source/yt_live_broadcast/requiressl/yes/ratebypass/yes/live/1/sgoap/gir%3Dyes%3Bitag%3D140/sgovp/gir%3Dyes%3Bitag%3D135/rqh/1/hls_chunk_host/rr2---sn-ipoxu-umbk.googlevideo.com/xpc/EgVo2aDSNQ%3D%3D/bui/ARmQxEXAjYeKUM6ptfMZrnngg7Ln0o6XQMG2n_5zxmHd0gIYWhO0SXQs8koov27kMNY7ZTw6ZaVdC2iF/spc/SQ-umqUAajI_cIkVBynP0K0cTMDkYYtwBklZb2rWqij7ijI9Yw/vprv/1/reg/0/playlist_type/DVR/initcwndbps/2968750/met/1782143517,/mh/hl/mm/44/mn/sn-ipoxu-umbk/ms/lva/mv/m/mvi/2/pcm2cms/yes/pl/24/rms/lva,lva/dover/11/pacing/0/keepalive/yes/fexp/51565116,51565682,51987687/mt/1782143091/sparams/expire,ei,ip,id,itag,source,requiressl,ratebypass,live,sgoap,sgovp,rqh,xpc,bui,spc,vprv,reg,playlist_type/sig/AHEqNM4wRQIgdT8zP9bAv9HhcJ6Ib_nStBZhaRtbzlzYyTj7xlYfciYCIQCHTVtvgzWZS0zpyCcUAhWW7VOHJS0Irni9Pv_Efy9AVg%3D%3D/lsparams/hls_chunk_host,initcwndbps,met,mh,mm,mn,ms,mv,mvi,pcm2cms,pl,rms/lsig/APaTxxMwRgIhALMsFHfVk6l9k5-IVHcmaHB-0e20RbdUb_TMuCPGzS0OAiEA4kvI0zKb8XHhcAf5KAXyb70UfzgM1i3hQ2phy-oDH6s%3D/playlist/index.m3u8"
filmriseunsolvedmysteries全集,FilmRise Unsolved Mysteries全集,YouTube電影劇集,sources/youtube-live-channels.csv,durable-youtube-page,FilmRise Unsolved Mysteries全集,www.youtube.com,youtube-page,true,true,resolve-with-yt-dlp,,5CDcgYH0Ot0,https://www.youtube.com/watch?v=5CDcgYH0Ot0
filmriseunsolvedmysteries全集,FilmRise Unsolved Mysteries全集,YouTube電影劇集,sources/live-youtube-stable.txt,generated-youtube-hls,123 FilmRise Unsolved Mysteries全集,manifest.googlevideo.com,youtube-generated-hls,false,false,generated-short-lived,2026-06-22T21:52:03.000Z,5CDcgYH0Ot0,"https://manifest.googlevideo.com/api/manifest/hls_playlist/expire/1782165123/ei/I1o5ar_CCumDvcAPo56SoAw/ip/114.42.199.53/id/5CDcgYH0Ot0.2/itag/94/source/yt_live_broadcast/requiressl/yes/ratebypass/yes/live/1/sgoap/gir%3Dyes%3Bitag%3D140/sgovp/gir%3Dyes%3Bitag%3D135/rqh/1/hls_chunk_host/rr1---sn-ipoxu-umbee.googlevideo.com/xpc/EgVo2aDSNQ%3D%3D/bui/ARmQxEVvqRYu0Xj5jYEgDniZC4FY61DSF2u63fhPlg3EJHqeWau64XNYsZlrc_w90YwuqNiw-0ff_iGv/spc/SQ-ummS4gr98M9uNKJy_SsF9-bhO2sBpCmhGjTyGoqGulHRfiw/vprv/1/reg/0/playlist_type/DVR/initcwndbps/2965000/met/1782143523,/mh/qj/mm/44/mn/sn-ipoxu-umbee/ms/lva/mv/m/mvi/1/pl/24/rms/lva,lva/dover/11/pacing/0/keepalive/yes/fexp/51565115,51565681,51987687/mt/1782143091/sparams/expire,ei,ip,id,itag,source,requiressl,ratebypass,live,sgoap,sgovp,rqh,xpc,bui,spc,vprv,reg,playlist_type/sig/AHEqNM4wRQIhAJGg2_ompYGj6HH9ipvB9TwkcXXtCKSShhpK3FKc2CcQAiBAXR30_rqNzPusdLNHcglRD5_G9PD_u88NNvANMuuZXw%3D%3D/lsparams/hls_chunk_host,initcwndbps,met,mh,mm,mn,ms,mv,mvi,pl,rms/lsig/APaTxxMwRQIhAOf3NJUk73P2bV9d7NkfsOKA8wI3BFA9XRxdB-SdLwYzAiAifvaGpTnlEk1asU461QKw-WNPET6bJ5Rj5uZebsL0ig%3D%3D/playlist/index.m3u8"
filmriseunsolvedmysteries直播,FilmRise Unsolved Mysteries直播,YouTube電影劇集,sources/youtube-live-channels.csv,durable-youtube-page,FilmRise Unsolved Mysteries直播,www.youtube.com,youtube-page,true,true,resolve-with-yt-dlp,,quxkJY6GYvY,https://www.youtube.com/watch?v=quxkJY6GYvY
filmriseunsolvedmysteries直播,FilmRise Unsolved Mysteries直播,YouTube電影劇集,sources/live-youtube-stable.txt,generated-youtube-hls,122 FilmRise Unsolved Mysteries直播,manifest.googlevideo.com,youtube-generated-hls,false,false,generated-short-lived,2026-06-22T21:52:00.000Z,quxkJY6GYvY,"https://manifest.googlevideo.com/api/manifest/hls_playlist/expire/1782165120/ei/IFo5aoivIafapt8P6_OGsQw/ip/114.42.199.53/id/quxkJY6GYvY.4/itag/94/source/yt_live_broadcast/requiressl/yes/ratebypass/yes/live/1/sgoap/gir%3Dyes%3Bitag%3D140/sgovp/gir%3Dyes%3Bitag%3D135/rqh/1/hls_chunk_host/rr5---sn-ipoxu-umbk.googlevideo.com/xpc/EgVo2aDSNQ%3D%3D/playlist_duration/30/manifest_duration/30/bui/ARmQxEW8M9FQRIoSqzgQ4HaWQTRRQjgxferiL-FkEmgdFc3oJYcWi0_NF66PTKRw_IOF4syjGyrSxC0g/spc/SQ-umudSdCSho_6sDUou2sthPSXrblWk94dDB0aDMAOnKfZE6w/vprv/1/reg/0/playlist_type/DVR/initcwndbps/2968750/met/1782143520,/mh/1Q/mm/44/mn/sn-ipoxu-umbk/ms/lva/mv/m/mvi/5/pcm2cms/yes/pl/24/rms/lva,lva/dover/11/pacing/0/keepalive/yes/fexp/51565116,51565682,51987687/mt/1782143091/sparams/expire,ei,ip,id,itag,source,requiressl,ratebypass,live,sgoap,sgovp,rqh,xpc,playlist_duration,manifest_duration,bui,spc,vprv,reg,playlist_type/sig/AHEqNM4wRAIgMShAqjE3FEUm2uDBXs27lqesyaOOjkgeocIUbyoOgOUCIC8reugR_9FXRkeChZwWNrLDP-nqAqnHWKgOYjf2axRM/lsparams/hls_chunk_host,initcwndbps,met,mh,mm,mn,ms,mv,mvi,pcm2cms,pl,rms/lsig/APaTxxMwRQIhAOlE1-QcvPOUJELCrG-qK3iw4ylQcfCbcFGRxw-UmKyUAiBkXkL9IkJ__BCZ_mfzEdGluw9T1ypN7_nDP4YOmDKmqQ%3D%3D/playlist/index.m3u8"
firstlight,Firstlight,音樂宗教,sources/live-base.txt,durable-base-hls,Firstlight,z3.ubtvfans.com,direct-hls,true,true,retest-existing-hls,,,https://z3.ubtvfans.com/live/rx3/2409/1232a85f8c4c1d006e369f3f96440237/index.m3u8
firstlight,Firstlight,音樂宗教,sources/live-cleaned-backup.txt,durable-cleaned-backup-hls,Firstlight,z3.ubtvfans.com,direct-hls,true,true,retest-existing-hls,,,https://z3.ubtvfans.com/live/rx3/2409/1232a85f8c4c1d006e369f3f96440237/index.m3u8
foodnetwork美,Food network 美,美國頻道,sources/live-base.txt,durable-base-hls,Food network 美,z3.ubtvfans.com,direct-hls,true,true,retest-existing-hls,,,https://z3.ubtvfans.com/live/rx2/1526/a06515ea8f9d8e3ef25b41b23c4f9a27/index.m3u8
foodnetwork美,Food network 美,美國頻道,sources/live-cleaned-backup.txt,durable-cleaned-backup-hls,Food network 美,z3.ubtvfans.com,direct-hls,true,true,retest-existing-hls,,,https://z3.ubtvfans.com/live/rx2/1526/a06515ea8f9d8e3ef25b41b23c4f9a27/index.m3u8
foodnetwork英,Food Network 英,紀實頻道,sources/live-base.txt,durable-base-hls,Food Network 英,z3.ubtvfans.com,direct-hls,true,true,retest-existing-hls,,,https://z3.ubtvfans.com/live/rx4/1421/96d17db2c73cb7fadb384922258d4acb/index.m3u8
foodnetwork英,Food Network 英,紀實頻道,sources/live-cleaned-backup.txt,durable-cleaned-backup-hls,Food Network 英,z3.ubtvfans.com,direct-hls,true,true,retest-existing-hls,,,https://z3.ubtvfans.com/live/rx4/1421/96d17db2c73cb7fadb384922258d4acb/index.m3u8
foodnetworkcanada,Food Network Canada,紀實頻道,sources/live-base.txt,durable-base-hls,Food Network Canada,z3.ubtvfans.com,direct-hls,true,true,retest-existing-hls,,,https://z3.ubtvfans.com/live/rx3/1265/0b8dd4939f3ab3e41a95026dedb3925e/index.m3u8
foodnetworkcanada,Food Network Canada,紀實頻道,sources/live-cleaned-backup.txt,durable-cleaned-backup-hls,Food Network Canada,z3.ubtvfans.com,direct-hls,true,true,retest-existing-hls,,,https://z3.ubtvfans.com/live/rx3/1265/0b8dd4939f3ab3e41a95026dedb3925e/index.m3u8
fox,FOX,美國頻道,sources/live-base.txt,durable-base-hls,FOX,z3.ubtvfans.com,direct-hls,true,true,retest-existing-hls,,,https://z3.ubtvfans.com/live/rx5/1218/ac91085b11756ac87fd4276f77afb940/index.m3u8
fox,FOX,美國頻道,sources/live-cleaned-backup.txt,durable-cleaned-backup-hls,FOX,z3.ubtvfans.com,direct-hls,true,true,retest-existing-hls,,,https://z3.ubtvfans.com/live/rx5/1218/ac91085b11756ac87fd4276f77afb940/index.m3u8
foxbusiness,Fox Business,美國頻道,sources/live-base.txt,durable-base-hls,Fox Business,z3.ubtvfans.com,direct-hls,true,true,retest-existing-hls,,,https://z3.ubtvfans.com/live/rx5/1511/3afe3906f1aaf84274825a7fb36c5861/index.m3u8
foxbusiness,Fox Business,美國頻道,sources/live-cleaned-backup.txt,durable-cleaned-backup-hls,Fox Business,z3.ubtvfans.com,direct-hls,true,true,retest-existing-hls,,,https://z3.ubtvfans.com/live/rx5/1511/3afe3906f1aaf84274825a7fb36c5861/index.m3u8
foxnews備,Fox News（備）,美國頻道,sources/live-base.txt,durable-base-hls,Fox News（備）,z3.ubtvfans.com,direct-hls,true,true,retest-existing-hls,,,https://z3.ubtvfans.com/live/rx1/3263/90e4191a1655ba468ab84f6dafcd7bea/index.m3u8
foxnews備,Fox News（備）,美國頻道,sources/live-cleaned-backup.txt,durable-cleaned-backup-hls,Fox News（備）,z3.ubtvfans.com,direct-hls,true,true,retest-existing-hls,,,https://z3.ubtvfans.com/live/rx1/3263/90e4191a1655ba468ab84f6dafcd7bea/index.m3u8
foxsport1,FOX Sport 1,體育頻道,sources/live-base.txt,durable-base-hls,FOX Sport 1,z3.ubtvfans.com,direct-hls,true,true,retest-existing-hls,,,https://z3.ubtvfans.com/live/rx3/2791/f5c2e1fbab301888901af0cc1d855684/index.m3u8
foxsport1,FOX Sport 1,體育頻道,sources/live-cleaned-backup.txt,durable-cleaned-backup-hls,FOX Sport 1,z3.ubtvfans.com,direct-hls,true,true,retest-existing-hls,,,https://z3.ubtvfans.com/live/rx3/2791/f5c2e1fbab301888901af0cc1d855684/index.m3u8
foxsport2,FOX Sport 2,體育頻道,sources/live-base.txt,durable-base-hls,FOX Sport 2,z3.ubtvfans.com,direct-hls,true,true,retest-existing-hls,,,https://z3.ubtvfans.com/live/rx3/1132/a6566af436bd5adafcc4639ab13549cd/index.m3u8
foxsport2,FOX Sport 2,體育頻道,sources/live-base.txt,durable-base-hls,Fox Sport 2,z3.ubtvfans.com,direct-hls,true,true,retest-existing-hls,,,https://z3.ubtvfans.com/live/rx3/1187/5542a5591e5dcb6fe4a66f27596a3848/index.m3u8
foxsport2,FOX Sport 2,體育頻道,sources/live-cleaned-backup.txt,durable-cleaned-backup-hls,FOX Sport 2,z3.ubtvfans.com,direct-hls,true,true,retest-existing-hls,,,https://z3.ubtvfans.com/live/rx3/1132/a6566af436bd5adafcc4639ab13549cd/index.m3u8
foxsport2,FOX Sport 2,體育頻道,sources/live-cleaned-backup.txt,durable-cleaned-backup-hls,Fox Sport 2,z3.ubtvfans.com,direct-hls,true,true,retest-existing-hls,,,https://z3.ubtvfans.com/live/rx3/1187/5542a5591e5dcb6fe4a66f27596a3848/index.m3u8
foxweather,FOX Weather,美國頻道,sources/live-base.txt,durable-base-hls,FOX Weather,z3.ubtvfans.com,direct-hls,true,true,retest-existing-hls,,,https://z3.ubtvfans.com/live/rx5/2742/14882b029be4d9984e904086d07aafa2/index.m3u8
foxweather,FOX Weather,美國頻道,sources/live-cleaned-backup.txt,durable-cleaned-backup-hls,FOX Weather,z3.ubtvfans.com,direct-hls,true,true,retest-existing-hls,,,https://z3.ubtvfans.com/live/rx5/2742/14882b029be4d9984e904086d07aafa2/index.m3u8
freurosport1,FR Eurosport 1,法國頻道,sources/live-base.txt,durable-base-hls,FR Eurosport 1,z3.ubtvfans.com,direct-hls,true,true,retest-existing-hls,,,https://z3.ubtvfans.com/live/rx4/2327/90e8a2e14f8a046ad550fa7b2b545075/index.m3u8
freurosport1,FR Eurosport 1,法國頻道,sources/live-cleaned-backup.txt,durable-cleaned-backup-hls,FR Eurosport 1,z3.ubtvfans.com,direct-hls,true,true,retest-existing-hls,,,https://z3.ubtvfans.com/live/rx4/2327/90e8a2e14f8a046ad550fa7b2b545075/index.m3u8
freurosport2,FR Eurosport 2,法國頻道,sources/live-base.txt,durable-base-hls,FR Eurosport 2,z3.ubtvfans.com,direct-hls,true,true,retest-existing-hls,,,https://z3.ubtvfans.com/live/rx4/3225/dd3823b1a24104b7e56b002591935c62/index.m3u8
freurosport2,FR Eurosport 2,法國頻道,sources/live-cleaned-backup.txt,durable-cleaned-backup-hls,FR Eurosport 2,z3.ubtvfans.com,direct-hls,true,true,retest-existing-hls,,,https://z3.ubtvfans.com/live/rx4/3225/dd3823b1a24104b7e56b002591935c62/index.m3u8
france24,FRANCE 24,新聞頻道,sources/live-base.txt,durable-base-hls,FRANCE 24,z3.ubtvfans.com,direct-hls,true,true,retest-existing-hls,,,https://z3.ubtvfans.com/live/rx4/1042/2fceaeebc6dfd7884c9449793df94d7f/index.m3u8
france24,FRANCE 24,新聞頻道,sources/live-cleaned-backup.txt,durable-cleaned-backup-hls,FRANCE 24,z3.ubtvfans.com,direct-hls,true,true,retest-existing-hls,,,https://z3.ubtvfans.com/live/rx4/1042/2fceaeebc6dfd7884c9449793df94d7f/index.m3u8
france24english,FRANCE 24 English,新聞頻道 | YouTube國際新聞,sources/live-base.txt,durable-base-hls,FRANCE 24 English,z3.ubtvfans.com,direct-hls,true,true,retest-existing-hls,,,https://z3.ubtvfans.com/live/rx5/2231/08d1598b47a199c783287ed4d0498d66/index.m3u8
france24english,FRANCE 24 English,新聞頻道 | YouTube國際新聞,sources/live-cleaned-backup.txt,durable-cleaned-backup-hls,FRANCE 24 English,z3.ubtvfans.com,direct-hls,true,true,retest-existing-hls,,,https://z3.ubtvfans.com/live/rx5/2231/08d1598b47a199c783287ed4d0498d66/index.m3u8
france24english,FRANCE 24 English,新聞頻道 | YouTube國際新聞,sources/youtube-live-channels.csv,durable-youtube-page,FRANCE 24 English,www.youtube.com,youtube-page,true,true,resolve-with-yt-dlp,,HvZt-nh9sGg,https://www.youtube.com/watch?v=HvZt-nh9sGg
france24english,FRANCE 24 English,新聞頻道 | YouTube國際新聞,sources/live-youtube-stable.txt,generated-youtube-hls,054 FRANCE 24 English,manifest.googlevideo.com,youtube-generated-hls,false,false,generated-short-lived,2026-06-22T21:49:52.000Z,HvZt-nh9sGg,"https://manifest.googlevideo.com/api/manifest/hls_playlist/expire/1782164992/ei/oFk5averM_mEpt8PjY7OwQc/ip/114.42.199.53/id/HvZt-nh9sGg.1/itag/94/source/yt_live_broadcast/requiressl/yes/ratebypass/yes/live/1/sgoap/gir%3Dyes%3Bitag%3D140/sgovp/gir%3Dyes%3Bitag%3D135/rqh/1/hls_chunk_host/rr1---sn-ipoxu-umbk.googlevideo.com/xpc/EgVo2aDSNQ%3D%3D/bui/ARmQxEXjAAjQEn0LdJal2KD4AiX3UBXEDGXMhRIt2v24NapGIJoI620cekd71ryCzrU_hMYm4mvOoscf/spc/SQ-umnKeJudeJ2ix_PXgZIKhals2pXn1nclk1dyCKOcF-WeZig/vprv/1/reg/0/playlist_type/DVR/initcwndbps/2872500/met/1782143392,/mh/Gh/mm/44/mn/sn-ipoxu-umbk/ms/lva/mv/m/mvi/1/pl/24/rms/lva,lva/dover/11/pacing/0/keepalive/yes/fexp/51565116,51565682,51987687/mt/1782142835/sparams/expire,ei,ip,id,itag,source,requiressl,ratebypass,live,sgoap,sgovp,rqh,xpc,bui,spc,vprv,reg,playlist_type/sig/AHEqNM4wRgIhAOvRqy-v0faI5UvtRzd1rMZiffmkIhjGaq_1yNSgFhhyAiEAiNKt8GanX8ZIXBz-Gjw00Qo71D9PgIdP2aTdP-lbY70%3D/lsparams/hls_chunk_host,initcwndbps,met,mh,mm,mn,ms,mv,mvi,pl,rms/lsig/APaTxxMwRgIhAOXtFE5qYW5Rzhn_py8cRWrMEZzjKDjuUHbRoh9GCudXAiEA5FBbedLVghGpRCyKA-W-L833fxJgWr2M4iNU4QmtHqc%3D/playlist/index.m3u8"
freespeechtv,Free Speech TV,美國頻道,sources/live-base.txt,durable-base-hls,Free Speech TV,z3.ubtvfans.com,direct-hls,true,true,retest-existing-hls,,,https://z3.ubtvfans.com/live/rx4/1503/a003c327a01db924c88b72479944e521/index.m3u8
freespeechtv,Free Speech TV,美國頻道,sources/live-cleaned-backup.txt,durable-cleaned-backup-hls,Free Speech TV,z3.ubtvfans.com,direct-hls,true,true,retest-existing-hls,,,https://z3.ubtvfans.com/live/rx4/1503/a003c327a01db924c88b72479944e521/index.m3u8
ftv,FTV,한국,sources/live-base.txt,durable-base-hls,FTV,z3.ubtvfans.com,direct-hls,true,true,retest-existing-hls,,,https://z3.ubtvfans.com/live/rx4/2905/d221965cfe69c5f54327a45893a491e0/index.m3u8
ftv,FTV,한국,sources/live-cleaned-backup.txt,durable-cleaned-backup-hls,FTV,z3.ubtvfans.com,direct-hls,true,true,retest-existing-hls,,,https://z3.ubtvfans.com/live/rx4/2905/d221965cfe69c5f54327a45893a491e0/index.m3u8
fuse,Fuse,美國頻道,sources/live-base.txt,durable-base-hls,Fuse,z3.ubtvfans.com,direct-hls,true,true,retest-existing-hls,,,https://z3.ubtvfans.com/live/rx6/1376/5e6c5c3d3a080720762636ed05811570/index.m3u8
fuse,Fuse,美國頻道,sources/live-cleaned-backup.txt,durable-cleaned-backup-hls,Fuse,z3.ubtvfans.com,direct-hls,true,true,retest-existing-hls,,,https://z3.ubtvfans.com/live/rx6/1376/5e6c5c3d3a080720762636ed05811570/index.m3u8
fx,FX,美國頻道,sources/live-base.txt,durable-base-hls,FX,z3.ubtvfans.com,direct-hls,true,true,retest-existing-hls,,,https://z3.ubtvfans.com/live/rx6/1373/e827aa4e821306e883d61e845d708aa6/index.m3u8
fx,FX,美國頻道,sources/live-cleaned-backup.txt,durable-cleaned-backup-hls,FX,z3.ubtvfans.com,direct-hls,true,true,retest-existing-hls,,,https://z3.ubtvfans.com/live/rx6/1373/e827aa4e821306e883d61e845d708aa6/index.m3u8
fxmovie,FX Movie,美國頻道,sources/live-base.txt,durable-base-hls,FX Movie,z3.ubtvfans.com,direct-hls,true,true,retest-existing-hls,,,https://z3.ubtvfans.com/live/rx6/1380/daca9c3c793b5193c7431220ba0fffe0/index.m3u8
fxmovie,FX Movie,美國頻道,sources/live-cleaned-backup.txt,durable-cleaned-backup-hls,FX Movie,z3.ubtvfans.com,direct-hls,true,true,retest-existing-hls,,,https://z3.ubtvfans.com/live/rx6/1380/daca9c3c793b5193c7431220ba0fffe0/index.m3u8
fyi,FYI,美國頻道,sources/live-base.txt,durable-base-hls,FYI,z3.ubtvfans.com,direct-hls,true,true,retest-existing-hls,,,https://z3.ubtvfans.com/live/rx6/1240/224d0a001ca63a638dca653896fb4815/index.m3u8
fyi,FYI,美國頻道,sources/live-cleaned-backup.txt,durable-cleaned-backup-hls,FYI,z3.ubtvfans.com,direct-hls,true,true,retest-existing-hls,,,https://z3.ubtvfans.com/live/rx6/1240/224d0a001ca63a638dca653896fb4815/index.m3u8
game,Game+,體育頻道,sources/live-base.txt,durable-base-hls,Game+,z3.ubtvfans.com,direct-hls,true,true,retest-existing-hls,,,https://z3.ubtvfans.com/live/rx1/61/c53a27d0c3e5fa21eb5fbc46906bde3a/index.m3u8
game,Game+,體育頻道,sources/live-cleaned-backup.txt,durable-cleaned-backup-hls,Game+,z3.ubtvfans.com,direct-hls,true,true,retest-existing-hls,,,https://z3.ubtvfans.com/live/rx1/61/c53a27d0c3e5fa21eb5fbc46906bde3a/index.m3u8
gaorasports,GAORA SPORTS,にっぽん,sources/live-base.txt,durable-base-hls,GAORA SPORTS,z3.ubtvfans.com,direct-hls,true,true,retest-existing-hls,,,https://z3.ubtvfans.com/live/rx3/296/673c897107dd7d2def826194f2de2b1e/index.m3u8
gaorasports,GAORA SPORTS,にっぽん,sources/live-cleaned-backup.txt,durable-cleaned-backup-hls,GAORA SPORTS,z3.ubtvfans.com,direct-hls,true,true,retest-existing-hls,,,https://z3.ubtvfans.com/live/rx3/296/673c897107dd7d2def826194f2de2b1e/index.m3u8
gbnews,GB News,新聞頻道 | YouTube國際新聞,sources/live-base.txt,durable-base-hls,GB News,z3.ubtvfans.com,direct-hls,true,true,retest-existing-hls,,,https://z3.ubtvfans.com/live/rx5/77/da05d3cb906c477bb6549ebcb791a4df/index.m3u8
gbnews,GB News,新聞頻道 | YouTube國際新聞,sources/live-cleaned-backup.txt,durable-cleaned-backup-hls,GB News,z3.ubtvfans.com,direct-hls,true,true,retest-existing-hls,,,https://z3.ubtvfans.com/live/rx5/77/da05d3cb906c477bb6549ebcb791a4df/index.m3u8
gbnews,GB News,新聞頻道 | YouTube國際新聞,sources/youtube-live-channels.csv,durable-youtube-page,GB News,www.youtube.com,youtube-page,true,true,resolve-with-yt-dlp,,grQjlyyQsn4,https://www.youtube.com/watch?v=grQjlyyQsn4
global,Global,加拿大,sources/live-base.txt,durable-base-hls,Global,z3.ubtvfans.com,direct-hls,true,true,retest-existing-hls,,,https://z3.ubtvfans.com/live/rx3/1254/a97b52332ca9b90e1df8aec9b0881c29/index.m3u8
global,Global,加拿大,sources/live-cleaned-backup.txt,durable-cleaned-backup-hls,Global,z3.ubtvfans.com,direct-hls,true,true,retest-existing-hls,,,https://z3.ubtvfans.com/live/rx3/1254/a97b52332ca9b90e1df8aec9b0881c29/index.m3u8
globetrottermod,Globetrotter（MOD）,台灣頻道,sources/live-base.txt,durable-base-hls,Globetrotter（MOD）,z3.ubtvfans.com,direct-hls,true,true,retest-existing-hls,,,https://z3.ubtvfans.com/live/rx6/3259/defc5ec606b2e4d698d0af6c69985528/index.m3u8
globetrottermod,Globetrotter（MOD）,台灣頻道,sources/live-cleaned-backup.txt,durable-cleaned-backup-hls,Globetrotter（MOD）,z3.ubtvfans.com,direct-hls,true,true,retest-existing-hls,,,https://z3.ubtvfans.com/live/rx6/3259/defc5ec606b2e4d698d0af6c69985528/index.m3u8
globorbstv,Globo RBS TV,巴西,sources/live-base.txt,durable-base-hls,Globo RBS TV,z3.ubtvfans.com,direct-hls,true,true,retest-existing-hls,,,https://z3.ubtvfans.com/live/rx2/1668/5e220305f959650701ec47fb95fcf627/index.m3u8
globorbstv,Globo RBS TV,巴西,sources/live-cleaned-backup.txt,durable-cleaned-backup-hls,Globo RBS TV,z3.ubtvfans.com,direct-hls,true,true,retest-existing-hls,,,https://z3.ubtvfans.com/live/rx2/1668/5e220305f959650701ec47fb95fcf627/index.m3u8
gmmone,Gmm one,泰國頻道,sources/live-base.txt,durable-base-hls,Gmm one,z3.ubtvfans.com,direct-hls,true,true,retest-existing-hls,,,https://z3.ubtvfans.com/live/rx2/2322/1bf9f322eb28774b44a58155491b0b99/index.m3u8
gmmone,Gmm one,泰國頻道,sources/live-cleaned-backup.txt,durable-cleaned-backup-hls,Gmm one,z3.ubtvfans.com,direct-hls,true,true,retest-existing-hls,,,https://z3.ubtvfans.com/live/rx2/2322/1bf9f322eb28774b44a58155491b0b99/index.m3u8
golive,GO! Live,YouTube兒童動畫,sources/youtube-live-channels.csv,durable-youtube-page,123 GO! Live,www.youtube.com,youtube-page,true,true,resolve-with-yt-dlp,,8FHerid3vag,https://www.youtube.com/watch?v=8FHerid3vag
go2travel,Go2Travel,美國頻道,sources/live-base.txt,durable-base-hls,Go2Travel,z3.ubtvfans.com,direct-hls,true,true,retest-existing-hls,,,https://z3.ubtvfans.com/live/rx4/2347/d9013b9873c048ab1cd6d38f5248b7bf/index.m3u8
go2travel,Go2Travel,美國頻道,sources/live-cleaned-backup.txt,durable-cleaned-backup-hls,Go2Travel,z3.ubtvfans.com,direct-hls,true,true,retest-existing-hls,,,https://z3.ubtvfans.com/live/rx4/2347/d9013b9873c048ab1cd6d38f5248b7bf/index.m3u8
godtv,GOD TV,音樂宗教,sources/live-base.txt,durable-base-hls,GOD TV,z3.ubtvfans.com,direct-hls,true,true,retest-existing-hls,,,https://z3.ubtvfans.com/live/rx6/48/9cc70657f5d90437a971871b4d2279f2/index.m3u8
godtv,GOD TV,音樂宗教,sources/live-cleaned-backup.txt,durable-cleaned-backup-hls,GOD TV,z3.ubtvfans.com,direct-hls,true,true,retest-existing-hls,,,https://z3.ubtvfans.com/live/rx6/48/9cc70657f5d90437a971871b4d2279f2/index.m3u8
gold,Gold,英國頻道,sources/live-base.txt,durable-base-hls,Gold,z3.ubtvfans.com,direct-hls,true,true,retest-existing-hls,,,https://z3.ubtvfans.com/live/rx4/1422/62e8c1885de7440a3f14a5a516f5e6a5/index.m3u8
gold,Gold,英國頻道,sources/live-cleaned-backup.txt,durable-cleaned-backup-hls,Gold,z3.ubtvfans.com,direct-hls,true,true,retest-existing-hls,,,https://z3.ubtvfans.com/live/rx4/1422/62e8c1885de7440a3f14a5a516f5e6a5/index.m3u8
golf,Golf,美國頻道,sources/live-base.txt,durable-base-hls,Golf,z3.ubtvfans.com,direct-hls,true,true,retest-existing-hls,,,https://z3.ubtvfans.com/live/rx3/1190/2173483ea59ed0729f15d8741ced5828/index.m3u8
golf,Golf,美國頻道,sources/live-cleaned-backup.txt,durable-cleaned-backup-hls,Golf,z3.ubtvfans.com,direct-hls,true,true,retest-existing-hls,,,https://z3.ubtvfans.com/live/rx3/1190/2173483ea59ed0729f15d8741ced5828/index.m3u8
goltv,Goltv,美國頻道,sources/live-base.txt,durable-base-hls,Goltv,z3.ubtvfans.com,direct-hls,true,true,retest-existing-hls,,,https://z3.ubtvfans.com/live/rx2/1542/addd77009e86bcb1d6b81feb7e2c8ca4/index.m3u8
goltv,Goltv,美國頻道,sources/live-cleaned-backup.txt,durable-cleaned-backup-hls,Goltv,z3.ubtvfans.com,direct-hls,true,true,retest-existing-hls,,,https://z3.ubtvfans.com/live/rx2/1542/addd77009e86bcb1d6b81feb7e2c8ca4/index.m3u8
gordonramsay,Gordon Ramsay,紀實頻道,sources/live-base.txt,durable-base-hls,Gordon Ramsay,z3.ubtvfans.com,direct-hls,true,true,retest-existing-hls,,,https://z3.ubtvfans.com/live/rx1/3136/98031e2e5556e9360d849e450c93578c/index.m3u8
gordonramsay,Gordon Ramsay,紀實頻道,sources/live-cleaned-backup.txt,durable-cleaned-backup-hls,Gordon Ramsay,z3.ubtvfans.com,direct-hls,true,true,retest-existing-hls,,,https://z3.ubtvfans.com/live/rx1/3136/98031e2e5556e9360d849e450c93578c/index.m3u8
gravitasmovies,Gravitas Movies,影視頻道,sources/live-base.txt,durable-base-hls,Gravitas Movies,z3.ubtvfans.com,direct-hls,true,true,retest-existing-hls,,,https://z3.ubtvfans.com/live/rx3/1364/1f9108f26dec7c25e03431120549d80d/index.m3u8
gravitasmovies,Gravitas Movies,影視頻道,sources/live-cleaned-backup.txt,durable-cleaned-backup-hls,Gravitas Movies,z3.ubtvfans.com,direct-hls,true,true,retest-existing-hls,,,https://z3.ubtvfans.com/live/rx3/1364/1f9108f26dec7c25e03431120549d80d/index.m3u8
gsn,GSN,美國頻道,sources/live-base.txt,durable-base-hls,GSN,z3.ubtvfans.com,direct-hls,true,true,retest-existing-hls,,,https://z3.ubtvfans.com/live/rx6/1236/80aaa78c63f0e7c9bb5fea3797db98ff/index.m3u8
gsn,GSN,美國頻道,sources/live-cleaned-backup.txt,durable-cleaned-backup-hls,GSN,z3.ubtvfans.com,direct-hls,true,true,retest-existing-hls,,,https://z3.ubtvfans.com/live/rx6/1236/80aaa78c63f0e7c9bb5fea3797db98ff/index.m3u8
gtv,Gtv,印尼頻道,sources/live-base.txt,durable-base-hls,Gtv,z3.ubtvfans.com,direct-hls,true,true,retest-existing-hls,,,https://z3.ubtvfans.com/live/rx6/1475/990053544d8b1e926b08d6fc1336755e/index.m3u8
gtv,Gtv,印尼頻道,sources/live-cleaned-backup.txt,durable-cleaned-backup-hls,Gtv,z3.ubtvfans.com,direct-hls,true,true,retest-existing-hls,,,https://z3.ubtvfans.com/live/rx6/1475/990053544d8b1e926b08d6fc1336755e/index.m3u8
gtvdrama八大劇樂部,GTV DRAMA 八大劇樂部,YouTube綜合娛樂,sources/youtube-live-channels.csv,durable-youtube-page,GTV DRAMA 八大劇樂部,www.youtube.com,youtube-page,true,true,resolve-with-yt-dlp,,6UQA6Qp0Bks,https://www.youtube.com/watch?v=6UQA6Qp0Bks
h20tv,H20 TV,體育頻道,sources/live-base.txt,durable-base-hls,H20 TV,z3.ubtvfans.com,direct-hls,true,true,retest-existing-hls,,,https://z3.ubtvfans.com/live/rx3/414/6830db92c83b22ccf30a50e01f5ef020/index.m3u8
h20tv,H20 TV,體育頻道,sources/live-cleaned-backup.txt,durable-cleaned-backup-hls,H20 TV,z3.ubtvfans.com,direct-hls,true,true,retest-existing-hls,,,https://z3.ubtvfans.com/live/rx3/414/6830db92c83b22ccf30a50e01f5ef020/index.m3u8
haberturktv,Haberturk TV,YouTube國際新聞,sources/youtube-live-channels.csv,durable-youtube-page,Haberturk TV,www.youtube.com,youtube-page,true,true,resolve-with-yt-dlp,,s4KIyYkwiM0,https://www.youtube.com/watch?v=s4KIyYkwiM0
haberturktv,Haberturk TV,YouTube國際新聞,sources/live-youtube-stable.txt,generated-youtube-hls,050 Haberturk TV,manifest.googlevideo.com,youtube-generated-hls,false,false,generated-short-lived,2026-06-22T21:49:41.000Z,s4KIyYkwiM0,"https://manifest.googlevideo.com/api/manifest/hls_playlist/expire/1782164981/ei/lVk5arzWMtiPpt8PxZvImQs/ip/114.42.199.53/id/s4KIyYkwiM0.1/itag/94/source/yt_live_broadcast/requiressl/yes/ratebypass/yes/live/1/sgoap/gir%3Dyes%3Bitag%3D140/sgovp/gir%3Dyes%3Bitag%3D135/rqh/1/hls_chunk_host/rr2---sn-ipoxu-umby.googlevideo.com/xpc/EgVo2aDSNQ%3D%3D/playlist_duration/30/manifest_duration/30/gcr/tw/bui/ARmQxEWsMgQwVPlwzRPlMSRR9b73yv7VaJC2myT_Ve3ZCb7e_R0sAaByfK0vSLPxb2chGjKKIxskdAv1/spc/SQ-umkp1Ziyc8IufkzBT6Kd48vf0Tyk9sM6eOkNMsPmG58BSlw/vprv/1/reg/0/playlist_type/DVR/initcwndbps/2845000/met/1782143381,/mh/vw/mm/44/mn/sn-ipoxu-umby/ms/lva/mv/m/mvi/2/pl/24/rms/lva,lva/dover/11/pacing/0/keepalive/yes/fexp/51565116,51565681,51987687/mt/1782142835/sparams/expire,ei,ip,id,itag,source,requiressl,ratebypass,live,sgoap,sgovp,rqh,xpc,playlist_duration,manifest_duration,gcr,bui,spc,vprv,reg,playlist_type/sig/AHEqNM4wRAIgJE2h4jMajCAcNK4McEqGBlW_02jrBvrZXKPjy01yIMcCIGW2HyWnU2osRbBVxBmQx29a14OrlVzLZRLIU5HiRZZE/lsparams/hls_chunk_host,initcwndbps,met,mh,mm,mn,ms,mv,mvi,pl,rms/lsig/APaTxxMwRQIhANUoKzVYvSnV-RwfucgfV6FYTvGjd0ttBvgYVVBYUwqgAiAEhSM5Toa6_YSuuqXcw4VuMPABJAdXZWuS98XEXLop8Q%3D%3D/playlist/index.m3u8"
hagerty,Hagerty,紀實頻道,sources/live-base.txt,durable-base-hls,Hagerty,z3.ubtvfans.com,direct-hls,true,true,retest-existing-hls,,,https://z3.ubtvfans.com/live/rx4/2637/d74e82f0afb6a7b3abdaa3205c26fc74/index.m3u8
hagerty,Hagerty,紀實頻道,sources/live-cleaned-backup.txt,durable-cleaned-backup-hls,Hagerty,z3.ubtvfans.com,direct-hls,true,true,retest-existing-hls,,,https://z3.ubtvfans.com/live/rx4/2637/d74e82f0afb6a7b3abdaa3205c26fc74/index.m3u8
hallmarkmovie,Hallmark Movie,美國頻道,sources/live-base.txt,durable-base-hls,Hallmark Movie,z3.ubtvfans.com,direct-hls,true,true,retest-existing-hls,,,https://z3.ubtvfans.com/live/rx3/1179/9183f060ef0541119de047f7f1df83a1/index.m3u8
hallmarkmovie,Hallmark Movie,美國頻道,sources/live-cleaned-backup.txt,durable-cleaned-backup-hls,Hallmark Movie,z3.ubtvfans.com,direct-hls,true,true,retest-existing-hls,,,https://z3.ubtvfans.com/live/rx3/1179/9183f060ef0541119de047f7f1df83a1/index.m3u8
hbo1us,HBO 1 US,美國頻道,sources/live-base.txt,durable-base-hls,HBO 1 US,z3.ubtvfans.com,direct-hls,true,true,retest-existing-hls,,,https://z3.ubtvfans.com/live/rx3/1110/c175bd4f32fc79ca2d187c9bd9030d42/index.m3u8
hbo1us,HBO 1 US,美國頻道,sources/live-cleaned-backup.txt,durable-cleaned-backup-hls,HBO 1 US,z3.ubtvfans.com,direct-hls,true,true,retest-existing-hls,,,https://z3.ubtvfans.com/live/rx3/1110/c175bd4f32fc79ca2d187c9bd9030d42/index.m3u8
hbo2us,HBO 2 US,美國頻道,sources/live-base.txt,durable-base-hls,HBO 2 US,z3.ubtvfans.com,direct-hls,true,true,retest-existing-hls,,,https://z3.ubtvfans.com/live/rx3/1111/1dee45addb51355536c2c97d7bb1a5c4/index.m3u8
hbo2us,HBO 2 US,美國頻道,sources/live-cleaned-backup.txt,durable-cleaned-backup-hls,HBO 2 US,z3.ubtvfans.com,direct-hls,true,true,retest-existing-hls,,,https://z3.ubtvfans.com/live/rx3/1111/1dee45addb51355536c2c97d7bb1a5c4/index.m3u8
hbocomedy,HBO Comedy,美國頻道,sources/live-base.txt,durable-base-hls,HBO Comedy,z3.ubtvfans.com,direct-hls,true,true,retest-existing-hls,,,https://z3.ubtvfans.com/live/rx3/1109/98d17e658bdfbdfee0343787f4b82585/index.m3u8
hbocomedy,HBO Comedy,美國頻道,sources/live-cleaned-backup.txt,durable-cleaned-backup-hls,HBO Comedy,z3.ubtvfans.com,direct-hls,true,true,retest-existing-hls,,,https://z3.ubtvfans.com/live/rx3/1109/98d17e658bdfbdfee0343787f4b82585/index.m3u8
hboeast,Hbo East,美國頻道,sources/live-base.txt,durable-base-hls,Hbo East,z3.ubtvfans.com,direct-hls,true,true,retest-existing-hls,,,https://z3.ubtvfans.com/live/rx5/1513/a527f0f37f73374249f094a3c91312b4/index.m3u8
hboeast,Hbo East,美國頻道,sources/live-cleaned-backup.txt,durable-cleaned-backup-hls,Hbo East,z3.ubtvfans.com,direct-hls,true,true,retest-existing-hls,,,https://z3.ubtvfans.com/live/rx5/1513/a527f0f37f73374249f094a3c91312b4/index.m3u8
hbo,HBO HD,台灣頻道,sources/live-base.txt,durable-base-hls,HBO HD,z3.ubtvfans.com,direct-hls,true,true,retest-existing-hls,,,https://z3.ubtvfans.com/live/rx3/332/c4a20101a51e2b16ef4b22573386a769/index.m3u8
hbo,HBO HD,台灣頻道,sources/live-base.txt,durable-base-hls,HBO HD,z3.ubtvfans.com,direct-hls,true,true,retest-existing-hls,,,https://z3.ubtvfans.com/live/rx1/2823/8a2198921f121bda12a2d7c3d908bd29/index.m3u8
hbo,HBO HD,台灣頻道,sources/live-cleaned-backup.txt,durable-cleaned-backup-hls,HBO HD,z3.ubtvfans.com,direct-hls,true,true,retest-existing-hls,,,https://z3.ubtvfans.com/live/rx1/2823/8a2198921f121bda12a2d7c3d908bd29/index.m3u8
hbo,HBO HD,台灣頻道,sources/live-cleaned-backup.txt,durable-cleaned-backup-hls,HBO HD,z3.ubtvfans.com,direct-hls,true,true,retest-existing-hls,,,https://z3.ubtvfans.com/live/rx3/332/c4a20101a51e2b16ef4b22573386a769/index.m3u8
hbohits,HBO Hits,台灣頻道,sources/live-base.txt,durable-base-hls,HBO Hits,z3.ubtvfans.com,direct-hls,true,true,retest-existing-hls,,,https://z3.ubtvfans.com/live/rx3/330/7feaa1c800fb4947773167db6794014e/index.m3u8
hbohits,HBO Hits,台灣頻道,sources/live-cleaned-backup.txt,durable-cleaned-backup-hls,HBO Hits,z3.ubtvfans.com,direct-hls,true,true,retest-existing-hls,,,https://z3.ubtvfans.com/live/rx3/330/7feaa1c800fb4947773167db6794014e/index.m3u8
hbosignature,HBOSignature,台灣頻道 | 美國頻道,sources/live-base.txt,durable-base-hls,HBOSignature,z3.ubtvfans.com,direct-hls,true,true,retest-existing-hls,,,https://z3.ubtvfans.com/live/rx3/329/01e79f6115bb965722f57ca462ccb630/index.m3u8
hbosignature,HBOSignature,台灣頻道 | 美國頻道,sources/live-base.txt,durable-base-hls,HBOSignature,z3.ubtvfans.com,direct-hls,true,true,retest-existing-hls,,,https://z3.ubtvfans.com/live/rx1/2824/385106809d143cc9aa2735ad6699deb3/index.m3u8
hbosignature,HBOSignature,台灣頻道 | 美國頻道,sources/live-base.txt,durable-base-hls,HBO Signature,z3.ubtvfans.com,direct-hls,true,true,retest-existing-hls,,,https://z3.ubtvfans.com/live/rx3/1112/7277df373b6d0d2a16096a26e3b15f48/index.m3u8
hbosignature,HBOSignature,台灣頻道 | 美國頻道,sources/live-cleaned-backup.txt,durable-cleaned-backup-hls,HBOSignature,z3.ubtvfans.com,direct-hls,true,true,retest-existing-hls,,,https://z3.ubtvfans.com/live/rx3/329/01e79f6115bb965722f57ca462ccb630/index.m3u8
hbosignature,HBOSignature,台灣頻道 | 美國頻道,sources/live-cleaned-backup.txt,durable-cleaned-backup-hls,HBOSignature,z3.ubtvfans.com,direct-hls,true,true,retest-existing-hls,,,https://z3.ubtvfans.com/live/rx1/2824/385106809d143cc9aa2735ad6699deb3/index.m3u8
hbosignature,HBOSignature,台灣頻道 | 美國頻道,sources/live-cleaned-backup.txt,durable-cleaned-backup-hls,HBO Signature,z3.ubtvfans.com,direct-hls,true,true,retest-existing-hls,,,https://z3.ubtvfans.com/live/rx3/1112/7277df373b6d0d2a16096a26e3b15f48/index.m3u8
hbtv,HBTV,越南頻道,sources/live-base.txt,durable-base-hls,HBTV,z3.ubtvfans.com,direct-hls,true,true,retest-existing-hls,,,https://z3.ubtvfans.com/live/rx5/1302/04a2f659415b393d5293d889e46d0dc1/index.m3u8
hbtv,HBTV,越南頻道,sources/live-cleaned-backup.txt,durable-cleaned-backup-hls,HBTV,z3.ubtvfans.com,direct-hls,true,true,retest-existing-hls,,,https://z3.ubtvfans.com/live/rx5/1302/04a2f659415b393d5293d889e46d0dc1/index.m3u8
hersphere,Her Sphere,美國頻道,sources/live-base.txt,durable-base-hls,Her Sphere,z3.ubtvfans.com,direct-hls,true,true,retest-existing-hls,,,https://z3.ubtvfans.com/live/rx1/1065/a72a8c092c4e72b82b1ebeb452d188ea/index.m3u8
hersphere,Her Sphere,美國頻道,sources/live-cleaned-backup.txt,durable-cleaned-backup-hls,Her Sphere,z3.ubtvfans.com,direct-hls,true,true,retest-existing-hls,,,https://z3.ubtvfans.com/live/rx1/1065/a72a8c092c4e72b82b1ebeb452d188ea/index.m3u8
hgtv,HGTV,美國頻道,sources/live-base.txt,durable-base-hls,HGTV,z3.ubtvfans.com,direct-hls,true,true,retest-existing-hls,,,https://z3.ubtvfans.com/live/rx6/2311/fd5ee0925efa44494a4c8e9faf79cf29/index.m3u8
hgtv,HGTV,美國頻道,sources/live-base.txt,durable-base-hls,HGTV,z3.ubtvfans.com,direct-hls,true,true,retest-existing-hls,,,https://z3.ubtvfans.com/live/rx2/1538/d8590544421912a15b3b2495a4873d4c/index.m3u8
hgtv,HGTV,美國頻道,sources/live-cleaned-backup.txt,durable-cleaned-backup-hls,HGTV,z3.ubtvfans.com,direct-hls,true,true,retest-existing-hls,,,https://z3.ubtvfans.com/live/rx6/2311/fd5ee0925efa44494a4c8e9faf79cf29/index.m3u8
hgtv,HGTV,美國頻道,sources/live-cleaned-backup.txt,durable-cleaned-backup-hls,HGTV,z3.ubtvfans.com,direct-hls,true,true,retest-existing-hls,,,https://z3.ubtvfans.com/live/rx2/1538/d8590544421912a15b3b2495a4873d4c/index.m3u8
hgtvcanada,HGTV Canada,加拿大,sources/live-base.txt,durable-base-hls,HGTV Canada,z3.ubtvfans.com,direct-hls,true,true,retest-existing-hls,,,https://z3.ubtvfans.com/live/rx3/1264/77280b127a9e96815f09528461c0776b/index.m3u8
hgtvcanada,HGTV Canada,加拿大,sources/live-cleaned-backup.txt,durable-cleaned-backup-hls,HGTV Canada,z3.ubtvfans.com,direct-hls,true,true,retest-existing-hls,,,https://z3.ubtvfans.com/live/rx3/1264/77280b127a9e96815f09528461c0776b/index.m3u8
hiyah,Hi-YAH!,影視頻道,sources/live-base.txt,durable-base-hls,Hi-YAH!,z3.ubtvfans.com,direct-hls,true,true,retest-existing-hls,,,https://z3.ubtvfans.com/live/rx1/489/2fb1540c2ef92975d9b7d60b64675c0b/index.m3u8
hiyah,Hi-YAH!,影視頻道,sources/live-cleaned-backup.txt,durable-cleaned-backup-hls,Hi-YAH!,z3.ubtvfans.com,direct-hls,true,true,retest-existing-hls,,,https://z3.ubtvfans.com/live/rx1/489/2fb1540c2ef92975d9b7d60b64675c0b/index.m3u8
history,History,紀實頻道 | 美國頻道,sources/live-base.txt,durable-base-hls,History,z3.ubtvfans.com,direct-hls,true,true,retest-existing-hls,,,https://z3.ubtvfans.com/live/rx4/1413/f1ea238c9ab9b1836085df9a69eba0ea/index.m3u8
history,History,紀實頻道 | 美國頻道,sources/live-base.txt,durable-base-hls,History,z3.ubtvfans.com,direct-hls,true,true,retest-existing-hls,,,https://z3.ubtvfans.com/live/rx5/1204/c088fe65167831ef237ae2855be829e4/index.m3u8
history,History,紀實頻道 | 美國頻道,sources/live-base.txt,durable-base-hls,History,z3.ubtvfans.com,direct-hls,true,true,retest-existing-hls,,,https://z3.ubtvfans.com/live/rx2/1530/a178f5660f30321a7a272c5abd110e18/index.m3u8
history,History,紀實頻道 | 美國頻道,sources/live-cleaned-backup.txt,durable-cleaned-backup-hls,History,z3.ubtvfans.com,direct-hls,true,true,retest-existing-hls,,,https://z3.ubtvfans.com/live/rx4/1413/f1ea238c9ab9b1836085df9a69eba0ea/index.m3u8
history,History,紀實頻道 | 美國頻道,sources/live-cleaned-backup.txt,durable-cleaned-backup-hls,History,z3.ubtvfans.com,direct-hls,true,true,retest-existing-hls,,,https://z3.ubtvfans.com/live/rx2/1530/a178f5660f30321a7a272c5abd110e18/index.m3u8
history,History,紀實頻道 | 美國頻道,sources/live-cleaned-backup.txt,durable-cleaned-backup-hls,History,z3.ubtvfans.com,direct-hls,true,true,retest-existing-hls,,,https://z3.ubtvfans.com/live/rx5/1204/c088fe65167831ef237ae2855be829e4/index.m3u8
history365,History 365,紀實頻道,sources/live-base.txt,durable-base-hls,History 365,z3.ubtvfans.com,direct-hls,true,true,retest-existing-hls,,,https://z3.ubtvfans.com/live/rx4/2397/00bc056e6372e9a38004c48b7aca1238/index.m3u8
history365,History 365,紀實頻道,sources/live-cleaned-backup.txt,durable-cleaned-backup-hls,History 365,z3.ubtvfans.com,direct-hls,true,true,retest-existing-hls,,,https://z3.ubtvfans.com/live/rx4/2397/00bc056e6372e9a38004c48b7aca1238/index.m3u8
historyasia,History Asia,紀實頻道,sources/live-base.txt,durable-base-hls,History Asia,z3.ubtvfans.com,direct-hls,true,true,retest-existing-hls,,,https://z3.ubtvfans.com/live/rx2/2536/016d3e40e4259bfac5f227841706f1a1/index.m3u8
historyasia,History Asia,紀實頻道,sources/live-cleaned-backup.txt,durable-cleaned-backup-hls,History Asia,z3.ubtvfans.com,direct-hls,true,true,retest-existing-hls,,,https://z3.ubtvfans.com/live/rx2/2536/016d3e40e4259bfac5f227841706f1a1/index.m3u8
historywarfarenow,History Warfare Now,紀實頻道,sources/live-base.txt,durable-base-hls,History Warfare Now,z3.ubtvfans.com,direct-hls,true,true,retest-existing-hls,,,https://z3.ubtvfans.com/live/rx4/2395/fea087e48398ea29f45de23797da0d07/index.m3u8
historywarfarenow,History Warfare Now,紀實頻道,sources/live-cleaned-backup.txt,durable-cleaned-backup-hls,History Warfare Now,z3.ubtvfans.com,direct-hls,true,true,retest-existing-hls,,,https://z3.ubtvfans.com/live/rx4/2395/fea087e48398ea29f45de23797da0d07/index.m3u8
hkibc,HKIBC,港澳頻道,sources/live-base.txt,durable-base-hls,HKIBC,z3.ubtvfans.com,direct-hls,true,true,retest-existing-hls,,,https://z3.ubtvfans.com/live/rx6/354/39f9390f46c605e20dd71a5fd103d3ac/index.m3u8
hkibc,HKIBC,港澳頻道,sources/live-base.txt,durable-base-hls,HKIBC,z3.ubtvfans.com,direct-hls,true,true,retest-existing-hls,,,https://z3.ubtvfans.com/live/rx6/3269/463a564a81cb3e7de5350a3ca603b77f/index.m3u8
hkibc,HKIBC,港澳頻道,sources/live-cleaned-backup.txt,durable-cleaned-backup-hls,HKIBC,z3.ubtvfans.com,direct-hls,true,true,retest-existing-hls,,,https://z3.ubtvfans.com/live/rx6/3269/463a564a81cb3e7de5350a3ca603b77f/index.m3u8
hkibc,HKIBC,港澳頻道,sources/live-cleaned-backup.txt,durable-cleaned-backup-hls,HKIBC,z3.ubtvfans.com,direct-hls,true,true,retest-existing-hls,,,https://z3.ubtvfans.com/live/rx6/354/39f9390f46c605e20dd71a5fd103d3ac/index.m3u8
hoy,HOY,港澳頻道,sources/live-base.txt,durable-base-hls,HOY,z3.ubtvfans.com,direct-hls,true,true,retest-existing-hls,,,https://z3.ubtvfans.com/live/rx3/401/58ee880215564009acf6fc972ef185cc/index.m3u8
hoy,HOY,港澳頻道,sources/live-base.txt,durable-base-hls,HOY,z3.ubtvfans.com,direct-hls,true,true,retest-existing-hls,,,https://z3.ubtvfans.com/live/rx3/3267/64987965fe7eba71d4ec6994900c2a94/index.m3u8
hoy,HOY,港澳頻道,sources/live-cleaned-backup.txt,durable-cleaned-backup-hls,HOY,z3.ubtvfans.com,direct-hls,true,true,retest-existing-hls,,,https://z3.ubtvfans.com/live/rx3/3267/64987965fe7eba71d4ec6994900c2a94/index.m3u8
hoy,HOY,港澳頻道,sources/live-cleaned-backup.txt,durable-cleaned-backup-hls,HOY,z3.ubtvfans.com,direct-hls,true,true,retest-existing-hls,,,https://z3.ubtvfans.com/live/rx3/401/58ee880215564009acf6fc972ef185cc/index.m3u8
hoy國際財經台,HOY國際財經台,港澳頻道,sources/live-base.txt,durable-base-hls,HOY國際財經台,z3.ubtvfans.com,direct-hls,true,true,retest-existing-hls,,,https://z3.ubtvfans.com/live/rx1/381/2a0da6fd0f02363e2ecea62f048b573a/index.m3u8
hoy國際財經台,HOY國際財經台,港澳頻道,sources/live-cleaned-backup.txt,durable-cleaned-backup-hls,HOY國際財經台,z3.ubtvfans.com,direct-hls,true,true,retest-existing-hls,,,https://z3.ubtvfans.com/live/rx1/381/2a0da6fd0f02363e2ecea62f048b573a/index.m3u8
hr,HR,德國頻道,sources/live-base.txt,durable-base-hls,HR,z3.ubtvfans.com,direct-hls,true,true,retest-existing-hls,,,https://z3.ubtvfans.com/live/rx2/262/b795599204b24818614389d45d323bf1/index.m3u8
hr,HR,德國頻道,sources/live-cleaned-backup.txt,durable-cleaned-backup-hls,HR,z3.ubtvfans.com,direct-hls,true,true,retest-existing-hls,,,https://z3.ubtvfans.com/live/rx2/262/b795599204b24818614389d45d323bf1/index.m3u8
htb北海道ニュース,HTB北海道ニュース,YouTube亞洲新聞,sources/youtube-live-channels.csv,durable-youtube-page,HTB北海道ニュース,www.youtube.com,youtube-page,true,true,resolve-with-yt-dlp,,tvgbZZYS4Nk,https://www.youtube.com/watch?v=tvgbZZYS4Nk
htb北海道ニュース,HTB北海道ニュース,YouTube亞洲新聞,sources/live-youtube-stable.txt,generated-youtube-hls,072 HTB北海道ニュース,manifest.googlevideo.com,youtube-generated-hls,false,false,generated-short-lived,2026-06-22T21:50:38.000Z,tvgbZZYS4Nk,"https://manifest.googlevideo.com/api/manifest/hls_playlist/expire/1782165038/ei/zlk5ap7PA7v0pt8Px8mb0Qw/ip/114.42.199.53/id/tvgbZZYS4Nk.46/itag/94/source/yt_live_broadcast/requiressl/yes/ratebypass/yes/live/1/sgoap/gir%3Dyes%3Bitag%3D140/sgovp/gir%3Dyes%3Bitag%3D135/rqh/1/hls_chunk_host/rr2---sn-ipoxu-umby.googlevideo.com/xpc/EgVo2aDSNQ%3D%3D/playlist_duration/30/manifest_duration/30/bui/ARmQxEUhsqil3IKJDN_1DDLfiB3ergEwJlrEzi319QQj4CbRO4Rzc6z0XZ8fNpz02PffFNdwLLOqWqgX/spc/SQ-umpAr9Lf1Eg67EAROZNMtJRmIdW5AKo7qQOzbfYTYbZslMQ/vprv/1/reg/0/playlist_type/DVR/initcwndbps/3220000/met/1782143438,/mh/x_/mm/44/mn/sn-ipoxu-umby/ms/lva/mv/m/mvi/2/pl/24/rms/lva,lva/dover/11/pacing/0/keepalive/yes/fexp/51565115,51565682,51987687/mt/1782143091/sparams/expire,ei,ip,id,itag,source,requiressl,ratebypass,live,sgoap,sgovp,rqh,xpc,playlist_duration,manifest_duration,bui,spc,vprv,reg,playlist_type/sig/AHEqNM4wRAIgEcIv64loCMOvsad-oO60al4gjK755ZyLVWBVACjSXfECICdOocbRPgUyOhjzpLk4VQN0J8W_7EnCfoFU9IhnqITO/lsparams/hls_chunk_host,initcwndbps,met,mh,mm,mn,ms,mv,mvi,pl,rms/lsig/APaTxxMwRQIhAOBwXFOCPIcQ6d6j0OG2oF7Vp1YssJuJw7EKW0YIdH-UAiBj4C8iDeH7mAlq729SLKbPDtQjbeeULx0ahDCgcgQNRA%3D%3D/playlist/index.m3u8"
htv1,HTV1,越南頻道,sources/live-base.txt,durable-base-hls,HTV1,z3.ubtvfans.com,direct-hls,true,true,retest-existing-hls,,,https://z3.ubtvfans.com/live/rx5/2254/2d8ba498bb58132bd0a9243d084be2c2/index.m3u8
htv1,HTV1,越南頻道,sources/live-cleaned-backup.txt,durable-cleaned-backup-hls,HTV1,z3.ubtvfans.com,direct-hls,true,true,retest-existing-hls,,,https://z3.ubtvfans.com/live/rx5/2254/2d8ba498bb58132bd0a9243d084be2c2/index.m3u8
htv2,HTV2 HD,越南頻道,sources/live-base.txt,durable-base-hls,HTV2 HD,z3.ubtvfans.com,direct-hls,true,true,retest-existing-hls,,,https://z3.ubtvfans.com/live/rx5/2255/7d082e23f65f0dc15256ec0dedef0911/index.m3u8
htv2,HTV2 HD,越南頻道,sources/live-cleaned-backup.txt,durable-cleaned-backup-hls,HTV2 HD,z3.ubtvfans.com,direct-hls,true,true,retest-existing-hls,,,https://z3.ubtvfans.com/live/rx5/2255/7d082e23f65f0dc15256ec0dedef0911/index.m3u8
htv7,HTV7 HD,越南頻道,sources/live-base.txt,durable-base-hls,HTV7 HD,z3.ubtvfans.com,direct-hls,true,true,retest-existing-hls,,,https://z3.ubtvfans.com/live/rx5/2251/81221e8157293d41ded0ed27073e98f2/index.m3u8
htv7,HTV7 HD,越南頻道,sources/live-cleaned-backup.txt,durable-cleaned-backup-hls,HTV7 HD,z3.ubtvfans.com,direct-hls,true,true,retest-existing-hls,,,https://z3.ubtvfans.com/live/rx5/2251/81221e8157293d41ded0ed27073e98f2/index.m3u8
htv9,HTV9 HD,越南頻道,sources/live-base.txt,durable-base-hls,HTV9 HD,z3.ubtvfans.com,direct-hls,true,true,retest-existing-hls,,,https://z3.ubtvfans.com/live/rx5/2253/b110c0e6047c93597a124e8c9e381364/index.m3u8
htv9,HTV9 HD,越南頻道,sources/live-cleaned-backup.txt,durable-cleaned-backup-hls,HTV9 HD,z3.ubtvfans.com,direct-hls,true,true,retest-existing-hls,,,https://z3.ubtvfans.com/live/rx5/2253/b110c0e6047c93597a124e8c9e381364/index.m3u8
hustlerxxxtv,Hustler XXX TV,私密頻道_7708,sources/live-base.txt,durable-base-hls,Hustler XXX TV,z3.ubtvfans.com,direct-hls,true,true,retest-existing-hls,,,https://z3.ubtvfans.com/live/rx4/3087/3db5736f5e614c4abcc0e505ace3fe40/index.m3u8
hustlerxxxtv,Hustler XXX TV,私密頻道_7708,sources/live-cleaned-backup.txt,durable-cleaned-backup-hls,Hustler XXX TV,z3.ubtvfans.com,direct-hls,true,true,retest-existing-hls,,,https://z3.ubtvfans.com/live/rx4/3087/3db5736f5e614c4abcc0e505ace3fe40/index.m3u8
ibc13,IBC 13,菲律賓,sources/live-base.txt,durable-base-hls,IBC 13,z3.ubtvfans.com,direct-hls,true,true,retest-existing-hls,,,https://z3.ubtvfans.com/live/rx2/1361/9d41f79ae673d024e298a186ea42ab99/index.m3u8
ibc13,IBC 13,菲律賓,sources/live-cleaned-backup.txt,durable-cleaned-backup-hls,IBC 13,z3.ubtvfans.com,direct-hls,true,true,retest-existing-hls,,,https://z3.ubtvfans.com/live/rx2/1361/9d41f79ae673d024e298a186ea42ab99/index.m3u8
ifc,IFC,美國頻道,sources/live-base.txt,durable-base-hls,IFC,z3.ubtvfans.com,direct-hls,true,true,retest-existing-hls,,,https://z3.ubtvfans.com/live/rx6/1362/51b8d322c92bcbf3985b110280ba0375/index.m3u8
ifc,IFC,美國頻道,sources/live-cleaned-backup.txt,durable-cleaned-backup-hls,IFC,z3.ubtvfans.com,direct-hls,true,true,retest-existing-hls,,,https://z3.ubtvfans.com/live/rx6/1362/51b8d322c92bcbf3985b110280ba0375/index.m3u8
indiatoday,India Today,YouTube亞洲新聞,sources/youtube-live-channels.csv,durable-youtube-page,India Today,www.youtube.com,youtube-page,true,true,resolve-with-yt-dlp,,Y9lhb97xlhY,https://www.youtube.com/watch?v=Y9lhb97xlhY
indiatv,IndiaTV,Verified Fastest | भारत,sources/live-base.txt,durable-base-hls,IndiaTV,z3.ubtvfans.com,direct-hls,true,true,retest-existing-hls,,,https://z3.ubtvfans.com/live/rx1/1607/c4416601588d21b0f29e5ec5dcd864e1/index.m3u8
indiatv,IndiaTV,Verified Fastest | भारत,sources/live-base.txt,durable-base-hls,IndiaTV,z3.ubtvfans.com,direct-hls,true,true,retest-existing-hls,,,https://z3.ubtvfans.com/live/rx1/1607/c4416601588d21b0f29e5ec5dcd864e1/index.m3u8
indiatv,IndiaTV,Verified Fastest | भारत,sources/live-cleaned-backup.txt,durable-cleaned-backup-hls,IndiaTV,z3.ubtvfans.com,direct-hls,true,true,retest-existing-hls,,,https://z3.ubtvfans.com/live/rx1/1607/c4416601588d21b0f29e5ec5dcd864e1/index.m3u8
indosiar,Indosiar,印尼頻道,sources/live-base.txt,durable-base-hls,Indosiar,z3.ubtvfans.com,direct-hls,true,true,retest-existing-hls,,,https://z3.ubtvfans.com/live/rx6/1490/467c99fb9aa86802a285867defbe3c55/index.m3u8
indosiar,Indosiar,印尼頻道,sources/live-cleaned-backup.txt,durable-cleaned-backup-hls,Indosiar,z3.ubtvfans.com,direct-hls,true,true,retest-existing-hls,,,https://z3.ubtvfans.com/live/rx6/1490/467c99fb9aa86802a285867defbe3c55/index.m3u8
inet,iNet,한국,sources/live-base.txt,durable-base-hls,iNet,z3.ubtvfans.com,direct-hls,true,true,retest-existing-hls,,,https://z3.ubtvfans.com/live/rx4/490/7a624be5c359d55f61a438d695975c7a/index.m3u8
inet,iNet,한국,sources/live-cleaned-backup.txt,durable-cleaned-backup-hls,iNet,z3.ubtvfans.com,direct-hls,true,true,retest-existing-hls,,,https://z3.ubtvfans.com/live/rx4/490/7a624be5c359d55f61a438d695975c7a/index.m3u8
inettv,Inet TV,한국,sources/live-base.txt,durable-base-hls,Inet TV,z3.ubtvfans.com,direct-hls,true,true,retest-existing-hls,,,https://z3.ubtvfans.com/live/rx4/263/dd1a30b5f1be54d131d0ed760c933b10/index.m3u8
inettv,Inet TV,한국,sources/live-cleaned-backup.txt,durable-cleaned-backup-hls,Inet TV,z3.ubtvfans.com,direct-hls,true,true,retest-existing-hls,,,https://z3.ubtvfans.com/live/rx4/263/dd1a30b5f1be54d131d0ed760c933b10/index.m3u8
inewstv,Inewstv,印尼頻道,sources/live-base.txt,durable-base-hls,Inewstv,z3.ubtvfans.com,direct-hls,true,true,retest-existing-hls,,,https://z3.ubtvfans.com/live/rx6/1474/a0bf59d8029178c927656aca9b74fcb3/index.m3u8
inewstv,Inewstv,印尼頻道,sources/live-cleaned-backup.txt,durable-cleaned-backup-hls,Inewstv,z3.ubtvfans.com,direct-hls,true,true,retest-existing-hls,,,https://z3.ubtvfans.com/live/rx6/1474/a0bf59d8029178c927656aca9b74fcb3/index.m3u8
inquizex,InquizeX,YouTube互動娛樂,sources/youtube-live-channels.csv,durable-youtube-page,InquizeX,www.youtube.com,youtube-page,true,true,resolve-with-yt-dlp,,Sa0UpjTdJT4,https://www.youtube.com/watch?v=Sa0UpjTdJT4
italia1,Italia 1,意大利,sources/live-base.txt,durable-base-hls,Italia 1,z3.ubtvfans.com,direct-hls,true,true,retest-existing-hls,,,https://z3.ubtvfans.com/live/rx3/1616/8ad791a725450963841052e12bce441a/index.m3u8
italia1,Italia 1,意大利,sources/live-cleaned-backup.txt,durable-cleaned-backup-hls,Italia 1,z3.ubtvfans.com,direct-hls,true,true,retest-existing-hls,,,https://z3.ubtvfans.com/live/rx3/1616/8ad791a725450963841052e12bce441a/index.m3u8
itv1,Itv 1,英國頻道,sources/live-base.txt,durable-base-hls,Itv 1,z3.ubtvfans.com,direct-hls,true,true,retest-existing-hls,,,https://z3.ubtvfans.com/live/rx4/1401/a9c41dc25335049f510f449bb6ef731d/index.m3u8
itv1,Itv 1,英國頻道,sources/live-cleaned-backup.txt,durable-cleaned-backup-hls,Itv 1,z3.ubtvfans.com,direct-hls,true,true,retest-existing-hls,,,https://z3.ubtvfans.com/live/rx4/1401/a9c41dc25335049f510f449bb6ef731d/index.m3u8
itv2,Itv 2,英國頻道,sources/live-base.txt,durable-base-hls,Itv 2,z3.ubtvfans.com,direct-hls,true,true,retest-existing-hls,,,https://z3.ubtvfans.com/live/rx4/1402/ed238e5c808e5c1c7ad40d487976f08f/index.m3u8
itv2,Itv 2,英國頻道,sources/live-cleaned-backup.txt,durable-cleaned-backup-hls,Itv 2,z3.ubtvfans.com,direct-hls,true,true,retest-existing-hls,,,https://z3.ubtvfans.com/live/rx4/1402/ed238e5c808e5c1c7ad40d487976f08f/index.m3u8
itv3,Itv 3,Verified Fastest | 英國頻道,sources/live-base.txt,durable-base-hls,Itv 3,z3.ubtvfans.com,direct-hls,true,true,retest-existing-hls,,,https://z3.ubtvfans.com/live/rx4/1403/b8fc1e60ec314d676eb822301902828c/index.m3u8
itv3,Itv 3,Verified Fastest | 英國頻道,sources/live-base.txt,durable-base-hls,Itv 3,z3.ubtvfans.com,direct-hls,true,true,retest-existing-hls,,,https://z3.ubtvfans.com/live/rx4/1403/b8fc1e60ec314d676eb822301902828c/index.m3u8
itv3,Itv 3,Verified Fastest | 英國頻道,sources/live-cleaned-backup.txt,durable-cleaned-backup-hls,Itv 3,z3.ubtvfans.com,direct-hls,true,true,retest-existing-hls,,,https://z3.ubtvfans.com/live/rx4/1403/b8fc1e60ec314d676eb822301902828c/index.m3u8
itv4,Itv 4,英國頻道,sources/live-base.txt,durable-base-hls,Itv 4,z3.ubtvfans.com,direct-hls,true,true,retest-existing-hls,,,https://z3.ubtvfans.com/live/rx4/1404/4359fac7d935420cac7bc8857f363d13/index.m3u8
itv4,Itv 4,英國頻道,sources/live-cleaned-backup.txt,durable-cleaned-backup-hls,Itv 4,z3.ubtvfans.com,direct-hls,true,true,retest-existing-hls,,,https://z3.ubtvfans.com/live/rx4/1404/4359fac7d935420cac7bc8857f363d13/index.m3u8
itvbe,itvbe,體育頻道,sources/live-base.txt,durable-base-hls,itvbe,z3.ubtvfans.com,direct-hls,true,true,retest-existing-hls,,,https://z3.ubtvfans.com/live/rx3/3279/66b3de4094794ab8efc993b83642ce99/index.m3u8
itvbe,itvbe,體育頻道,sources/live-cleaned-backup.txt,durable-cleaned-backup-hls,itvbe,z3.ubtvfans.com,direct-hls,true,true,retest-existing-hls,,,https://z3.ubtvfans.com/live/rx3/3279/66b3de4094794ab8efc993b83642ce99/index.m3u8
jsports1,J SPORTS 1,體育頻道,sources/live-base.txt,durable-base-hls,J SPORTS 1,z3.ubtvfans.com,direct-hls,true,true,retest-existing-hls,,,https://z3.ubtvfans.com/live/rx3/129/b5e4cfceaf1957480ff27a2e363c8b47/index.m3u8
jsports1,J SPORTS 1,體育頻道,sources/live-cleaned-backup.txt,durable-cleaned-backup-hls,J SPORTS 1,z3.ubtvfans.com,direct-hls,true,true,retest-existing-hls,,,https://z3.ubtvfans.com/live/rx3/129/b5e4cfceaf1957480ff27a2e363c8b47/index.m3u8
jsports2,J SPORTS 2,體育頻道,sources/live-base.txt,durable-base-hls,J SPORTS 2,z3.ubtvfans.com,direct-hls,true,true,retest-existing-hls,,,https://z3.ubtvfans.com/live/rx3/130/35e5bf1006deae4bf48edf9967e4897f/index.m3u8
jsports2,J SPORTS 2,體育頻道,sources/live-cleaned-backup.txt,durable-cleaned-backup-hls,J SPORTS 2,z3.ubtvfans.com,direct-hls,true,true,retest-existing-hls,,,https://z3.ubtvfans.com/live/rx3/130/35e5bf1006deae4bf48edf9967e4897f/index.m3u8
jsports3,J SPORTS 3,體育頻道,sources/live-base.txt,durable-base-hls,J SPORTS 3,z3.ubtvfans.com,direct-hls,true,true,retest-existing-hls,,,https://z3.ubtvfans.com/live/rx3/131/0a72352d3d14c80cf6a6e04875310862/index.m3u8
jsports3,J SPORTS 3,體育頻道,sources/live-cleaned-backup.txt,durable-cleaned-backup-hls,J SPORTS 3,z3.ubtvfans.com,direct-hls,true,true,retest-existing-hls,,,https://z3.ubtvfans.com/live/rx3/131/0a72352d3d14c80cf6a6e04875310862/index.m3u8
jsports4,J SPORTS 4,體育頻道,sources/live-base.txt,durable-base-hls,J SPORTS 4,z3.ubtvfans.com,direct-hls,true,true,retest-existing-hls,,,https://z3.ubtvfans.com/live/rx3/132/0275e378a07391b5ae148bca0fa600ec/index.m3u8
jsports4,J SPORTS 4,體育頻道,sources/live-cleaned-backup.txt,durable-cleaned-backup-hls,J SPORTS 4,z3.ubtvfans.com,direct-hls,true,true,retest-existing-hls,,,https://z3.ubtvfans.com/live/rx3/132/0275e378a07391b5ae148bca0fa600ec/index.m3u8
jsports4備,J SPORTS 4 （備）,體育頻道,sources/live-base.txt,durable-base-hls,J SPORTS 4 （備）,z3.ubtvfans.com,direct-hls,true,true,retest-existing-hls,,,https://z3.ubtvfans.com/live/rx6/3478/b6c7194a8ba0950bb84fabce3bbb0dd9/index.m3u8
jsports4備,J SPORTS 4 （備）,體育頻道,sources/live-cleaned-backup.txt,durable-cleaned-backup-hls,J SPORTS 4 （備）,z3.ubtvfans.com,direct-hls,true,true,retest-existing-hls,,,https://z3.ubtvfans.com/live/rx6/3478/b6c7194a8ba0950bb84fabce3bbb0dd9/index.m3u8
japanews24,JapaNews24,にっぽん | YouTube亞洲新聞,sources/live-base.txt,durable-base-hls,JapaNews24,z3.ubtvfans.com,direct-hls,true,true,retest-existing-hls,,,https://z3.ubtvfans.com/live/rx4/425/93300e15ec1e3097f55ed196aa2afa3d/index.m3u8
japanews24,JapaNews24,にっぽん | YouTube亞洲新聞,sources/live-cleaned-backup.txt,durable-cleaned-backup-hls,JapaNews24,z3.ubtvfans.com,direct-hls,true,true,retest-existing-hls,,,https://z3.ubtvfans.com/live/rx4/425/93300e15ec1e3097f55ed196aa2afa3d/index.m3u8
japanews24,JapaNews24,にっぽん | YouTube亞洲新聞,sources/youtube-live-channels.csv,durable-youtube-page,JapaNews24,www.youtube.com,youtube-page,true,true,resolve-with-yt-dlp,,D1uFPfCvtRI,https://www.youtube.com/watch?v=D1uFPfCvtRI
jei재능tv,JEI재능TV,한국,sources/live-base.txt,durable-base-hls,JEI재능TV,z3.ubtvfans.com,direct-hls,true,true,retest-existing-hls,,,https://z3.ubtvfans.com/live/rx4/3205/54807f1d6288d57ecdfea80818092cbb/index.m3u8
jei재능tv,JEI재능TV,한국,sources/live-cleaned-backup.txt,durable-cleaned-backup-hls,JEI재능TV,z3.ubtvfans.com,direct-hls,true,true,retest-existing-hls,,,https://z3.ubtvfans.com/live/rx4/3205/54807f1d6288d57ecdfea80818092cbb/index.m3u8
jet綜合,JET綜合,台灣頻道,sources/live-base.txt,durable-base-hls,JET綜合,z3.ubtvfans.com,direct-hls,true,true,retest-existing-hls,,,https://z3.ubtvfans.com/live/rx3/41/abd25f99d0d40210121cfe6e73d2880a/index.m3u8
jet綜合,JET綜合,台灣頻道,sources/live-cleaned-backup.txt,durable-cleaned-backup-hls,JET綜合,z3.ubtvfans.com,direct-hls,true,true,retest-existing-hls,,,https://z3.ubtvfans.com/live/rx3/41/abd25f99d0d40210121cfe6e73d2880a/index.m3u8
jgirl,jgirl,私密頻道_7708,sources/live-base.txt,durable-base-hls,jgirl,z3.ubtvfans.com,direct-hls,true,true,retest-existing-hls,,,https://z3.ubtvfans.com/live/rx5/3151/8b2b585365f9d90200c61f86dd76385d/index.m3u8
jgirl,jgirl,私密頻道_7708,sources/live-cleaned-backup.txt,durable-cleaned-backup-hls,jgirl,z3.ubtvfans.com,direct-hls,true,true,retest-existing-hls,,,https://z3.ubtvfans.com/live/rx5/3151/8b2b585365f9d90200c61f86dd76385d/index.m3u8
jkn,JKN,泰國頻道,sources/live-base.txt,durable-base-hls,JKN,z3.ubtvfans.com,direct-hls,true,true,retest-existing-hls,,,https://z3.ubtvfans.com/live/rx4/2247/3e408ced2e4b159e7c388e3f880e9432/index.m3u8
jkn,JKN,泰國頻道,sources/live-cleaned-backup.txt,durable-cleaned-backup-hls,JKN,z3.ubtvfans.com,direct-hls,true,true,retest-existing-hls,,,https://z3.ubtvfans.com/live/rx4/2247/3e408ced2e4b159e7c388e3f880e9432/index.m3u8
jstar,JStar,私密頻道_7708,sources/live-base.txt,durable-base-hls,JStar,z3.ubtvfans.com,direct-hls,true,true,retest-existing-hls,,,https://z3.ubtvfans.com/live/rx3/2909/7ea5f8d0bef36a6a3503e2d148873d07/index.m3u8
jstar,JStar,私密頻道_7708,sources/live-cleaned-backup.txt,durable-cleaned-backup-hls,JStar,z3.ubtvfans.com,direct-hls,true,true,retest-existing-hls,,,https://z3.ubtvfans.com/live/rx3/2909/7ea5f8d0bef36a6a3503e2d148873d07/index.m3u8
jtbc,JTBC,한국,sources/live-base.txt,durable-base-hls,JTBC,z3.ubtvfans.com,direct-hls,true,true,retest-existing-hls,,,https://z3.ubtvfans.com/live/rx4/3108/c3efb16e3ec0fe3b9029086f1096f0f3/index.m3u8
jtbc,JTBC,한국,sources/live-base.txt,durable-base-hls,JTBC,z3.ubtvfans.com,direct-hls,true,true,retest-existing-hls,,,https://z3.ubtvfans.com/live/rx4/253/6e8d1c5ca1a6e7cc2c3cf2e0c9b5ebf4/index.m3u8
jtbc,JTBC,한국,sources/live-cleaned-backup.txt,durable-cleaned-backup-hls,JTBC,z3.ubtvfans.com,direct-hls,true,true,retest-existing-hls,,,https://z3.ubtvfans.com/live/rx4/253/6e8d1c5ca1a6e7cc2c3cf2e0c9b5ebf4/index.m3u8
jtbc,JTBC,한국,sources/live-cleaned-backup.txt,durable-cleaned-backup-hls,JTBC,z3.ubtvfans.com,direct-hls,true,true,retest-existing-hls,,,https://z3.ubtvfans.com/live/rx4/3108/c3efb16e3ec0fe3b9029086f1096f0f3/index.m3u8
jtbcgolf,JTBC Golf,한국,sources/live-base.txt,durable-base-hls,JTBC Golf,z3.ubtvfans.com,direct-hls,true,true,retest-existing-hls,,,https://z3.ubtvfans.com/live/rx4/3173/5babbf0518fc34f2d03c69b74a2f6830/index.m3u8
jtbcgolf,JTBC Golf,한국,sources/live-cleaned-backup.txt,durable-cleaned-backup-hls,JTBC Golf,z3.ubtvfans.com,direct-hls,true,true,retest-existing-hls,,,https://z3.ubtvfans.com/live/rx4/3173/5babbf0518fc34f2d03c69b74a2f6830/index.m3u8
jtbcgolfsports,JTBC Golf&Sports,한국,sources/live-base.txt,durable-base-hls,JTBC Golf&Sports,z3.ubtvfans.com,direct-hls,true,true,retest-existing-hls,,,https://z3.ubtvfans.com/live/rx4/3198/6e77a77403551f48788020dae64a0095/index.m3u8
jtbcgolfsports,JTBC Golf&Sports,한국,sources/live-cleaned-backup.txt,durable-cleaned-backup-hls,JTBC Golf&Sports,z3.ubtvfans.com,direct-hls,true,true,retest-existing-hls,,,https://z3.ubtvfans.com/live/rx4/3198/6e77a77403551f48788020dae64a0095/index.m3u8
jtbc골프,JTBC골프,한국,sources/live-base.txt,durable-base-hls,JTBC골프,z3.ubtvfans.com,direct-hls,true,true,retest-existing-hls,,,https://z3.ubtvfans.com/live/rx4/268/f8f241178d37933a311c910ceb1bd697/index.m3u8
jtbc골프,JTBC골프,한국,sources/live-cleaned-backup.txt,durable-cleaned-backup-hls,JTBC골프,z3.ubtvfans.com,direct-hls,true,true,retest-existing-hls,,,https://z3.ubtvfans.com/live/rx4/268/f8f241178d37933a311c910ceb1bd697/index.m3u8
jtveko,JTV_eko,印尼頻道,sources/live-base.txt,durable-base-hls,JTV_eko,z3.ubtvfans.com,direct-hls,true,true,retest-existing-hls,,,https://z3.ubtvfans.com/live/rx6/1483/b7f01b0356dd83c2fdcea7f9602ca259/index.m3u8
jtveko,JTV_eko,印尼頻道,sources/live-cleaned-backup.txt,durable-cleaned-backup-hls,JTV_eko,z3.ubtvfans.com,direct-hls,true,true,retest-existing-hls,,,https://z3.ubtvfans.com/live/rx6/1483/b7f01b0356dd83c2fdcea7f9602ca259/index.m3u8
juicetv,Juice TV,音樂宗教,sources/live-base.txt,durable-base-hls,Juice TV,z3.ubtvfans.com,direct-hls,true,true,retest-existing-hls,,,https://z3.ubtvfans.com/live/rx2/2408/dd0947ef2994f9f42ab50d800b4fa817/index.m3u8
juicetv,Juice TV,音樂宗教,sources/live-cleaned-backup.txt,durable-cleaned-backup-hls,Juice TV,z3.ubtvfans.com,direct-hls,true,true,retest-existing-hls,,,https://z3.ubtvfans.com/live/rx2/2408/dd0947ef2994f9f42ab50d800b4fa817/index.m3u8
kansainews24,KANSAI News24,にっぽん,sources/live-base.txt,durable-base-hls,KANSAI News24,z3.ubtvfans.com,direct-hls,true,true,retest-existing-hls,,,https://z3.ubtvfans.com/live/rx4/247/e5a4ff0b5854421b891ec4f4f4eef8e9/index.m3u8
kansainews24,KANSAI News24,にっぽん,sources/live-cleaned-backup.txt,durable-cleaned-backup-hls,KANSAI News24,z3.ubtvfans.com,direct-hls,true,true,retest-existing-hls,,,https://z3.ubtvfans.com/live/rx4/247/e5a4ff0b5854421b891ec4f4f4eef8e9/index.m3u8
kbc,KBC,한국,sources/live-base.txt,durable-base-hls,KBC,z3.ubtvfans.com,direct-hls,true,true,retest-existing-hls,,,https://z3.ubtvfans.com/live/rx6/1307/f6fb46fa23ac8cc538d4ebee5bcd6073/index.m3u8
kbc,KBC,한국,sources/live-cleaned-backup.txt,durable-cleaned-backup-hls,KBC,z3.ubtvfans.com,direct-hls,true,true,retest-existing-hls,,,https://z3.ubtvfans.com/live/rx6/1307/f6fb46fa23ac8cc538d4ebee5bcd6073/index.m3u8
kbsnews,KBS News,YouTube亞洲新聞,sources/youtube-live-channels.csv,durable-youtube-page,KBS News,www.youtube.com,youtube-page,true,true,resolve-with-yt-dlp,,p5W8X3vziJ8,https://www.youtube.com/watch?v=p5W8X3vziJ8
kbs1,KBS1,한국,sources/live-base.txt,durable-base-hls,KBS1,z3.ubtvfans.com,direct-hls,true,true,retest-existing-hls,,,https://z3.ubtvfans.com/live/rx4/2752/c738c29d70216ec7ba19cbff33e24457/index.m3u8
kbs1,KBS1,한국,sources/live-base.txt,durable-base-hls,KBS1,z3.ubtvfans.com,direct-hls,true,true,retest-existing-hls,,,https://z3.ubtvfans.com/live/rx4/3086/0d885c4c597ce69746a14c1134a3c6a2/index.m3u8
kbs1,KBS1,한국,sources/live-cleaned-backup.txt,durable-cleaned-backup-hls,KBS1,z3.ubtvfans.com,direct-hls,true,true,retest-existing-hls,,,https://z3.ubtvfans.com/live/rx4/2752/c738c29d70216ec7ba19cbff33e24457/index.m3u8
kbs1,KBS1,한국,sources/live-cleaned-backup.txt,durable-cleaned-backup-hls,KBS1,z3.ubtvfans.com,direct-hls,true,true,retest-existing-hls,,,https://z3.ubtvfans.com/live/rx4/3086/0d885c4c597ce69746a14c1134a3c6a2/index.m3u8
kbs2,KBS2,한국,sources/live-base.txt,durable-base-hls,KBS2,z3.ubtvfans.com,direct-hls,true,true,retest-existing-hls,,,https://z3.ubtvfans.com/live/rx4/2753/a61150ef3130aaaf962afcbbbe9256ce/index.m3u8
kbs2,KBS2,한국,sources/live-base.txt,durable-base-hls,KBS2,z3.ubtvfans.com,direct-hls,true,true,retest-existing-hls,,,https://z3.ubtvfans.com/live/rx4/3075/4725e31211a20d0c89324552126fbf4f/index.m3u8
kbs2,KBS2,한국,sources/live-cleaned-backup.txt,durable-cleaned-backup-hls,KBS2,z3.ubtvfans.com,direct-hls,true,true,retest-existing-hls,,,https://z3.ubtvfans.com/live/rx4/2753/a61150ef3130aaaf962afcbbbe9256ce/index.m3u8
kbs2,KBS2,한국,sources/live-cleaned-backup.txt,durable-cleaned-backup-hls,KBS2,z3.ubtvfans.com,direct-hls,true,true,retest-existing-hls,,,https://z3.ubtvfans.com/live/rx4/3075/4725e31211a20d0c89324552126fbf4f/index.m3u8
kbsnsports,KBSN Sports,한국,sources/live-base.txt,durable-base-hls,KBSN Sports,z3.ubtvfans.com,direct-hls,true,true,retest-existing-hls,,,https://z3.ubtvfans.com/live/rx4/2353/8d00305efee617576ff786327b35e9ea/index.m3u8
kbsnsports,KBSN Sports,한국,sources/live-base.txt,durable-base-hls,KBSN Sports,z3.ubtvfans.com,direct-hls,true,true,retest-existing-hls,,,https://z3.ubtvfans.com/live/rx4/174/c5e6ac921fa9634a1f8d95f3748ca23f/index.m3u8
kbsnsports,KBSN Sports,한국,sources/live-cleaned-backup.txt,durable-cleaned-backup-hls,KBSN Sports,z3.ubtvfans.com,direct-hls,true,true,retest-existing-hls,,,https://z3.ubtvfans.com/live/rx4/2353/8d00305efee617576ff786327b35e9ea/index.m3u8
kbsnsports,KBSN Sports,한국,sources/live-cleaned-backup.txt,durable-cleaned-backup-hls,KBSN Sports,z3.ubtvfans.com,direct-hls,true,true,retest-existing-hls,,,https://z3.ubtvfans.com/live/rx4/174/c5e6ac921fa9634a1f8d95f3748ca23f/index.m3u8
kcbs原cbs,KCBS（原CBS）,美國頻道,sources/live-base.txt,durable-base-hls,KCBS（原CBS）,z3.ubtvfans.com,direct-hls,true,true,retest-existing-hls,,,https://z3.ubtvfans.com/live/rx5/1219/c559f328d815ceeed39fc2fcea3f1f31/index.m3u8
kcbs原cbs,KCBS（原CBS）,美國頻道,sources/live-cleaned-backup.txt,durable-cleaned-backup-hls,KCBS（原CBS）,z3.ubtvfans.com,direct-hls,true,true,retest-existing-hls,,,https://z3.ubtvfans.com/live/rx5/1219/c559f328d815ceeed39fc2fcea3f1f31/index.m3u8
ken5,ken5,美國頻道,sources/live-base.txt,durable-base-hls,ken5,z3.ubtvfans.com,direct-hls,true,true,retest-existing-hls,,,https://z3.ubtvfans.com/live/rx6/2429/b07067459ff16b85f3744d03aaa61747/index.m3u8
ken5,ken5,美國頻道,sources/live-cleaned-backup.txt,durable-cleaned-backup-hls,ken5,z3.ubtvfans.com,direct-hls,true,true,retest-existing-hls,,,https://z3.ubtvfans.com/live/rx6/2429/b07067459ff16b85f3744d03aaa61747/index.m3u8
ketchuptv,Ketchup TV,少兒頻道,sources/live-base.txt,durable-base-hls,Ketchup TV,z3.ubtvfans.com,direct-hls,true,true,retest-existing-hls,,,https://z3.ubtvfans.com/live/rx4/1142/dba755c37884089681f35d8368225693/index.m3u8
ketchuptv,Ketchup TV,少兒頻道,sources/live-cleaned-backup.txt,durable-cleaned-backup-hls,Ketchup TV,z3.ubtvfans.com,direct-hls,true,true,retest-existing-hls,,,https://z3.ubtvfans.com/live/rx4/1142/dba755c37884089681f35d8368225693/index.m3u8
kidstalktalk,Kids Talk Talk,한국,sources/live-base.txt,durable-base-hls,Kids Talk Talk,z3.ubtvfans.com,direct-hls,true,true,retest-existing-hls,,,https://z3.ubtvfans.com/live/rx4/1582/123ac24f79f64b7c3bdfd46f6aa5fb18/index.m3u8
kidstalktalk,Kids Talk Talk,한국,sources/live-cleaned-backup.txt,durable-cleaned-backup-hls,Kids Talk Talk,z3.ubtvfans.com,direct-hls,true,true,retest-existing-hls,,,https://z3.ubtvfans.com/live/rx4/1582/123ac24f79f64b7c3bdfd46f6aa5fb18/index.m3u8
kix,KIX,港澳頻道,sources/live-base.txt,durable-base-hls,KIX,z3.ubtvfans.com,direct-hls,true,true,retest-existing-hls,,,https://z3.ubtvfans.com/live/rx1/430/dc13a812421dd4dd217217d10277c6e8/index.m3u8
kix,KIX,港澳頻道,sources/live-cleaned-backup.txt,durable-cleaned-backup-hls,KIX,z3.ubtvfans.com,direct-hls,true,true,retest-existing-hls,,,https://z3.ubtvfans.com/live/rx1/430/dc13a812421dd4dd217217d10277c6e8/index.m3u8
kompass,Kompass,印尼頻道,sources/live-base.txt,durable-base-hls,Kompass,z3.ubtvfans.com,direct-hls,true,true,retest-existing-hls,,,https://z3.ubtvfans.com/live/rx6/2577/f63b7645bc4363ac3208dc8067a09c84/index.m3u8
kompass,Kompass,印尼頻道,sources/live-cleaned-backup.txt,durable-cleaned-backup-hls,Kompass,z3.ubtvfans.com,direct-hls,true,true,retest-existing-hls,,,https://z3.ubtvfans.com/live/rx6/2577/f63b7645bc4363ac3208dc8067a09c84/index.m3u8
ksat12,ksat12,美國頻道,sources/live-base.txt,durable-base-hls,ksat12,z3.ubtvfans.com,direct-hls,true,true,retest-existing-hls,,,https://z3.ubtvfans.com/live/rx6/2428/5aaadd37681eee28e8dfe318fb375a50/index.m3u8
ksat12,ksat12,美國頻道,sources/live-cleaned-backup.txt,durable-cleaned-backup-hls,ksat12,z3.ubtvfans.com,direct-hls,true,true,retest-existing-hls,,,https://z3.ubtvfans.com/live/rx6/2428/5aaadd37681eee28e8dfe318fb375a50/index.m3u8
ktsf26,ktsf26,美國頻道,sources/live-base.txt,durable-base-hls,ktsf26,z3.ubtvfans.com,direct-hls,true,true,retest-existing-hls,,,https://z3.ubtvfans.com/live/rx6/1517/47e02264a4ffc140d6988f187a9775a5/index.m3u8
ktsf26,ktsf26,美國頻道,sources/live-cleaned-backup.txt,durable-cleaned-backup-hls,ktsf26,z3.ubtvfans.com,direct-hls,true,true,retest-existing-hls,,,https://z3.ubtvfans.com/live/rx6/1517/47e02264a4ffc140d6988f187a9775a5/index.m3u8
ktvtamil,KTV Tamil,भारत,sources/live-base.txt,durable-base-hls,KTV Tamil,z3.ubtvfans.com,direct-hls,true,true,retest-existing-hls,,,https://z3.ubtvfans.com/live/rx5/1465/bea783a4c188327b4f7b90d41918ae46/index.m3u8
ktvtamil,KTV Tamil,भारत,sources/live-cleaned-backup.txt,durable-cleaned-backup-hls,KTV Tamil,z3.ubtvfans.com,direct-hls,true,true,retest-existing-hls,,,https://z3.ubtvfans.com/live/rx5/1465/bea783a4c188327b4f7b90d41918ae46/index.m3u8
lawandcrime,law and crime,美國頻道,sources/live-base.txt,durable-base-hls,law and crime,z3.ubtvfans.com,direct-hls,true,true,retest-existing-hls,,,https://z3.ubtvfans.com/live/rx2/1540/ec90b1a9fa95789bf6c62c38ef98dc49/index.m3u8
lawandcrime,law and crime,美國頻道,sources/live-cleaned-backup.txt,durable-cleaned-backup-hls,law and crime,z3.ubtvfans.com,direct-hls,true,true,retest-existing-hls,,,https://z3.ubtvfans.com/live/rx2/1540/ec90b1a9fa95789bf6c62c38ef98dc49/index.m3u8
lifetimeus,LifeTime US,美國頻道,sources/live-base.txt,durable-base-hls,LifeTime US,z3.ubtvfans.com,direct-hls,true,true,retest-existing-hls,,,https://z3.ubtvfans.com/live/rx3/1226/6f3ac03a1828f3c2b0d725e83520004c/index.m3u8
lifetimeus,LifeTime US,美國頻道,sources/live-cleaned-backup.txt,durable-cleaned-backup-hls,LifeTime US,z3.ubtvfans.com,direct-hls,true,true,retest-existing-hls,,,https://z3.ubtvfans.com/live/rx3/1226/6f3ac03a1828f3c2b0d725e83520004c/index.m3u8
livenow,LIVE NOW,YouTube國際新聞,sources/youtube-live-channels.csv,durable-youtube-page,LIVE NOW,www.youtube.com,youtube-page,true,true,resolve-with-yt-dlp,,vNVp6bxkL1c,https://www.youtube.com/watch?v=vNVp6bxkL1c
livenow,LIVE NOW,YouTube國際新聞,sources/live-youtube-stable.txt,generated-youtube-hls,049 LIVE NOW,manifest.googlevideo.com,youtube-generated-hls,false,false,generated-short-lived,2026-06-22T21:49:39.000Z,vNVp6bxkL1c,"https://manifest.googlevideo.com/api/manifest/hls_playlist/expire/1782164979/ei/k1k5avD1BcugrfcP6vqW6Qo/ip/114.42.199.53/id/vNVp6bxkL1c.2/itag/94/source/yt_live_broadcast/requiressl/yes/ratebypass/yes/live/1/sgoap/gir%3Dyes%3Bitag%3D140/sgovp/gir%3Dyes%3Bitag%3D135/rqh/1/hls_chunk_host/rr2---sn-ipoxu-umbee.googlevideo.com/xpc/EgVo2aDSNQ%3D%3D/playlist_duration/30/manifest_duration/30/bui/ARmQxEUCfbCMmZVBXi_CSN4Rv8GsVMy4OT1nE67_Eq-B0QjBx0VbgjpoxdqJe9ooOurFlFGLnXHOaXNk/spc/SQ-umsNq7zj-LQ79Uv38pwMTNKohHcMEMm6EvLKdTXmAvC7yZw/vprv/1/reg/0/playlist_type/DVR/initcwndbps/2605000/met/1782143379,/mh/MK/mm/44/mn/sn-ipoxu-umbee/ms/lva/mv/m/mvi/2/pl/24/rms/lva,lva/dover/11/pacing/0/keepalive/yes/fexp/51565115,51565681,51987687/mt/1782142835/sparams/expire,ei,ip,id,itag,source,requiressl,ratebypass,live,sgoap,sgovp,rqh,xpc,playlist_duration,manifest_duration,bui,spc,vprv,reg,playlist_type/sig/AHEqNM4wRgIhAJ7h9HL2PEtCBY5iD2wi-99X44R79s3mMw4Z_3IetXRQAiEAyjoxxcGkHrWXM6knX1_hG3DBo8M-GuH0aOmORztrIaE%3D/lsparams/hls_chunk_host,initcwndbps,met,mh,mm,mn,ms,mv,mvi,pl,rms/lsig/APaTxxMwRAIgcK30cyC3fSizbh-XHof2z0jCOyBl31VI2hsACitkEW0CIC71PSqHuj8e9m73wEOdSGxvvLmarfEXxmeQak1pWZHJ/playlist/index.m3u8"
livenowfromfox,LiveNOW from FOX,YouTube國際新聞,sources/youtube-live-channels.csv,durable-youtube-page,LiveNOW from FOX,www.youtube.com,youtube-page,true,true,resolve-with-yt-dlp,,9fTzGUvzjQw,https://www.youtube.com/watch?v=9fTzGUvzjQw
livingasia,Living Asia,菲律賓,sources/live-base.txt,durable-base-hls,Living Asia,z3.ubtvfans.com,direct-hls,true,true,retest-existing-hls,,,https://z3.ubtvfans.com/live/rx3/3498/f0353e059002fc2064889aa840831d0f/index.m3u8
livingasia,Living Asia,菲律賓,sources/live-cleaned-backup.txt,durable-cleaned-backup-hls,Living Asia,z3.ubtvfans.com,direct-hls,true,true,retest-existing-hls,,,https://z3.ubtvfans.com/live/rx3/3498/f0353e059002fc2064889aa840831d0f/index.m3u8
lofigirl,Lofi Girl,YouTube音樂體育風景,sources/youtube-live-channels.csv,durable-youtube-page,Lofi Girl,www.youtube.com,youtube-page,true,true,resolve-with-yt-dlp,,qGohtGC5Rtk,https://www.youtube.com/watch?v=qGohtGC5Rtk
lofigirl,Lofi Girl,YouTube音樂體育風景,sources/live-youtube-stable.txt,generated-youtube-hls,093 Lofi Girl,manifest.googlevideo.com,youtube-generated-hls,false,false,generated-short-lived,2026-06-22T21:51:23.000Z,qGohtGC5Rtk,"https://manifest.googlevideo.com/api/manifest/hls_playlist/expire/1782165083/ei/-1k5asK-Je6Qpt8Pxrcm/ip/114.42.199.53/id/qGohtGC5Rtk.2/itag/94/source/yt_live_broadcast/requiressl/yes/ratebypass/yes/live/1/sgoap/gir%3Dyes%3Bitag%3D140/sgovp/gir%3Dyes%3Bitag%3D135/rqh/1/hls_chunk_host/rr2---sn-ipoxu-umby.googlevideo.com/xpc/EgVo2aDSNQ%3D%3D/bui/ARmQxEWTNoAkSbhOjegrfxNIQ5XBFURrMJMIey0oQ3LlzNi9k-mc3qtkUtvFbq3dqDSRixtply0EkoJb/spc/SQ-umjgiNuBqFNNX2EsTpF6pa5rOOmeVmtjQI25N0Xiempdleg/vprv/1/reg/0/playlist_type/DVR/initcwndbps/3220000/met/1782143483,/mh/eP/mm/44/mn/sn-ipoxu-umby/ms/lva/mv/m/mvi/2/pl/24/rms/lva,lva/dover/11/pacing/0/keepalive/yes/fexp/51565116,51565681,51987687/mt/1782143091/sparams/expire,ei,ip,id,itag,source,requiressl,ratebypass,live,sgoap,sgovp,rqh,xpc,bui,spc,vprv,reg,playlist_type/sig/AHEqNM4wRQIhAOaqLmu8ei4RuWJocoRPNsW7VvtzCHkYGE-iFfMwGjoOAiA8b4-auGfBCsPIOBklH6p3pTSEA_3Ac7B8AII3ZvogWw%3D%3D/lsparams/hls_chunk_host,initcwndbps,met,mh,mm,mn,ms,mv,mvi,pl,rms/lsig/APaTxxMwRQIgWs2ihlv1wirhYTW5SfmzmHr2jDFl66w2bnyFD3kEykMCIQDQJp6xdxJhmrRyZSkCaSxuuIDTBbzGRYo6DNxdErFBvg%3D%3D/playlist/index.m3u8"
look,LOOK,私密頻道_7708,sources/live-base.txt,durable-base-hls,LOOK,z3.ubtvfans.com,direct-hls,true,true,retest-existing-hls,,,https://z3.ubtvfans.com/live/rx4/2933/612f104a0e7d89b6d6a0fabebc2059e0/index.m3u8
look,LOOK,私密頻道_7708,sources/live-cleaned-backup.txt,durable-cleaned-backup-hls,LOOK,z3.ubtvfans.com,direct-hls,true,true,retest-existing-hls,,,https://z3.ubtvfans.com/live/rx4/2933/612f104a0e7d89b6d6a0fabebc2059e0/index.m3u8
lovenature,Love Nature,紀實頻道 | 加拿大,sources/live-base.txt,durable-base-hls,Love Nature,z3.ubtvfans.com,direct-hls,true,true,retest-existing-hls,,,https://z3.ubtvfans.com/live/rx3/52/81ed2ec3d54dd9b03149b652bad4ec2c/index.m3u8
lovenature,Love Nature,紀實頻道 | 加拿大,sources/live-base.txt,durable-base-hls,Love Nature,z3.ubtvfans.com,direct-hls,true,true,retest-existing-hls,,,https://z3.ubtvfans.com/live/rx3/1263/16aadd96296dbf2054a490c6082b0039/index.m3u8
lovenature,Love Nature,紀實頻道 | 加拿大,sources/live-cleaned-backup.txt,durable-cleaned-backup-hls,Love Nature,z3.ubtvfans.com,direct-hls,true,true,retest-existing-hls,,,https://z3.ubtvfans.com/live/rx3/52/81ed2ec3d54dd9b03149b652bad4ec2c/index.m3u8
lovenature,Love Nature,紀實頻道 | 加拿大,sources/live-cleaned-backup.txt,durable-cleaned-backup-hls,Love Nature,z3.ubtvfans.com,direct-hls,true,true,retest-existing-hls,,,https://z3.ubtvfans.com/live/rx3/1263/16aadd96296dbf2054a490c6082b0039/index.m3u8
ltv,LTV,德國頻道,sources/live-base.txt,durable-base-hls,LTV,z3.ubtvfans.com,direct-hls,true,true,retest-existing-hls,,,https://z3.ubtvfans.com/live/rx6/407/d0ce2fa0fdac927081854b2285680816/index.m3u8
ltv,LTV,德國頻道,sources/live-cleaned-backup.txt,durable-cleaned-backup-hls,LTV,z3.ubtvfans.com,direct-hls,true,true,retest-existing-hls,,,https://z3.ubtvfans.com/live/rx6/407/d0ce2fa0fdac927081854b2285680816/index.m3u8
mchannel,M Channel,泰國頻道,sources/live-base.txt,durable-base-hls,M Channel,z3.ubtvfans.com,direct-hls,true,true,retest-existing-hls,,,https://z3.ubtvfans.com/live/rx4/2246/0f584166a07ef9b336354cfdad4cb194/index.m3u8
mchannel,M Channel,泰國頻道,sources/live-cleaned-backup.txt,durable-cleaned-backup-hls,M Channel,z3.ubtvfans.com,direct-hls,true,true,retest-existing-hls,,,https://z3.ubtvfans.com/live/rx4/2246/0f584166a07ef9b336354cfdad4cb194/index.m3u8
maisglobosat,Mais Globosat,巴西,sources/live-base.txt,durable-base-hls,Mais Globosat,z3.ubtvfans.com,direct-hls,true,true,retest-existing-hls,,,https://z3.ubtvfans.com/live/rx2/1704/c5a52b9e3a27c9aff691453b974b535e/index.m3u8
maisglobosat,Mais Globosat,巴西,sources/live-cleaned-backup.txt,durable-cleaned-backup-hls,Mais Globosat,z3.ubtvfans.com,direct-hls,true,true,retest-existing-hls,,,https://z3.ubtvfans.com/live/rx2/1704/c5a52b9e3a27c9aff691453b974b535e/index.m3u8
malaimurasutv24x7,Malaimurasu Tv 24X7,YouTube亞洲新聞,sources/youtube-live-channels.csv,durable-youtube-page,Malaimurasu Tv 24X7,www.youtube.com,youtube-page,true,true,resolve-with-yt-dlp,,vpZ5af6irzA,https://www.youtube.com/watch?v=vpZ5af6irzA
malayalamnews,Malayalam News,YouTube亞洲新聞,sources/youtube-live-channels.csv,durable-youtube-page,Malayalam News,www.youtube.com,youtube-page,true,true,resolve-with-yt-dlp,,1wECsnGZcfc,https://www.youtube.com/watch?v=1wECsnGZcfc
malayalamnews,Malayalam News,YouTube亞洲新聞,sources/live-youtube-stable.txt,generated-youtube-hls,070 Malayalam News,manifest.googlevideo.com,youtube-generated-hls,false,false,generated-short-lived,2026-06-22T21:50:32.000Z,1wECsnGZcfc,"https://manifest.googlevideo.com/api/manifest/hls_playlist/expire/1782165032/ei/yFk5arDTDeDkpt8P44Of0Qw/ip/114.42.199.53/id/1wECsnGZcfc.5/itag/94/source/yt_live_broadcast/requiressl/yes/ratebypass/yes/live/1/sgoap/gir%3Dyes%3Bitag%3D140/sgovp/gir%3Dyes%3Bitag%3D135/rqh/1/hls_chunk_host/rr2---sn-ipoxu-umbee.googlevideo.com/xpc/EgVo2aDSNQ%3D%3D/bui/ARmQxEVM85wYICLyR1oSSChgMuqpzocvvyj0ZIYrC5vMPMm9NDt8gSgDYTKAHBU7LW5XoYQb2HO18WU7/spc/SQ-umn3w1rUGHxLDbRHMyBIYY8PazACHjviDSTdPHg6oN6cHZA/vprv/1/reg/0/playlist_type/DVR/initcwndbps/2965000/met/1782143432,/mh/2r/mm/44/mn/sn-ipoxu-umbee/ms/lva/mv/m/mvi/2/pl/24/rms/lva,lva/dover/11/pacing/0/keepalive/yes/fexp/51565115,51565681,51987687/mt/1782143091/sparams/expire,ei,ip,id,itag,source,requiressl,ratebypass,live,sgoap,sgovp,rqh,xpc,bui,spc,vprv,reg,playlist_type/sig/AHEqNM4wRQIgMZNbKrprQUhSwO4upJEuFI-hZzsq81tQXyktZp98wZ4CIQDXX1BxpgNKZ5j6Alh2wG5aIS65dTO7DNVjlRlu-4v7mA%3D%3D/lsparams/hls_chunk_host,initcwndbps,met,mh,mm,mn,ms,mv,mvi,pl,rms/lsig/APaTxxMwRQIhAIM0tZpLZjsabupka6TSEJ9Io9rRg8iMls2osty5bcv5AiAfQGaZuP67az3hD7vRAlkTX-17amaLY1d2FTiFPCfiZw%3D%3D/playlist/index.m3u8"
maxbyhbo,Max by HBO,越南頻道,sources/live-base.txt,durable-base-hls,Max by HBO,z3.ubtvfans.com,direct-hls,true,true,retest-existing-hls,,,https://z3.ubtvfans.com/live/rx5/2261/e05cbd30b03df9c38422af4369a482e8/index.m3u8
maxbyhbo,Max by HBO,越南頻道,sources/live-cleaned-backup.txt,durable-cleaned-backup-hls,Max by HBO,z3.ubtvfans.com,direct-hls,true,true,retest-existing-hls,,,https://z3.ubtvfans.com/live/rx5/2261/e05cbd30b03df9c38422af4369a482e8/index.m3u8
mbc,MBC,한국,sources/live-base.txt,durable-base-hls,MBC,z3.ubtvfans.com,direct-hls,true,true,retest-existing-hls,,,https://z3.ubtvfans.com/live/rx4/3106/c3444cb653da77de364be3b94797f0d5/index.m3u8
mbc,MBC,한국,sources/live-base.txt,durable-base-hls,MBC,z3.ubtvfans.com,direct-hls,true,true,retest-existing-hls,,,https://z3.ubtvfans.com/live/rx4/251/31f2ab1f3e6281afd06ad29959824137/index.m3u8
mbc,MBC,한국,sources/live-cleaned-backup.txt,durable-cleaned-backup-hls,MBC,z3.ubtvfans.com,direct-hls,true,true,retest-existing-hls,,,https://z3.ubtvfans.com/live/rx4/251/31f2ab1f3e6281afd06ad29959824137/index.m3u8
mbc,MBC,한국,sources/live-cleaned-backup.txt,durable-cleaned-backup-hls,MBC,z3.ubtvfans.com,direct-hls,true,true,retest-existing-hls,,,https://z3.ubtvfans.com/live/rx4/3106/c3444cb653da77de364be3b94797f0d5/index.m3u8
mbcsports,MBC Sports,한국,sources/live-base.txt,durable-base-hls,MBC Sports,z3.ubtvfans.com,direct-hls,true,true,retest-existing-hls,,,https://z3.ubtvfans.com/live/rx4/3174/f58678b018926abd63eb32ea03907b5d/index.m3u8
mbcsports,MBC Sports,한국,sources/live-cleaned-backup.txt,durable-cleaned-backup-hls,MBC Sports,z3.ubtvfans.com,direct-hls,true,true,retest-existing-hls,,,https://z3.ubtvfans.com/live/rx4/3174/f58678b018926abd63eb32ea03907b5d/index.m3u8
mbcevery1,MBCevery1,한국,sources/live-base.txt,durable-base-hls,MBCevery1,z3.ubtvfans.com,direct-hls,true,true,retest-existing-hls,,,https://z3.ubtvfans.com/live/rx4/476/7db889a3619fd91d2004e475e4f70ed7/index.m3u8
mbcevery1,MBCevery1,한국,sources/live-cleaned-backup.txt,durable-cleaned-backup-hls,MBCevery1,z3.ubtvfans.com,direct-hls,true,true,retest-existing-hls,,,https://z3.ubtvfans.com/live/rx4/476/7db889a3619fd91d2004e475e4f70ed7/index.m3u8
mbc스포츠,MBC스포츠,한국,sources/live-base.txt,durable-base-hls,MBC스포츠,z3.ubtvfans.com,direct-hls,true,true,retest-existing-hls,,,https://z3.ubtvfans.com/live/rx4/265/84594c58474b9da206463f57ce6ac437/index.m3u8
mbc스포츠,MBC스포츠,한국,sources/live-cleaned-backup.txt,durable-cleaned-backup-hls,MBC스포츠,z3.ubtvfans.com,direct-hls,true,true,retest-existing-hls,,,https://z3.ubtvfans.com/live/rx4/265/84594c58474b9da206463f57ce6ac437/index.m3u8
mbn,MBN,한국,sources/live-base.txt,durable-base-hls,MBN,z3.ubtvfans.com,direct-hls,true,true,retest-existing-hls,,,https://z3.ubtvfans.com/live/rx4/257/7032c28fa3d4e83419649451008a9c40/index.m3u8
mbn,MBN,한국,sources/live-base.txt,durable-base-hls,MBN,z3.ubtvfans.com,direct-hls,true,true,retest-existing-hls,,,https://z3.ubtvfans.com/live/rx4/3197/5949215a4d2810237c879a740a55986b/index.m3u8
mbn,MBN,한국,sources/live-cleaned-backup.txt,durable-cleaned-backup-hls,MBN,z3.ubtvfans.com,direct-hls,true,true,retest-existing-hls,,,https://z3.ubtvfans.com/live/rx4/257/7032c28fa3d4e83419649451008a9c40/index.m3u8
mbn,MBN,한국,sources/live-cleaned-backup.txt,durable-cleaned-backup-hls,MBN,z3.ubtvfans.com,direct-hls,true,true,retest-existing-hls,,,https://z3.ubtvfans.com/live/rx4/3197/5949215a4d2810237c879a740a55986b/index.m3u8
mediaonetvlive,MediaoneTV Live,YouTube亞洲新聞,sources/youtube-live-channels.csv,durable-youtube-page,MediaoneTV Live,www.youtube.com,youtube-page,true,true,resolve-with-yt-dlp,,-8d8-c0yvyU,https://www.youtube.com/watch?v=-8d8-c0yvyU
mediaonetvlive,MediaoneTV Live,YouTube亞洲新聞,sources/live-youtube-stable.txt,generated-youtube-hls,067 MediaoneTV Live,manifest.googlevideo.com,youtube-generated-hls,false,false,generated-short-lived,2026-06-22T21:50:25.000Z,-8d8-c0yvyU,"https://manifest.googlevideo.com/api/manifest/hls_playlist/expire/1782165025/ei/wVk5auadI7GMpt8P8eC54A0/ip/114.42.199.53/id/-8d8-c0yvyU.4/itag/94/source/yt_live_broadcast/requiressl/yes/ratebypass/yes/live/1/sgoap/gir%3Dyes%3Bitag%3D140/sgovp/gir%3Dyes%3Bitag%3D135/rqh/1/hls_chunk_host/rr5---sn-ipoxu-umby.googlevideo.com/xpc/EgVo2aDSNQ%3D%3D/bui/ARmQxEUoXLb3u3Fi3yNdASbxDdNEnrvm6DnPfeKTqaHEGtYblx8B8NSGHjtvX3EypnXDFkxLCEdX_vxQ/spc/SQ-umm6tH5Ra62kWOmQewv-_7ex6BxBo0ObSSBBfLnZouioXnw/vprv/1/reg/0/playlist_type/DVR/initcwndbps/3220000/met/1782143425,/mh/Rs/mm/44/mn/sn-ipoxu-umby/ms/lva/mv/m/mvi/5/pl/24/rms/lva,lva/dover/11/pacing/0/keepalive/yes/fexp/51565116,51565681,51987687/mt/1782143091/sparams/expire,ei,ip,id,itag,source,requiressl,ratebypass,live,sgoap,sgovp,rqh,xpc,bui,spc,vprv,reg,playlist_type/sig/AHEqNM4wRgIhAN9iD1WoxWpG-oYdis8C4k81zegflc4Y3RgwmQArdOHJAiEAnRVsdbQPgDnvLWiiXCwldylLqhb80m6s1qHKKRaOfH8%3D/lsparams/hls_chunk_host,initcwndbps,met,mh,mm,mn,ms,mv,mvi,pl,rms/lsig/APaTxxMwRQIgdlzHsc6OAYkWyA29m4D3P27UKGB3RpmusvaRtq6MvSoCIQDgyXK60QujEmH6Rq8PGEX1cOYtKTEZiLYGXMbJQi0vsg%3D%3D/playlist/index.m3u8"
metrotv,metrotv,印尼頻道,sources/live-base.txt,durable-base-hls,metrotv,z3.ubtvfans.com,direct-hls,true,true,retest-existing-hls,,,https://z3.ubtvfans.com/live/rx6/1481/21567afa94306ff3616b09ec10b740cc/index.m3u8
metrotv,metrotv,印尼頻道,sources/live-cleaned-backup.txt,durable-cleaned-backup-hls,metrotv,z3.ubtvfans.com,direct-hls,true,true,retest-existing-hls,,,https://z3.ubtvfans.com/live/rx6/1481/21567afa94306ff3616b09ec10b740cc/index.m3u8
mezzolive,Mezzo Live,音樂宗教,sources/live-base.txt,durable-base-hls,Mezzo Live,z3.ubtvfans.com,direct-hls,true,true,retest-existing-hls,,,https://z3.ubtvfans.com/live/rx3/60/a22a632e7682ab76a9d5d5120e235948/index.m3u8
mezzolive,Mezzo Live,音樂宗教,sources/live-cleaned-backup.txt,durable-cleaned-backup-hls,Mezzo Live,z3.ubtvfans.com,direct-hls,true,true,retest-existing-hls,,,https://z3.ubtvfans.com/live/rx3/60/a22a632e7682ab76a9d5d5120e235948/index.m3u8
mindanownetwork,Mindanow Network,菲律賓,sources/live-base.txt,durable-base-hls,Mindanow Network,z3.ubtvfans.com,direct-hls,true,true,retest-existing-hls,,,https://z3.ubtvfans.com/live/rx6/1343/9dbff40cdfc930723445254d37bea2ac/index.m3u8
mindanownetwork,Mindanow Network,菲律賓,sources/live-cleaned-backup.txt,durable-cleaned-backup-hls,Mindanow Network,z3.ubtvfans.com,direct-hls,true,true,retest-existing-hls,,,https://z3.ubtvfans.com/live/rx6/1343/9dbff40cdfc930723445254d37bea2ac/index.m3u8
mit台灣誌,MIT台灣誌,YouTube文化紀實,sources/youtube-live-channels.csv,durable-youtube-page,MIT台灣誌,www.youtube.com,youtube-page,true,true,resolve-with-yt-dlp,,DxvKbRgUXc8,https://www.youtube.com/watch?v=DxvKbRgUXc8
mlbnetwork,mlb  network,體育頻道,sources/live-base.txt,durable-base-hls,mlb  network,z3.ubtvfans.com,direct-hls,true,true,retest-existing-hls,,,https://z3.ubtvfans.com/live/rx5/3251/17f7fe07cf43c456656467eb4de7daa4/index.m3u8
mlbnetwork,mlb  network,體育頻道,sources/live-base.txt,durable-base-hls,mlb  network,z3.ubtvfans.com,direct-hls,true,true,retest-existing-hls,,,https://z3.ubtvfans.com/live/rx6/3250/b87194cb88064424442804d47bfe68d3/index.m3u8
mlbnetwork,mlb  network,體育頻道,sources/live-cleaned-backup.txt,durable-cleaned-backup-hls,mlb  network,z3.ubtvfans.com,direct-hls,true,true,retest-existing-hls,,,https://z3.ubtvfans.com/live/rx5/3251/17f7fe07cf43c456656467eb4de7daa4/index.m3u8
mlbnetwork,mlb  network,體育頻道,sources/live-cleaned-backup.txt,durable-cleaned-backup-hls,mlb  network,z3.ubtvfans.com,direct-hls,true,true,retest-existing-hls,,,https://z3.ubtvfans.com/live/rx6/3250/b87194cb88064424442804d47bfe68d3/index.m3u8
mnctv,Mnctv,印尼頻道,sources/live-base.txt,durable-base-hls,Mnctv,z3.ubtvfans.com,direct-hls,true,true,retest-existing-hls,,,https://z3.ubtvfans.com/live/rx6/1486/5bcc2096535941c7dc5d8f7369ea828a/index.m3u8
mnctv,Mnctv,印尼頻道,sources/live-cleaned-backup.txt,durable-cleaned-backup-hls,Mnctv,z3.ubtvfans.com,direct-hls,true,true,retest-existing-hls,,,https://z3.ubtvfans.com/live/rx6/1486/5bcc2096535941c7dc5d8f7369ea828a/index.m3u8
mnet,Mnet,한국,sources/live-base.txt,durable-base-hls,Mnet,z3.ubtvfans.com,direct-hls,true,true,retest-existing-hls,,,https://z3.ubtvfans.com/live/rx4/3203/4ecd9375a8094a718ff431e4e92b346e/index.m3u8
mnet,Mnet,한국,sources/live-base.txt,durable-base-hls,Mnet,z3.ubtvfans.com,direct-hls,true,true,retest-existing-hls,,,https://z3.ubtvfans.com/live/rx4/1136/73c9767c9abaf0eb45cfa0f2ca51e852/index.m3u8
mnet,Mnet,한국,sources/live-cleaned-backup.txt,durable-cleaned-backup-hls,Mnet,z3.ubtvfans.com,direct-hls,true,true,retest-existing-hls,,,https://z3.ubtvfans.com/live/rx4/3203/4ecd9375a8094a718ff431e4e92b346e/index.m3u8
mnet,Mnet,한국,sources/live-cleaned-backup.txt,durable-cleaned-backup-hls,Mnet,z3.ubtvfans.com,direct-hls,true,true,retest-existing-hls,,,https://z3.ubtvfans.com/live/rx4/1136/73c9767c9abaf0eb45cfa0f2ca51e852/index.m3u8
momo親子,MOMO親子,台灣頻道,sources/live-base.txt,durable-base-hls,MOMO親子,z3.ubtvfans.com,direct-hls,true,true,retest-existing-hls,,,https://z3.ubtvfans.com/live/rx3/2767/07966a57230c871763d6ec4438b25f7b/index.m3u8
momo親子,MOMO親子,台灣頻道,sources/live-cleaned-backup.txt,durable-cleaned-backup-hls,MOMO親子,z3.ubtvfans.com,direct-hls,true,true,retest-existing-hls,,,https://z3.ubtvfans.com/live/rx3/2767/07966a57230c871763d6ec4438b25f7b/index.m3u8
momo親子2,MOMO親子-2,少兒頻道,sources/live-base.txt,durable-base-hls,MOMO親子-2,z3.ubtvfans.com,direct-hls,true,true,retest-existing-hls,,,https://z3.ubtvfans.com/live/rx1/313/01da9d9b2fe19f12f69e7d9b844d392e/index.m3u8
momo親子2,MOMO親子-2,少兒頻道,sources/live-cleaned-backup.txt,durable-cleaned-backup-hls,MOMO親子-2,z3.ubtvfans.com,direct-hls,true,true,retest-existing-hls,,,https://z3.ubtvfans.com/live/rx1/313/01da9d9b2fe19f12f69e7d9b844d392e/index.m3u8
momo購物一台,momo購物一台,YouTube購物台,sources/youtube-live-channels.csv,durable-youtube-page,momo購物一台,www.youtube.com,youtube-page,true,true,resolve-with-yt-dlp,,_pZQ1Lk0xMA,https://www.youtube.com/watch?v=_pZQ1Lk0xMA
momo購物一台,momo購物一台,YouTube購物台,sources/live-youtube-stable.txt,generated-youtube-hls,026 momo購物一台,manifest.googlevideo.com,youtube-generated-hls,false,false,generated-short-lived,2026-06-22T21:48:40.000Z,_pZQ1Lk0xMA,"https://manifest.googlevideo.com/api/manifest/hls_playlist/expire/1782164920/ei/WFk5aqGfOfabvcAP94admQY/ip/114.42.199.53/id/_pZQ1Lk0xMA.9/itag/94/source/yt_live_broadcast/requiressl/yes/ratebypass/yes/live/1/sgoap/gir%3Dyes%3Bitag%3D140/sgovp/gir%3Dyes%3Bitag%3D135/rqh/1/hls_chunk_host/rr5---sn-ipoxu-umby.googlevideo.com/xpc/EgVo2aDSNQ%3D%3D/bui/ARmQxEWlM7-MHAu8tCvmGVOxapBXv9vYMUlf-c3gCrTd90WgDOfFlSyIZcscNXyjMEqA1Co6UagvQ8OM/spc/SQ-ummTGQRQ8HXZ76baKqQZSdYa2Rp77sa1LwGfbtpjzdGF62A/vprv/1/reg/0/playlist_type/DVR/initcwndbps/2845000/met/1782143321,/mh/SK/mm/44/mn/sn-ipoxu-umby/ms/lva/mv/m/mvi/5/pl/24/rms/lva,lva/dover/11/pacing/0/keepalive/yes/fexp/51565115,51565682,51987687/mt/1782142835/sparams/expire,ei,ip,id,itag,source,requiressl,ratebypass,live,sgoap,sgovp,rqh,xpc,bui,spc,vprv,reg,playlist_type/sig/AHEqNM4wRAIgN_zrYLXpkVUHNgcpUl7FsnJdGNo7lhfssJoW32rCteQCIAYbjRWGI2yhttT1CzkbKm7LvOPXZPjle1z9I9NLSO_a/lsparams/hls_chunk_host,initcwndbps,met,mh,mm,mn,ms,mv,mvi,pl,rms/lsig/APaTxxMwRQIgMtlwKHAccvNIEW2_329sVsn5O0ro_l1dvfhnJDjUnh0CIQCINjxCYi9HWIlKv53-amK2eX24nuc9u4l0-BkuVl_ZDA%3D%3D/playlist/index.m3u8"
momo購物二台,momo購物二台,YouTube購物台,sources/youtube-live-channels.csv,durable-youtube-page,momo購物二台,www.youtube.com,youtube-page,true,true,resolve-with-yt-dlp,,xbNWkUyxQGM,https://www.youtube.com/watch?v=xbNWkUyxQGM
momo購物二台,momo購物二台,YouTube購物台,sources/live-youtube-stable.txt,generated-youtube-hls,027 momo購物二台,manifest.googlevideo.com,youtube-generated-hls,false,false,generated-short-lived,2026-06-22T21:48:44.000Z,xbNWkUyxQGM,"https://manifest.googlevideo.com/api/manifest/hls_playlist/expire/1782164924/ei/XFk5apTNA7Gc1d8Pp9qusAM/ip/114.42.199.53/id/xbNWkUyxQGM.6/itag/94/source/yt_live_broadcast/requiressl/yes/ratebypass/yes/live/1/sgoap/gir%3Dyes%3Bitag%3D140/sgovp/gir%3Dyes%3Bitag%3D135/rqh/1/hls_chunk_host/rr5---sn-ipoxu-umbee.googlevideo.com/xpc/EgVo2aDSNQ%3D%3D/bui/ARmQxEUnOzpb5JGKmeui-yWfTc3XkT-giFDFZOJUE6hE9y_-Ey1BG67dZVIuOEWCIaQCMwsFhMh8DwdY/spc/SQ-umnN_vpucSoxq_75XkLngiR8VPZknb_nY3I76Y0e6CM68-Q/vprv/1/reg/0/playlist_type/DVR/initcwndbps/2605000/met/1782143324,/mh/I6/mm/44/mn/sn-ipoxu-umbee/ms/lva/mv/m/mvi/5/pl/24/rms/lva,lva/dover/11/pacing/0/keepalive/yes/fexp/51565115,51565682,51987687/mt/1782142835/sparams/expire,ei,ip,id,itag,source,requiressl,ratebypass,live,sgoap,sgovp,rqh,xpc,bui,spc,vprv,reg,playlist_type/sig/AHEqNM4wRQIhAOJRbb3uBkBXG6NDUPc7lUJ0nNbd4BRUoJs8fSZq6TfsAiAMPkD2wFI7omD41IR7aV3vUM3BioumcdUyqcuyOq1jIQ%3D%3D/lsparams/hls_chunk_host,initcwndbps,met,mh,mm,mn,ms,mv,mvi,pl,rms/lsig/APaTxxMwRQIgJDAHKzLprSA6eAOzyB4EeGTu48pvX7vjWdKKgr-QWbwCIQDQEKlVOebk-nm14ORDqGFhwYAqNZrGylhsX1viUX2VNQ%3D%3D/playlist/index.m3u8"
more4,More 4,英國頻道,sources/live-base.txt,durable-base-hls,More 4,z3.ubtvfans.com,direct-hls,true,true,retest-existing-hls,,,https://z3.ubtvfans.com/live/rx4/1420/43648051b3146771fd2f82426e5cf946/index.m3u8
more4,More 4,英國頻道,sources/live-cleaned-backup.txt,durable-cleaned-backup-hls,More 4,z3.ubtvfans.com,direct-hls,true,true,retest-existing-hls,,,https://z3.ubtvfans.com/live/rx4/1420/43648051b3146771fd2f82426e5cf946/index.m3u8
moremax,MoreMax,美國頻道,sources/live-base.txt,durable-base-hls,MoreMax,z3.ubtvfans.com,direct-hls,true,true,retest-existing-hls,,,https://z3.ubtvfans.com/live/rx3/1176/2cceabc822dd8ef22e97661004f7534b/index.m3u8
moremax,MoreMax,美國頻道,sources/live-cleaned-backup.txt,durable-cleaned-backup-hls,MoreMax,z3.ubtvfans.com,direct-hls,true,true,retest-existing-hls,,,https://z3.ubtvfans.com/live/rx3/1176/2cceabc822dd8ef22e97661004f7534b/index.m3u8
movies4men,movies4men,體育頻道,sources/live-base.txt,durable-base-hls,movies4men,z3.ubtvfans.com,direct-hls,true,true,retest-existing-hls,,,https://z3.ubtvfans.com/live/rx3/3283/2b05b4284bc3c0f109349918b6c6f834/index.m3u8
movies4men,movies4men,體育頻道,sources/live-cleaned-backup.txt,durable-cleaned-backup-hls,movies4men,z3.ubtvfans.com,direct-hls,true,true,retest-existing-hls,,,https://z3.ubtvfans.com/live/rx3/3283/2b05b4284bc3c0f109349918b6c6f834/index.m3u8
msnbc,Msnbc,美國頻道,sources/live-base.txt,durable-base-hls,Msnbc,z3.ubtvfans.com,direct-hls,true,true,retest-existing-hls,,,https://z3.ubtvfans.com/live/rx2/1541/18cee0f116084cfbc8b38ea489723591/index.m3u8
msnbc,Msnbc,美國頻道,sources/live-cleaned-backup.txt,durable-cleaned-backup-hls,Msnbc,z3.ubtvfans.com,direct-hls,true,true,retest-existing-hls,,,https://z3.ubtvfans.com/live/rx2/1541/18cee0f116084cfbc8b38ea489723591/index.m3u8
msnbc備,MSNBC（備）,美國頻道,sources/live-base.txt,durable-base-hls,MSNBC（備）,z3.ubtvfans.com,direct-hls,true,true,retest-existing-hls,,,https://z3.ubtvfans.com/live/rx3/1104/40aa348cf2979b23d79b54be2acc1547/index.m3u8
msnbc備,MSNBC（備）,美國頻道,sources/live-cleaned-backup.txt,durable-cleaned-backup-hls,MSNBC（備）,z3.ubtvfans.com,direct-hls,true,true,retest-existing-hls,,,https://z3.ubtvfans.com/live/rx3/1104/40aa348cf2979b23d79b54be2acc1547/index.m3u8
mtrspt1,MTRSPT 1,體育頻道,sources/live-base.txt,durable-base-hls,MTRSPT 1,z3.ubtvfans.com,direct-hls,true,true,retest-existing-hls,,,https://z3.ubtvfans.com/live/rx6/2406/c40884432076caa1ac9ba746685788c9/index.m3u8
mtrspt1,MTRSPT 1,體育頻道,sources/live-cleaned-backup.txt,durable-cleaned-backup-hls,MTRSPT 1,z3.ubtvfans.com,direct-hls,true,true,retest-existing-hls,,,https://z3.ubtvfans.com/live/rx6/2406/c40884432076caa1ac9ba746685788c9/index.m3u8
mtv,MTV,美國頻道,sources/live-base.txt,durable-base-hls,MTV,z3.ubtvfans.com,direct-hls,true,true,retest-existing-hls,,,https://z3.ubtvfans.com/live/rx2/1546/590a6f25bc3e805eb1c3e72d214f9851/index.m3u8
mtv,MTV,美國頻道,sources/live-cleaned-backup.txt,durable-cleaned-backup-hls,MTV,z3.ubtvfans.com,direct-hls,true,true,retest-existing-hls,,,https://z3.ubtvfans.com/live/rx2/1546/590a6f25bc3e805eb1c3e72d214f9851/index.m3u8
muse中華一番馬拉松,Muse 中華一番馬拉松,YouTube動漫台,sources/youtube-live-channels.csv,durable-youtube-page,Muse 中華一番馬拉松,www.youtube.com,youtube-page,true,true,resolve-with-yt-dlp,,mRCXonM5ru8,https://www.youtube.com/watch?v=mRCXonM5ru8
muse中華一番馬拉松,Muse 中華一番馬拉松,YouTube動漫台,sources/live-youtube-stable.txt,generated-youtube-hls,105 Muse 中華一番馬拉松,manifest.googlevideo.com,youtube-generated-hls,false,false,generated-short-lived,2026-06-22T21:51:46.000Z,mRCXonM5ru8,"https://manifest.googlevideo.com/api/manifest/hls_playlist/expire/1782165106/ei/Elo5ar37G7KO1d8PxNy9oAE/ip/114.42.199.53/id/mRCXonM5ru8.2/itag/94/source/yt_live_broadcast/requiressl/yes/ratebypass/yes/live/1/sgoap/gir%3Dyes%3Bitag%3D140/sgovp/gir%3Dyes%3Bitag%3D135/rqh/1/hls_chunk_host/rr2---sn-ipoxu-umbk.googlevideo.com/xpc/EgVo2aDSNQ%3D%3D/playlist_duration/30/manifest_duration/30/gcr/tw/bui/ARmQxEVddq7KZdgQLf_1iMWkzl3bGDaio_xNFkx7neA7VVLodQ6T3oJwwSt0w7Bt6VXDgw7TMJYq8pkP/spc/SQ-umhyGYdH6nic57Nc7cABD4YnfqkXjWOQV4JDVkyaAqqd-mw/vprv/1/reg/0/playlist_type/DVR/initcwndbps/2968750/met/1782143506,/mh/aS/mm/44/mn/sn-ipoxu-umbk/ms/lva/mv/m/mvi/2/pl/24/rms/lva,lva/dover/11/pacing/0/keepalive/yes/fexp/51565115,51565681,51987687/mt/1782143091/sparams/expire,ei,ip,id,itag,source,requiressl,ratebypass,live,sgoap,sgovp,rqh,xpc,playlist_duration,manifest_duration,gcr,bui,spc,vprv,reg,playlist_type/sig/AHEqNM4wRgIhAKLhzB-hlSi-53shmeFfDxDf92GWcpo1G_Y1gaE_EFktAiEA-Ral9tKhIeQGIl7673AEwz8OmAbfrvxC3TiFy_vxvhU%3D/lsparams/hls_chunk_host,initcwndbps,met,mh,mm,mn,ms,mv,mvi,pl,rms/lsig/APaTxxMwRQIgYqOzf6tAa5yiCSZw-haUOvsepEKKLRa4FSv62NlrJaUCIQCdbfc_KEbgof9OUZN1SeGWP4PV-yywzvNNkpeI5zawaA%3D%3D/playlist/index.m3u8"
muse我們這一家馬拉松,Muse 我們這一家馬拉松,YouTube動漫台,sources/youtube-live-channels.csv,durable-youtube-page,Muse 我們這一家馬拉松,www.youtube.com,youtube-page,true,true,resolve-with-yt-dlp,,e1gbvCkwxFE,https://www.youtube.com/watch?v=e1gbvCkwxFE
muse我們這一家馬拉松,Muse 我們這一家馬拉松,YouTube動漫台,sources/live-youtube-stable.txt,generated-youtube-hls,106 Muse 我們這一家馬拉松,manifest.googlevideo.com,youtube-generated-hls,false,false,generated-short-lived,2026-06-22T21:51:48.000Z,e1gbvCkwxFE,"https://manifest.googlevideo.com/api/manifest/hls_playlist/expire/1782165108/ei/FFo5auLNMemqpt8P-9-s0Qw/ip/114.42.199.53/id/e1gbvCkwxFE.2/itag/94/source/yt_live_broadcast/requiressl/yes/ratebypass/yes/live/1/sgoap/gir%3Dyes%3Bitag%3D140/sgovp/gir%3Dyes%3Bitag%3D135/rqh/1/hls_chunk_host/rr4---sn-ipoxu-umbee.googlevideo.com/xpc/EgVo2aDSNQ%3D%3D/playlist_duration/30/manifest_duration/30/gcr/tw/bui/ARmQxEUc-Vo6WdS4l1Qd_mr1ETdVxME9R45rdFIiDHMvEJMNnA-szC3Ukc4KTx7-2VjOPeYsKgnhFcbL/spc/SQ-umgeF0LfknQgNzYJQKbi3Zj_qryCx50qca34CA7vG4-Uy5Q/vprv/1/reg/0/playlist_type/DVR/initcwndbps/2965000/met/1782143508,/mh/-Q/mm/44/mn/sn-ipoxu-umbee/ms/lva/mv/m/mvi/4/pl/24/rms/lva,lva/dover/11/pacing/0/keepalive/yes/fexp/51565116,51565682,51987687/mt/1782143091/sparams/expire,ei,ip,id,itag,source,requiressl,ratebypass,live,sgoap,sgovp,rqh,xpc,playlist_duration,manifest_duration,gcr,bui,spc,vprv,reg,playlist_type/sig/AHEqNM4wRAIgBTREkI1eMfWDdgeRsGmpxW-inlGAy8DEzWBqenwl-dcCIBHQEhNiVJAjQzRJTE4do4qdWUxbNxatB0THBh20zuLB/lsparams/hls_chunk_host,initcwndbps,met,mh,mm,mn,ms,mv,mvi,pl,rms/lsig/APaTxxMwRQIgesYdiAT_KsR_EpRpDeAYpj21VOjkmrE93mZVQVsveoECIQCL_aiqcsjx1bCtAsCWOy5nTp93sYCQ7MPicwX_hS8rBw%3D%3D/playlist/index.m3u8"
muse異世界流浪美食家馬拉松,Muse 異世界流浪美食家馬拉松,YouTube動漫台,sources/youtube-live-channels.csv,durable-youtube-page,Muse 異世界流浪美食家馬拉松,www.youtube.com,youtube-page,true,true,resolve-with-yt-dlp,,fK1M3oM7ZPQ,https://www.youtube.com/watch?v=fK1M3oM7ZPQ
muse新哆啦a夢馬拉松,Muse 新哆啦A夢馬拉松,YouTube動漫台,sources/youtube-live-channels.csv,durable-youtube-page,Muse 新哆啦A夢馬拉松,www.youtube.com,youtube-page,true,true,resolve-with-yt-dlp,,gnDok9gtopw,https://www.youtube.com/watch?v=gnDok9gtopw
muse葬送的芙莉蓮馬拉松,Muse 葬送的芙莉蓮馬拉松,YouTube動漫台,sources/youtube-live-channels.csv,durable-youtube-page,Muse 葬送的芙莉蓮馬拉松,www.youtube.com,youtube-page,true,true,resolve-with-yt-dlp,,PxAQgmdBgug,https://www.youtube.com/watch?v=PxAQgmdBgug
muse葬送的芙莉蓮馬拉松,Muse 葬送的芙莉蓮馬拉松,YouTube動漫台,sources/live-youtube-stable.txt,generated-youtube-hls,101 Muse 葬送的芙莉蓮馬拉松,manifest.googlevideo.com,youtube-generated-hls,false,false,generated-short-lived,2026-06-22T21:51:40.000Z,PxAQgmdBgug,"https://manifest.googlevideo.com/api/manifest/hls_playlist/expire/1782165100/ei/DFo5auGHHcSdvcAPoNmS6Q4/ip/114.42.199.53/id/PxAQgmdBgug.1/itag/94/source/yt_live_broadcast/requiressl/yes/ratebypass/yes/live/1/sgoap/gir%3Dyes%3Bitag%3D140/sgovp/gir%3Dyes%3Bitag%3D135/rqh/1/hls_chunk_host/rr2---sn-ipoxu-umby.googlevideo.com/xpc/EgVo2aDSNQ%3D%3D/playlist_duration/30/manifest_duration/30/gcr/tw/bui/ARmQxEVbhrh47ye5wv-0eRS2HGB9QkE1-3fiHkY_fqSxh9cwNNb_4GJAs3NguIPaI8ilMwMYGeNx-2xm/spc/SQ-uml2se8G7dPxHubQLiGJEtTI-4zlcGTQ0h1tO-tR7gSoteA/vprv/1/reg/0/playlist_type/DVR/initcwndbps/3220000/met/1782143500,/mh/pZ/mm/44/mn/sn-ipoxu-umby/ms/lva/mv/m/mvi/2/pl/24/rms/lva,lva/dover/11/pacing/0/keepalive/yes/fexp/51565115,51565682,51987687/mt/1782143091/sparams/expire,ei,ip,id,itag,source,requiressl,ratebypass,live,sgoap,sgovp,rqh,xpc,playlist_duration,manifest_duration,gcr,bui,spc,vprv,reg,playlist_type/sig/AHEqNM4wRQIgcWGJKuLU7xcrAPwqWB1EY0FGxgPuExQ9D76ADD3YvhICIQDwoEbOETkMB6HC2p6z8oKo3AgvYiq3jM6SR0j3dBwi4g%3D%3D/lsparams/hls_chunk_host,initcwndbps,met,mh,mm,mn,ms,mv,mvi,pl,rms/lsig/APaTxxMwRgIhAKvL3Q5QYbL6DnxY20PR9ci22TGN0M9KWPuBWOLaGkCWAiEAufUqiP921nhVE5Eob6kJdse_5J1wfuHjqMtLTdLMuq4%3D/playlist/index.m3u8"
muse獵人馬拉松,Muse 獵人馬拉松,YouTube動漫台,sources/youtube-live-channels.csv,durable-youtube-page,Muse 獵人馬拉松,www.youtube.com,youtube-page,true,true,resolve-with-yt-dlp,,YrUJXdCamNs,https://www.youtube.com/watch?v=YrUJXdCamNs
muse獵人馬拉松,Muse 獵人馬拉松,YouTube動漫台,sources/live-youtube-stable.txt,generated-youtube-hls,103 Muse 獵人馬拉松,manifest.googlevideo.com,youtube-generated-hls,false,false,generated-short-lived,2026-06-22T21:51:44.000Z,YrUJXdCamNs,"https://manifest.googlevideo.com/api/manifest/hls_playlist/expire/1782165104/ei/EFo5avaLEo-TvcAPnc-a4Ac/ip/114.42.199.53/id/YrUJXdCamNs.1/itag/94/source/yt_live_broadcast/requiressl/yes/ratebypass/yes/live/1/sgoap/gir%3Dyes%3Bitag%3D140/sgovp/gir%3Dyes%3Bitag%3D135/rqh/1/hls_chunk_host/rr1---sn-ipoxu-umbk.googlevideo.com/xpc/EgVo2aDSNQ%3D%3D/gcr/tw/bui/ARmQxEWGyqR9vczvfioh7acZV_AB5Cjz3hfbZvED5GDmxgxYAHE1WfjlQDJHYPLYfHMYqblGm9pNOlKu/spc/SQ-umpeeQsphMfLLNGkzFBMgVRCh5jTnQ-lZgbyNh0tWd8NIxw/vprv/1/reg/0/playlist_type/LIVE/initcwndbps/2968750/met/1782143504,/mh/Mg/mm/44/mn/sn-ipoxu-umbk/ms/lva/mv/m/mvi/1/pl/24/rms/lva,lva/dover/11/pacing/0/keepalive/yes/fexp/51565116,51565681,51987687/mt/1782143091/sparams/expire,ei,ip,id,itag,source,requiressl,ratebypass,live,sgoap,sgovp,rqh,xpc,gcr,bui,spc,vprv,reg,playlist_type/sig/AHEqNM4wRQIgSikdYx6i9kxcFdBGIvBwB3rxOqKvJ8NvIl-9BviQIfICIQCfGkTO0x3vxoXFgulB8Qoj1rKWzFYYnLeZqkCW7ywNBg%3D%3D/lsparams/hls_chunk_host,initcwndbps,met,mh,mm,mn,ms,mv,mvi,pl,rms/lsig/APaTxxMwRQIgTaTSRXQJx7ka0XdJNfSeW9D2qAV2s76BPXtFIRkOgcICIQCd1t8FhGlP137edw1oeLDBk97HJhVpmT8XkLkvXviufA%3D%3D/playlist/index.m3u8"
muse蠟筆小新馬拉松,Muse 蠟筆小新馬拉松,YouTube動漫台,sources/youtube-live-channels.csv,durable-youtube-page,Muse 蠟筆小新馬拉松,www.youtube.com,youtube-page,true,true,resolve-with-yt-dlp,,ENnjj7jQ23g,https://www.youtube.com/watch?v=ENnjj7jQ23g
muse木棉花闔家歡,Muse木棉花-闔家歡,YouTube兒童動畫,sources/youtube-live-channels.csv,durable-youtube-page,Muse木棉花-闔家歡,www.youtube.com,youtube-page,true,true,resolve-with-yt-dlp,,Lh6xiMlkRrg,https://www.youtube.com/watch?v=Lh6xiMlkRrg
muse木棉花闔家歡,Muse木棉花-闔家歡,YouTube兒童動畫,sources/live-youtube-stable.txt,generated-youtube-hls,077 Muse木棉花-闔家歡,manifest.googlevideo.com,youtube-generated-hls,false,false,generated-short-lived,2026-06-22T21:50:48.000Z,Lh6xiMlkRrg,"https://manifest.googlevideo.com/api/manifest/hls_playlist/expire/1782165048/ei/2Fk5auGzLse22roP_9fE4QQ/ip/114.42.199.53/id/Lh6xiMlkRrg.2/itag/94/source/yt_live_broadcast/requiressl/yes/ratebypass/yes/live/1/sgoap/gir%3Dyes%3Bitag%3D140/sgovp/gir%3Dyes%3Bitag%3D135/rqh/1/hls_chunk_host/rr3---sn-ipoxu-umbk.googlevideo.com/xpc/EgVo2aDSNQ%3D%3D/playlist_duration/30/manifest_duration/30/gcr/tw/bui/ARmQxEWcYJXTHx2iUYKVmjhyLZMNp3U5KFgbooBe6PzpaZl-KEwiFyuF67oS3nTYW7CY_IgWReRAlbwo/spc/SQ-umn-xTenqtwwgcWDZcMsPLQWEajN-aySx8veX-hQpE6owvA/vprv/1/reg/0/playlist_type/DVR/initcwndbps/2968750/met/1782143448,/mh/s7/mm/44/mn/sn-ipoxu-umbk/ms/lva/mv/m/mvi/3/pl/24/rms/lva,lva/dover/11/pacing/0/keepalive/yes/fexp/51565116,51565682,51987687/mt/1782143091/sparams/expire,ei,ip,id,itag,source,requiressl,ratebypass,live,sgoap,sgovp,rqh,xpc,playlist_duration,manifest_duration,gcr,bui,spc,vprv,reg,playlist_type/sig/AHEqNM4wRAIgDnihnaePEBCIkxIpMwBiWsBPaf8pKh6w8R15DC1GDIwCIGCaoI8zfkDuUWcRSd5Erx5CNhlcJDgSoEz5U5pC23g0/lsparams/hls_chunk_host,initcwndbps,met,mh,mm,mn,ms,mv,mvi,pl,rms/lsig/APaTxxMwRQIgDs4FYEdxz_uioSa54ulMw6v1ppAlph7FaIs8KDtfuzQCIQDxO0PKgPl1e1VbS4C8u6cM6CYvY6FzbeBocQIwHsPMcQ%3D%3D/playlist/index.m3u8"
musicontv,MUSIC ON! TV,にっぽん,sources/live-base.txt,durable-base-hls,MUSIC ON! TV,z3.ubtvfans.com,direct-hls,true,true,retest-existing-hls,,,https://z3.ubtvfans.com/live/rx3/288/c9720d151f98342ba1f3f2d40c80ab1e/index.m3u8
musicontv,MUSIC ON! TV,にっぽん,sources/live-cleaned-backup.txt,durable-cleaned-backup-hls,MUSIC ON! TV,z3.ubtvfans.com,direct-hls,true,true,retest-existing-hls,,,https://z3.ubtvfans.com/live/rx3/288/c9720d151f98342ba1f3f2d40c80ab1e/index.m3u8
musictv,MusicTV,印尼頻道,sources/live-base.txt,durable-base-hls,MusicTV,z3.ubtvfans.com,direct-hls,true,true,retest-existing-hls,,,https://z3.ubtvfans.com/live/rx3/1145/7b23677d1ca94ad6ea9a58182546ba0f/index.m3u8
musictv,MusicTV,印尼頻道,sources/live-cleaned-backup.txt,durable-cleaned-backup-hls,MusicTV,z3.ubtvfans.com,direct-hls,true,true,retest-existing-hls,,,https://z3.ubtvfans.com/live/rx3/1145/7b23677d1ca94ad6ea9a58182546ba0f/index.m3u8
natgeowild,Nat Geo Wild,美國頻道 | 英國頻道,sources/live-base.txt,durable-base-hls,Nat Geo Wild,z3.ubtvfans.com,direct-hls,true,true,retest-existing-hls,,,https://z3.ubtvfans.com/live/rx6/2313/58061e62634e30397a076cea3796b8bb/index.m3u8
natgeowild,Nat Geo Wild,美國頻道 | 英國頻道,sources/live-base.txt,durable-base-hls,Nat Geo Wild,z3.ubtvfans.com,direct-hls,true,true,retest-existing-hls,,,https://z3.ubtvfans.com/live/rx3/1434/f87f22ed481c7b6ecbe5c1eb39653e08/index.m3u8
natgeowild,Nat Geo Wild,美國頻道 | 英國頻道,sources/live-cleaned-backup.txt,durable-cleaned-backup-hls,Nat Geo Wild,z3.ubtvfans.com,direct-hls,true,true,retest-existing-hls,,,https://z3.ubtvfans.com/live/rx6/2313/58061e62634e30397a076cea3796b8bb/index.m3u8
natgeowild,Nat Geo Wild,美國頻道 | 英國頻道,sources/live-cleaned-backup.txt,durable-cleaned-backup-hls,Nat Geo Wild,z3.ubtvfans.com,direct-hls,true,true,retest-existing-hls,,,https://z3.ubtvfans.com/live/rx3/1434/f87f22ed481c7b6ecbe5c1eb39653e08/index.m3u8
nationtv,Nation TV,泰國頻道,sources/live-base.txt,durable-base-hls,Nation TV,z3.ubtvfans.com,direct-hls,true,true,retest-existing-hls,,,https://z3.ubtvfans.com/live/rx4/2245/b3ea16c1ede72130079d6048256f2c73/index.m3u8
nationtv,Nation TV,泰國頻道,sources/live-cleaned-backup.txt,durable-cleaned-backup-hls,Nation TV,z3.ubtvfans.com,direct-hls,true,true,retest-existing-hls,,,https://z3.ubtvfans.com/live/rx4/2245/b3ea16c1ede72130079d6048256f2c73/index.m3u8
nationalgeographic,National Geographic,美國頻道,sources/live-base.txt,durable-base-hls,National Geographic,z3.ubtvfans.com,direct-hls,true,true,retest-existing-hls,,,https://z3.ubtvfans.com/live/rx6/2312/aff3d69fc1c22ae37eb0529269098a49/index.m3u8
nationalgeographic,National Geographic,美國頻道,sources/live-base.txt,durable-base-hls,National Geographic,z3.ubtvfans.com,direct-hls,true,true,retest-existing-hls,,,https://z3.ubtvfans.com/live/rx5/1200/0e34896f53da6a28db6970b299a8c0c5/index.m3u8
nationalgeographic,National Geographic,美國頻道,sources/live-cleaned-backup.txt,durable-cleaned-backup-hls,National Geographic,z3.ubtvfans.com,direct-hls,true,true,retest-existing-hls,,,https://z3.ubtvfans.com/live/rx5/1200/0e34896f53da6a28db6970b299a8c0c5/index.m3u8
nationalgeographic,National Geographic,美國頻道,sources/live-cleaned-backup.txt,durable-cleaned-backup-hls,National Geographic,z3.ubtvfans.com,direct-hls,true,true,retest-existing-hls,,,https://z3.ubtvfans.com/live/rx6/2312/aff3d69fc1c22ae37eb0529269098a49/index.m3u8
naturetime,Nature Time,紀實頻道,sources/live-base.txt,durable-base-hls,Nature Time,z3.ubtvfans.com,direct-hls,true,true,retest-existing-hls,,,https://z3.ubtvfans.com/live/rx3/152/94d08cc46f9609df3424fbd1d16b7163/index.m3u8
naturetime,Nature Time,紀實頻道,sources/live-cleaned-backup.txt,durable-cleaned-backup-hls,Nature Time,z3.ubtvfans.com,direct-hls,true,true,retest-existing-hls,,,https://z3.ubtvfans.com/live/rx3/152/94d08cc46f9609df3424fbd1d16b7163/index.m3u8
nbaca,NBA CA,體育頻道,sources/live-base.txt,durable-base-hls,NBA CA,z3.ubtvfans.com,direct-hls,true,true,retest-existing-hls,,,https://z3.ubtvfans.com/live/rx3/1282/01baef23ffb0e9d287e87c4c1e842f60/index.m3u8
nbaca,NBA CA,體育頻道,sources/live-cleaned-backup.txt,durable-cleaned-backup-hls,NBA CA,z3.ubtvfans.com,direct-hls,true,true,retest-existing-hls,,,https://z3.ubtvfans.com/live/rx3/1282/01baef23ffb0e9d287e87c4c1e842f60/index.m3u8
nbatvus,NBA TV US,體育頻道,sources/live-base.txt,durable-base-hls,NBA TV US,z3.ubtvfans.com,direct-hls,true,true,retest-existing-hls,,,https://z3.ubtvfans.com/live/rx3/1185/c8c0c1e7596be15d60281de81570bf45/index.m3u8
nbatvus,NBA TV US,體育頻道,sources/live-cleaned-backup.txt,durable-cleaned-backup-hls,NBA TV US,z3.ubtvfans.com,direct-hls,true,true,retest-existing-hls,,,https://z3.ubtvfans.com/live/rx3/1185/c8c0c1e7596be15d60281de81570bf45/index.m3u8
nbc,NBC,美國頻道,sources/live-base.txt,durable-base-hls,NBC,z3.ubtvfans.com,direct-hls,true,true,retest-existing-hls,,,https://z3.ubtvfans.com/live/rx5/1509/6499f5c09c63f21e7ffa3ab5ec241196/index.m3u8
nbc,NBC,美國頻道,sources/live-base.txt,durable-base-hls,NBC,z3.ubtvfans.com,direct-hls,true,true,retest-existing-hls,,,https://z3.ubtvfans.com/live/rx5/1217/81220a3ef6e9656cc2b5284d0f36b96f/index.m3u8
nbc,NBC,美國頻道,sources/live-cleaned-backup.txt,durable-cleaned-backup-hls,NBC,z3.ubtvfans.com,direct-hls,true,true,retest-existing-hls,,,https://z3.ubtvfans.com/live/rx5/1217/81220a3ef6e9656cc2b5284d0f36b96f/index.m3u8
nbc,NBC,美國頻道,sources/live-cleaned-backup.txt,durable-cleaned-backup-hls,NBC,z3.ubtvfans.com,direct-hls,true,true,retest-existing-hls,,,https://z3.ubtvfans.com/live/rx5/1509/6499f5c09c63f21e7ffa3ab5ec241196/index.m3u8
nbcgolf,NBC Golf,美國頻道,sources/live-base.txt,durable-base-hls,NBC Golf,z3.ubtvfans.com,direct-hls,true,true,retest-existing-hls,,,https://z3.ubtvfans.com/live/rx2/1539/5e2cd14103814812d019fe549b9d8232/index.m3u8
nbcgolf,NBC Golf,美國頻道,sources/live-cleaned-backup.txt,durable-cleaned-backup-hls,NBC Golf,z3.ubtvfans.com,direct-hls,true,true,retest-existing-hls,,,https://z3.ubtvfans.com/live/rx2/1539/5e2cd14103814812d019fe549b9d8232/index.m3u8
nbcnews,NBC News,YouTube國際新聞,sources/youtube-live-channels.csv,durable-youtube-page,NBC News,www.youtube.com,youtube-page,true,true,resolve-with-yt-dlp,,fDYFTkFJtdM,https://www.youtube.com/watch?v=fDYFTkFJtdM
nbt,NBT_HD,泰國頻道,sources/live-base.txt,durable-base-hls,NBT_HD,z3.ubtvfans.com,direct-hls,true,true,retest-existing-hls,,,https://z3.ubtvfans.com/live/rx2/2328/699852aa0029fd378689cf9a4d55ef85/index.m3u8
nbt,NBT_HD,泰國頻道,sources/live-cleaned-backup.txt,durable-cleaned-backup-hls,NBT_HD,z3.ubtvfans.com,direct-hls,true,true,retest-existing-hls,,,https://z3.ubtvfans.com/live/rx2/2328/699852aa0029fd378689cf9a4d55ef85/index.m3u8
ndr,NDR,德國頻道,sources/live-base.txt,durable-base-hls,NDR,z3.ubtvfans.com,direct-hls,true,true,retest-existing-hls,,,https://z3.ubtvfans.com/live/rx4/1560/6abab1d6feb5d3bae35b8340ef2f81da/index.m3u8
ndr,NDR,德國頻道,sources/live-cleaned-backup.txt,durable-cleaned-backup-hls,NDR,z3.ubtvfans.com,direct-hls,true,true,retest-existing-hls,,,https://z3.ubtvfans.com/live/rx4/1560/6abab1d6feb5d3bae35b8340ef2f81da/index.m3u8
nettv,NetTV,印尼頻道,sources/live-base.txt,durable-base-hls,NetTV,z3.ubtvfans.com,direct-hls,true,true,retest-existing-hls,,,https://z3.ubtvfans.com/live/rx6/1473/5f660d923382c20466338a8ad9dc3ca4/index.m3u8
nettv,NetTV,印尼頻道,sources/live-cleaned-backup.txt,durable-cleaned-backup-hls,NetTV,z3.ubtvfans.com,direct-hls,true,true,retest-existing-hls,,,https://z3.ubtvfans.com/live/rx6/1473/5f660d923382c20466338a8ad9dc3ca4/index.m3u8
newsworld,News World,新聞頻道,sources/live-base.txt,durable-base-hls,News World,z3.ubtvfans.com,direct-hls,true,true,retest-existing-hls,,,https://z3.ubtvfans.com/live/rx2/1002/b2fcd8dfba1061a7714ee528c6d2f16b/index.m3u8
newsworld,News World,新聞頻道,sources/live-cleaned-backup.txt,durable-cleaned-backup-hls,News World,z3.ubtvfans.com,direct-hls,true,true,retest-existing-hls,,,https://z3.ubtvfans.com/live/rx2/1002/b2fcd8dfba1061a7714ee528c6d2f16b/index.m3u8
news1,NEWS1,泰國頻道,sources/live-base.txt,durable-base-hls,NEWS1,z3.ubtvfans.com,direct-hls,true,true,retest-existing-hls,,,https://z3.ubtvfans.com/live/rx4/1608/6bb730c4a98d10b19d05ad1624d6c913/index.m3u8
news1,NEWS1,泰國頻道,sources/live-cleaned-backup.txt,durable-cleaned-backup-hls,NEWS1,z3.ubtvfans.com,direct-hls,true,true,retest-existing-hls,,,https://z3.ubtvfans.com/live/rx4/1608/6bb730c4a98d10b19d05ad1624d6c913/index.m3u8
news18india,News18 India,YouTube亞洲新聞,sources/youtube-live-channels.csv,durable-youtube-page,News18 India,www.youtube.com,youtube-page,true,true,resolve-with-yt-dlp,,o6OP0iB5zvE,https://www.youtube.com/watch?v=o6OP0iB5zvE
newsmax2,Newsmax2,美國頻道,sources/live-base.txt,durable-base-hls,Newsmax2,z3.ubtvfans.com,direct-hls,true,true,retest-existing-hls,,,https://z3.ubtvfans.com/live/rx5/156/c0c8c0d6d1111b0dda8e00dc79d82873/index.m3u8
newsmax2,Newsmax2,美國頻道,sources/live-cleaned-backup.txt,durable-cleaned-backup-hls,Newsmax2,z3.ubtvfans.com,direct-hls,true,true,retest-existing-hls,,,https://z3.ubtvfans.com/live/rx5/156/c0c8c0d6d1111b0dda8e00dc79d82873/index.m3u8
newstamil24x7,NewsTamil24x7,YouTube亞洲新聞,sources/youtube-live-channels.csv,durable-youtube-page,NewsTamil24x7,www.youtube.com,youtube-page,true,true,resolve-with-yt-dlp,,hGs-nKaNc88,https://www.youtube.com/watch?v=hGs-nKaNc88
nflnetwork,NFL Network,美國頻道,sources/live-base.txt,durable-base-hls,NFL Network,z3.ubtvfans.com,direct-hls,true,true,retest-existing-hls,,,https://z3.ubtvfans.com/live/rx3/1189/19870d8c7808f39e0fa3cc65b5186d25/index.m3u8
nflnetwork,NFL Network,美國頻道,sources/live-cleaned-backup.txt,durable-cleaned-backup-hls,NFL Network,z3.ubtvfans.com,direct-hls,true,true,retest-existing-hls,,,https://z3.ubtvfans.com/live/rx3/1189/19870d8c7808f39e0fa3cc65b5186d25/index.m3u8
ngaardatv,Ngaarda TV,澳洲,sources/live-base.txt,durable-base-hls,Ngaarda TV,z3.ubtvfans.com,direct-hls,true,true,retest-existing-hls,,,https://z3.ubtvfans.com/live/rx1/1309/ebeff42654eb39179fd488eff7440626/index.m3u8
ngaardatv,Ngaarda TV,澳洲,sources/live-cleaned-backup.txt,durable-cleaned-backup-hls,Ngaarda TV,z3.ubtvfans.com,direct-hls,true,true,retest-existing-hls,,,https://z3.ubtvfans.com/live/rx1/1309/ebeff42654eb39179fd488eff7440626/index.m3u8
nhknews7,NHK NEWS 7,新聞頻道,sources/live-base.txt,durable-base-hls,NHK NEWS 7,z3.ubtvfans.com,direct-hls,true,true,retest-existing-hls,,,https://z3.ubtvfans.com/live/rx1/3477/e4697d093cd6e9d72baa8b3115665f67/index.m3u8
nhknews7,NHK NEWS 7,新聞頻道,sources/live-cleaned-backup.txt,durable-cleaned-backup-hls,NHK NEWS 7,z3.ubtvfans.com,direct-hls,true,true,retest-existing-hls,,,https://z3.ubtvfans.com/live/rx1/3477/e4697d093cd6e9d72baa8b3115665f67/index.m3u8
nhkworld,NHK WORLD,新聞頻道,sources/live-base.txt,durable-base-hls,NHK WORLD,z3.ubtvfans.com,direct-hls,true,true,retest-existing-hls,,,https://z3.ubtvfans.com/live/rx1/1394/a7dcc0030e4f29f39078bf1cf921fea3/index.m3u8
nhkworld,NHK WORLD,新聞頻道,sources/live-cleaned-backup.txt,durable-cleaned-backup-hls,NHK WORLD,z3.ubtvfans.com,direct-hls,true,true,retest-existing-hls,,,https://z3.ubtvfans.com/live/rx1/1394/a7dcc0030e4f29f39078bf1cf921fea3/index.m3u8
nhlnet,NHL net,美國頻道,sources/live-base.txt,durable-base-hls,NHL net,z3.ubtvfans.com,direct-hls,true,true,retest-existing-hls,,,https://z3.ubtvfans.com/live/rx2/1534/49438972da47d2447a1fcea494854070/index.m3u8
nhlnet,NHL net,美國頻道,sources/live-cleaned-backup.txt,durable-cleaned-backup-hls,NHL net,z3.ubtvfans.com,direct-hls,true,true,retest-existing-hls,,,https://z3.ubtvfans.com/live/rx2/1534/49438972da47d2447a1fcea494854070/index.m3u8
nickjr,Nick jr,英國頻道,sources/live-base.txt,durable-base-hls,Nick jr,z3.ubtvfans.com,direct-hls,true,true,retest-existing-hls,,,https://z3.ubtvfans.com/live/rx3/1435/8368c282157c2ce93f5eb2a139259789/index.m3u8
nickjr,Nick jr,英國頻道,sources/live-cleaned-backup.txt,durable-cleaned-backup-hls,Nick jr,z3.ubtvfans.com,direct-hls,true,true,retest-existing-hls,,,https://z3.ubtvfans.com/live/rx3/1435/8368c282157c2ce93f5eb2a139259789/index.m3u8
nickjunior,Nick Junior,美國頻道,sources/live-base.txt,durable-base-hls,Nick Junior,z3.ubtvfans.com,direct-hls,true,true,retest-existing-hls,,,https://z3.ubtvfans.com/live/rx5/1213/1322827d9f4ff4b0de87f0902218047a/index.m3u8
nickjunior,Nick Junior,美國頻道,sources/live-cleaned-backup.txt,durable-cleaned-backup-hls,Nick Junior,z3.ubtvfans.com,direct-hls,true,true,retest-existing-hls,,,https://z3.ubtvfans.com/live/rx5/1213/1322827d9f4ff4b0de87f0902218047a/index.m3u8
nickelodeon,nickelodeon,體育頻道,sources/live-base.txt,durable-base-hls,nickelodeon,z3.ubtvfans.com,direct-hls,true,true,retest-existing-hls,,,https://z3.ubtvfans.com/live/rx3/3249/098c6de16cf991c19809a7fd90466e05/index.m3u8
nickelodeon,nickelodeon,體育頻道,sources/live-cleaned-backup.txt,durable-cleaned-backup-hls,nickelodeon,z3.ubtvfans.com,direct-hls,true,true,retest-existing-hls,,,https://z3.ubtvfans.com/live/rx3/3249/098c6de16cf991c19809a7fd90466e05/index.m3u8
nickj,Nickj,少兒頻道,sources/live-base.txt,durable-base-hls,Nickj,z3.ubtvfans.com,direct-hls,true,true,retest-existing-hls,,,https://z3.ubtvfans.com/live/rx4/53/377812d10786090df08212d01ecdb1c3/index.m3u8
nickj,Nickj,少兒頻道,sources/live-cleaned-backup.txt,durable-cleaned-backup-hls,Nickj,z3.ubtvfans.com,direct-hls,true,true,retest-existing-hls,,,https://z3.ubtvfans.com/live/rx4/53/377812d10786090df08212d01ecdb1c3/index.m3u8
now미드,NOW[미드],한국,sources/live-base.txt,durable-base-hls,NOW[미드],z3.ubtvfans.com,direct-hls,true,true,retest-existing-hls,,,https://z3.ubtvfans.com/live/rx4/3166/187c00dbdf01d4a8511564e71739e9d6/index.m3u8
now미드,NOW[미드],한국,sources/live-cleaned-backup.txt,durable-cleaned-backup-hls,NOW[미드],z3.ubtvfans.com,direct-hls,true,true,retest-existing-hls,,,https://z3.ubtvfans.com/live/rx4/3166/187c00dbdf01d4a8511564e71739e9d6/index.m3u8
nowtv,NOWTV,港澳頻道,sources/live-base.txt,durable-base-hls,NOWTV,z3.ubtvfans.com,direct-hls,true,true,retest-existing-hls,,,https://z3.ubtvfans.com/live/rx3/1246/5d8c6aa14512f4a1a40da82c807994f5/index.m3u8
nowtv,NOWTV,港澳頻道,sources/live-cleaned-backup.txt,durable-cleaned-backup-hls,NOWTV,z3.ubtvfans.com,direct-hls,true,true,retest-existing-hls,,,https://z3.ubtvfans.com/live/rx3/1246/5d8c6aa14512f4a1a40da82c807994f5/index.m3u8
ntv7,NTV7,新馬頻道,sources/live-base.txt,durable-base-hls,NTV7,z3.ubtvfans.com,direct-hls,true,true,retest-existing-hls,,,https://z3.ubtvfans.com/live/rx3/439/516f9252d6156f7e111bcbdd2e95523f/index.m3u8
ntv7,NTV7,新馬頻道,sources/live-cleaned-backup.txt,durable-cleaned-backup-hls,NTV7,z3.ubtvfans.com,direct-hls,true,true,retest-existing-hls,,,https://z3.ubtvfans.com/live/rx3/439/516f9252d6156f7e111bcbdd2e95523f/index.m3u8
nudgesports,Nudge Sports,菲律賓,sources/live-base.txt,durable-base-hls,Nudge Sports,z3.ubtvfans.com,direct-hls,true,true,retest-existing-hls,,,https://z3.ubtvfans.com/live/rx4/2465/3a0eb23a493fe2f12b664d9d51b995e7/index.m3u8
nudgesports,Nudge Sports,菲律賓,sources/live-cleaned-backup.txt,durable-cleaned-backup-hls,Nudge Sports,z3.ubtvfans.com,direct-hls,true,true,retest-existing-hls,,,https://z3.ubtvfans.com/live/rx4/2465/3a0eb23a493fe2f12b664d9d51b995e7/index.m3u8
obs,OBS,한국,sources/live-base.txt,durable-base-hls,OBS,z3.ubtvfans.com,direct-hls,true,true,retest-existing-hls,,,https://z3.ubtvfans.com/live/rx4/2358/060692fca1ce47f1578407469edf49ad/index.m3u8
obs,OBS,한국,sources/live-cleaned-backup.txt,durable-cleaned-backup-hls,OBS,z3.ubtvfans.com,direct-hls,true,true,retest-existing-hls,,,https://z3.ubtvfans.com/live/rx4/2358/060692fca1ce47f1578407469edf49ad/index.m3u8
ocn,OCN,한국,sources/live-base.txt,durable-base-hls,OCN,z3.ubtvfans.com,direct-hls,true,true,retest-existing-hls,,,https://z3.ubtvfans.com/live/rx4/488/39edf1eec162e2381f44780c80da7da3/index.m3u8
ocn,OCN,한국,sources/live-base.txt,durable-base-hls,OCN,z3.ubtvfans.com,direct-hls,true,true,retest-existing-hls,,,https://z3.ubtvfans.com/live/rx4/3206/1ade62b48625bdff1adcd92d55c470fd/index.m3u8
ocn,OCN,한국,sources/live-cleaned-backup.txt,durable-cleaned-backup-hls,OCN,z3.ubtvfans.com,direct-hls,true,true,retest-existing-hls,,,https://z3.ubtvfans.com/live/rx4/488/39edf1eec162e2381f44780c80da7da3/index.m3u8
ocn,OCN,한국,sources/live-cleaned-backup.txt,durable-cleaned-backup-hls,OCN,z3.ubtvfans.com,direct-hls,true,true,retest-existing-hls,,,https://z3.ubtvfans.com/live/rx4/3206/1ade62b48625bdff1adcd92d55c470fd/index.m3u8
ocnmovies,OCN Movies,한국,sources/live-base.txt,durable-base-hls,OCN Movies,z3.ubtvfans.com,direct-hls,true,true,retest-existing-hls,,,https://z3.ubtvfans.com/live/rx4/3165/0d6f9b82fe5b5d3ee0aa32b1bebf4e0a/index.m3u8
ocnmovies,OCN Movies,한국,sources/live-cleaned-backup.txt,durable-cleaned-backup-hls,OCN Movies,z3.ubtvfans.com,direct-hls,true,true,retest-existing-hls,,,https://z3.ubtvfans.com/live/rx4/3165/0d6f9b82fe5b5d3ee0aa32b1bebf4e0a/index.m3u8
ocnthrills,OCN Thrills,한국,sources/live-base.txt,durable-base-hls,OCN Thrills,z3.ubtvfans.com,direct-hls,true,true,retest-existing-hls,,,https://z3.ubtvfans.com/live/rx4/2357/d29146b79ead08a3d764b159c8db46f5/index.m3u8
ocnthrills,OCN Thrills,한국,sources/live-cleaned-backup.txt,durable-cleaned-backup-hls,OCN Thrills,z3.ubtvfans.com,direct-hls,true,true,retest-existing-hls,,,https://z3.ubtvfans.com/live/rx4/2357/d29146b79ead08a3d764b159c8db46f5/index.m3u8
okey,OKEY,新馬頻道,sources/live-base.txt,durable-base-hls,OKEY,z3.ubtvfans.com,direct-hls,true,true,retest-existing-hls,,,https://z3.ubtvfans.com/live/rx3/1075/0c8beca664147577295460c4685b9497/index.m3u8
okey,OKEY,新馬頻道,sources/live-cleaned-backup.txt,durable-cleaned-backup-hls,OKEY,z3.ubtvfans.com,direct-hls,true,true,retest-existing-hls,,,https://z3.ubtvfans.com/live/rx3/1075/0c8beca664147577295460c4685b9497/index.m3u8
omni1,OMNI 1,加拿大,sources/live-base.txt,durable-base-hls,OMNI 1,z3.ubtvfans.com,direct-hls,true,true,retest-existing-hls,,,https://z3.ubtvfans.com/live/rx3/1258/12e4e92b4950a5cb0dde0902b4d67140/index.m3u8
omni1,OMNI 1,加拿大,sources/live-cleaned-backup.txt,durable-cleaned-backup-hls,OMNI 1,z3.ubtvfans.com,direct-hls,true,true,retest-existing-hls,,,https://z3.ubtvfans.com/live/rx3/1258/12e4e92b4950a5cb0dde0902b4d67140/index.m3u8
omni2,OMNI 2,加拿大,sources/live-base.txt,durable-base-hls,OMNI 2,z3.ubtvfans.com,direct-hls,true,true,retest-existing-hls,,,https://z3.ubtvfans.com/live/rx3/1259/d6b228db21147180ee604afa0cf76fbf/index.m3u8
omni2,OMNI 2,加拿大,sources/live-cleaned-backup.txt,durable-cleaned-backup-hls,OMNI 2,z3.ubtvfans.com,direct-hls,true,true,retest-existing-hls,,,https://z3.ubtvfans.com/live/rx3/1259/d6b228db21147180ee604afa0cf76fbf/index.m3u8
outdoor,Outdoor,紀實頻道 | 美國頻道,sources/live-base.txt,durable-base-hls,Outdoor,z3.ubtvfans.com,direct-hls,true,true,retest-existing-hls,,,https://z3.ubtvfans.com/live/rx6/3126/b2d471de7074252c33fa10bab316c241/index.m3u8
outdoor,Outdoor,紀實頻道 | 美國頻道,sources/live-base.txt,durable-base-hls,Outdoor,z3.ubtvfans.com,direct-hls,true,true,retest-existing-hls,,,https://z3.ubtvfans.com/live/rx6/1368/0f3c6e1664ac981e461801302c49a24c/index.m3u8
outdoor,Outdoor,紀實頻道 | 美國頻道,sources/live-cleaned-backup.txt,durable-cleaned-backup-hls,Outdoor,z3.ubtvfans.com,direct-hls,true,true,retest-existing-hls,,,https://z3.ubtvfans.com/live/rx6/3126/b2d471de7074252c33fa10bab316c241/index.m3u8
outdoor,Outdoor,紀實頻道 | 美國頻道,sources/live-cleaned-backup.txt,durable-cleaned-backup-hls,Outdoor,z3.ubtvfans.com,direct-hls,true,true,retest-existing-hls,,,https://z3.ubtvfans.com/live/rx6/1368/0f3c6e1664ac981e461801302c49a24c/index.m3u8
ownus,OWN US,美國頻道,sources/live-base.txt,durable-base-hls,OWN US,z3.ubtvfans.com,direct-hls,true,true,retest-existing-hls,,,https://z3.ubtvfans.com/live/rx6/1235/657aac28b1e2e3234ff0a64727a0daad/index.m3u8
ownus,OWN US,美國頻道,sources/live-cleaned-backup.txt,durable-cleaned-backup-hls,OWN US,z3.ubtvfans.com,direct-hls,true,true,retest-existing-hls,,,https://z3.ubtvfans.com/live/rx6/1235/657aac28b1e2e3234ff0a64727a0daad/index.m3u8
panamacity,Panama City,美國頻道,sources/live-base.txt,durable-base-hls,Panama City,z3.ubtvfans.com,direct-hls,true,true,retest-existing-hls,,,https://z3.ubtvfans.com/live/rx5/1056/78187efa3a4a84b9994a7e47b186aec4/index.m3u8
panamacity,Panama City,美國頻道,sources/live-cleaned-backup.txt,durable-cleaned-backup-hls,Panama City,z3.ubtvfans.com,direct-hls,true,true,retest-existing-hls,,,https://z3.ubtvfans.com/live/rx5/1056/78187efa3a4a84b9994a7e47b186aec4/index.m3u8
paramount,Paramount,法國頻道,sources/live-base.txt,durable-base-hls,Paramount,z3.ubtvfans.com,direct-hls,true,true,retest-existing-hls,,,https://z3.ubtvfans.com/live/rx4/2233/874856482f737e1c197e77e2e8913723/index.m3u8
paramount,Paramount,法國頻道,sources/live-cleaned-backup.txt,durable-cleaned-backup-hls,Paramount,z3.ubtvfans.com,direct-hls,true,true,retest-existing-hls,,,https://z3.ubtvfans.com/live/rx4/2233/874856482f737e1c197e77e2e8913723/index.m3u8
parispremiere,Paris premiere,法國頻道,sources/live-base.txt,durable-base-hls,Paris premiere,z3.ubtvfans.com,direct-hls,true,true,retest-existing-hls,,,https://z3.ubtvfans.com/live/rx4/2235/1d8452c17720ced6bb83dc908b2d2ed0/index.m3u8
parispremiere,Paris premiere,法國頻道,sources/live-cleaned-backup.txt,durable-cleaned-backup-hls,Paris premiere,z3.ubtvfans.com,direct-hls,true,true,retest-existing-hls,,,https://z3.ubtvfans.com/live/rx4/2235/1d8452c17720ced6bb83dc908b2d2ed0/index.m3u8
parliamenttv,Parliament TV,澳洲,sources/live-base.txt,durable-base-hls,Parliament TV,z3.ubtvfans.com,direct-hls,true,true,retest-existing-hls,,,https://z3.ubtvfans.com/live/rx2/2407/46cfaa336e7465a31b82c56b56ded281/index.m3u8
parliamenttv,Parliament TV,澳洲,sources/live-cleaned-backup.txt,durable-cleaned-backup-hls,Parliament TV,z3.ubtvfans.com,direct-hls,true,true,retest-existing-hls,,,https://z3.ubtvfans.com/live/rx2/2407/46cfaa336e7465a31b82c56b56ded281/index.m3u8
pawleysisland,Pawleys Island,美國頻道,sources/live-base.txt,durable-base-hls,Pawleys Island,z3.ubtvfans.com,direct-hls,true,true,retest-existing-hls,,,https://z3.ubtvfans.com/live/rx5/1057/4304885949607c330c0682a28815d5bb/index.m3u8
pawleysisland,Pawleys Island,美國頻道,sources/live-cleaned-backup.txt,durable-cleaned-backup-hls,Pawleys Island,z3.ubtvfans.com,direct-hls,true,true,retest-existing-hls,,,https://z3.ubtvfans.com/live/rx5/1057/4304885949607c330c0682a28815d5bb/index.m3u8
pick,Pick,英國頻道,sources/live-base.txt,durable-base-hls,Pick,z3.ubtvfans.com,direct-hls,true,true,retest-existing-hls,,,https://z3.ubtvfans.com/live/rx3/1433/245a94ac512472df802e384d800c1712/index.m3u8
pick,Pick,英國頻道,sources/live-cleaned-backup.txt,durable-cleaned-backup-hls,Pick,z3.ubtvfans.com,direct-hls,true,true,retest-existing-hls,,,https://z3.ubtvfans.com/live/rx3/1433/245a94ac512472df802e384d800c1712/index.m3u8
picture,Picture,भारत,sources/live-base.txt,durable-base-hls,Picture,z3.ubtvfans.com,direct-hls,true,true,retest-existing-hls,,,https://z3.ubtvfans.com/live/rx5/1470/9f424a44c3be1b8927f6fb6c9444ad00/index.m3u8
picture,Picture,भारत,sources/live-cleaned-backup.txt,durable-cleaned-backup-hls,Picture,z3.ubtvfans.com,direct-hls,true,true,retest-existing-hls,,,https://z3.ubtvfans.com/live/rx5/1470/9f424a44c3be1b8927f6fb6c9444ad00/index.m3u8
policetv,Police TV,泰國頻道,sources/live-base.txt,durable-base-hls,Police TV,z3.ubtvfans.com,direct-hls,true,true,retest-existing-hls,,,https://z3.ubtvfans.com/live/rx4/2242/99406ac025399b8c922f847f416ed4d8/index.m3u8
policetv,Police TV,泰國頻道,sources/live-cleaned-backup.txt,durable-cleaned-backup-hls,Police TV,z3.ubtvfans.com,direct-hls,true,true,retest-existing-hls,,,https://z3.ubtvfans.com/live/rx4/2242/99406ac025399b8c922f847f416ed4d8/index.m3u8
pptv,PPTV_HD,泰國頻道,sources/live-base.txt,durable-base-hls,PPTV_HD,z3.ubtvfans.com,direct-hls,true,true,retest-existing-hls,,,https://z3.ubtvfans.com/live/rx2/2331/eb911db125f6e624d1c64467b98c4d2b/index.m3u8
pptv,PPTV_HD,泰國頻道,sources/live-base.txt,durable-base-hls,PPTV,z3.ubtvfans.com,direct-hls,true,true,retest-existing-hls,,,https://z3.ubtvfans.com/live/rx2/2319/aab4dd57b6c71a674ddf060e106842d1/index.m3u8
pptv,PPTV_HD,泰國頻道,sources/live-cleaned-backup.txt,durable-cleaned-backup-hls,PPTV_HD,z3.ubtvfans.com,direct-hls,true,true,retest-existing-hls,,,https://z3.ubtvfans.com/live/rx2/2331/eb911db125f6e624d1c64467b98c4d2b/index.m3u8
pptv,PPTV_HD,泰國頻道,sources/live-cleaned-backup.txt,durable-cleaned-backup-hls,PPTV,z3.ubtvfans.com,direct-hls,true,true,retest-existing-hls,,,https://z3.ubtvfans.com/live/rx2/2319/aab4dd57b6c71a674ddf060e106842d1/index.m3u8
premiersports,Premier Sports,菲律賓,sources/live-base.txt,durable-base-hls,Premier Sports,z3.ubtvfans.com,direct-hls,true,true,retest-existing-hls,,,https://z3.ubtvfans.com/live/rx4/1554/1a4c6152b796cd2942945fdf0a760dfd/index.m3u8
premiersports,Premier Sports,菲律賓,sources/live-cleaned-backup.txt,durable-cleaned-backup-hls,Premier Sports,z3.ubtvfans.com,direct-hls,true,true,retest-existing-hls,,,https://z3.ubtvfans.com/live/rx4/1554/1a4c6152b796cd2942945fdf0a760dfd/index.m3u8
premiersports2,Premier Sports 2,菲律賓,sources/live-base.txt,durable-base-hls,Premier Sports 2,z3.ubtvfans.com,direct-hls,true,true,retest-existing-hls,,,https://z3.ubtvfans.com/live/rx1/1544/119aaf1c76f7c1749e6de0f567cc204c/index.m3u8
premiersports2,Premier Sports 2,菲律賓,sources/live-cleaned-backup.txt,durable-cleaned-backup-hls,Premier Sports 2,z3.ubtvfans.com,direct-hls,true,true,retest-existing-hls,,,https://z3.ubtvfans.com/live/rx1/1544/119aaf1c76f7c1749e6de0f567cc204c/index.m3u8
premiersp,Premiersp,英國頻道,sources/live-base.txt,durable-base-hls,Premiersp,z3.ubtvfans.com,direct-hls,true,true,retest-existing-hls,,,https://z3.ubtvfans.com/live/rx4/1411/db4dddaa2b91ee0010ee5e5720d4f71c/index.m3u8
premiersp,Premiersp,英國頻道,sources/live-cleaned-backup.txt,durable-cleaned-backup-hls,Premiersp,z3.ubtvfans.com,direct-hls,true,true,retest-existing-hls,,,https://z3.ubtvfans.com/live/rx4/1411/db4dddaa2b91ee0010ee5e5720d4f71c/index.m3u8
prima,PRIMA,新馬頻道,sources/live-base.txt,durable-base-hls,PRIMA,z3.ubtvfans.com,direct-hls,true,true,retest-existing-hls,,,https://z3.ubtvfans.com/live/rx3/1448/7c0e268d6e036c8a74aac48fd2e63f82/index.m3u8
prima,PRIMA,新馬頻道,sources/live-cleaned-backup.txt,durable-cleaned-backup-hls,PRIMA,z3.ubtvfans.com,direct-hls,true,true,retest-existing-hls,,,https://z3.ubtvfans.com/live/rx3/1448/7c0e268d6e036c8a74aac48fd2e63f82/index.m3u8
prosport,PRO Sport,體育頻道,sources/live-base.txt,durable-base-hls,PRO Sport,z3.ubtvfans.com,direct-hls,true,true,retest-existing-hls,,,https://z3.ubtvfans.com/live/rx3/1015/9dbe5c7d4fe4cb2a8a950514bb162a2a/index.m3u8
prosport,PRO Sport,體育頻道,sources/live-cleaned-backup.txt,durable-cleaned-backup-hls,PRO Sport,z3.ubtvfans.com,direct-hls,true,true,retest-existing-hls,,,https://z3.ubtvfans.com/live/rx3/1015/9dbe5c7d4fe4cb2a8a950514bb162a2a/index.m3u8
projectrunway,Project Runway,紀實頻道,sources/live-base.txt,durable-base-hls,Project Runway,z3.ubtvfans.com,direct-hls,true,true,retest-existing-hls,,,https://z3.ubtvfans.com/live/rx4/2416/76f014a0590e7f099ad44619f8542c5f/index.m3u8
projectrunway,Project Runway,紀實頻道,sources/live-cleaned-backup.txt,durable-cleaned-backup-hls,Project Runway,z3.ubtvfans.com,direct-hls,true,true,retest-existing-hls,,,https://z3.ubtvfans.com/live/rx4/2416/76f014a0590e7f099ad44619f8542c5f/index.m3u8
ptv4,PTV 4,菲律賓,sources/live-base.txt,durable-base-hls,PTV 4,z3.ubtvfans.com,direct-hls,true,true,retest-existing-hls,,,https://z3.ubtvfans.com/live/rx1/2441/d69488bfd1d210a89cadf10cadba3207/index.m3u8
ptv4,PTV 4,菲律賓,sources/live-cleaned-backup.txt,durable-cleaned-backup-hls,PTV 4,z3.ubtvfans.com,direct-hls,true,true,retest-existing-hls,,,https://z3.ubtvfans.com/live/rx1/2441/d69488bfd1d210a89cadf10cadba3207/index.m3u8
quest,Quest,英國頻道,sources/live-base.txt,durable-base-hls,Quest,z3.ubtvfans.com,direct-hls,true,true,retest-existing-hls,,,https://z3.ubtvfans.com/live/rx3/1436/92bcf64b1497eadde5de8f83e95f2666/index.m3u8
quest,Quest,英國頻道,sources/live-cleaned-backup.txt,durable-cleaned-backup-hls,Quest,z3.ubtvfans.com,direct-hls,true,true,retest-existing-hls,,,https://z3.ubtvfans.com/live/rx3/1436/92bcf64b1497eadde5de8f83e95f2666/index.m3u8
questred,questred,Verified Fastest | 體育頻道,sources/live-base.txt,durable-base-hls,questred,z3.ubtvfans.com,direct-hls,true,true,retest-existing-hls,,,https://z3.ubtvfans.com/live/rx3/3282/1a541f9760dfb1b458f6a41eb9630752/index.m3u8
questred,questred,Verified Fastest | 體育頻道,sources/live-base.txt,durable-base-hls,questred,z3.ubtvfans.com,direct-hls,true,true,retest-existing-hls,,,https://z3.ubtvfans.com/live/rx3/3282/1a541f9760dfb1b458f6a41eb9630752/index.m3u8
questred,questred,Verified Fastest | 體育頻道,sources/live-cleaned-backup.txt,durable-cleaned-backup-hls,questred,z3.ubtvfans.com,direct-hls,true,true,retest-existing-hls,,,https://z3.ubtvfans.com/live/rx3/3282/1a541f9760dfb1b458f6a41eb9630752/index.m3u8
qvcライブ,QVCライブ,にっぽん,sources/live-base.txt,durable-base-hls,QVCライブ,z3.ubtvfans.com,direct-hls,true,true,retest-existing-hls,,,https://z3.ubtvfans.com/live/rx1/2218/97ce4ee9424a701137295cdaec5da6e1/index.m3u8
qvcライブ,QVCライブ,にっぽん,sources/live-cleaned-backup.txt,durable-cleaned-backup-hls,QVCライブ,z3.ubtvfans.com,direct-hls,true,true,retest-existing-hls,,,https://z3.ubtvfans.com/live/rx1/2218/97ce4ee9424a701137295cdaec5da6e1/index.m3u8
rajmusix,Raj Musix,भारत,sources/live-base.txt,durable-base-hls,Raj Musix,z3.ubtvfans.com,direct-hls,true,true,retest-existing-hls,,,https://z3.ubtvfans.com/live/rx5/1463/99327cd8bce92ccf461826a6929cd092/index.m3u8
rajmusix,Raj Musix,भारत,sources/live-cleaned-backup.txt,durable-cleaned-backup-hls,Raj Musix,z3.ubtvfans.com,direct-hls,true,true,retest-existing-hls,,,https://z3.ubtvfans.com/live/rx5/1463/99327cd8bce92ccf461826a6929cd092/index.m3u8
rcm,RCM,影視頻道,sources/live-base.txt,durable-base-hls,RCM,z3.ubtvfans.com,direct-hls,true,true,retest-existing-hls,,,https://z3.ubtvfans.com/live/rx3/2415/246cfe740f6949d594f3b54aab88ea22/index.m3u8
rcm,RCM,影視頻道,sources/live-cleaned-backup.txt,durable-cleaned-backup-hls,RCM,z3.ubtvfans.com,direct-hls,true,true,retest-existing-hls,,,https://z3.ubtvfans.com/live/rx3/2415/246cfe740f6949d594f3b54aab88ea22/index.m3u8
rcti,Rcti,Verified Fastest | 印尼頻道,sources/live-base.txt,durable-base-hls,Rcti,z3.ubtvfans.com,direct-hls,true,true,retest-existing-hls,,,https://z3.ubtvfans.com/live/rx6/2734/6879828605d8b758d5ef3c9fb8ab9250/index.m3u8
rcti,Rcti,Verified Fastest | 印尼頻道,sources/live-base.txt,durable-base-hls,Rcti,z3.ubtvfans.com,direct-hls,true,true,retest-existing-hls,,,https://z3.ubtvfans.com/live/rx6/2734/6879828605d8b758d5ef3c9fb8ab9250/index.m3u8
rcti,Rcti,Verified Fastest | 印尼頻道,sources/live-cleaned-backup.txt,durable-cleaned-backup-hls,Rcti,z3.ubtvfans.com,direct-hls,true,true,retest-existing-hls,,,https://z3.ubtvfans.com/live/rx6/2734/6879828605d8b758d5ef3c9fb8ab9250/index.m3u8
reallive,Real live,英國頻道,sources/live-base.txt,durable-base-hls,Real live,z3.ubtvfans.com,direct-hls,true,true,retest-existing-hls,,,https://z3.ubtvfans.com/live/rx3/1428/d9da825c12a09254bd5cda3c17cbac1f/index.m3u8
reallive,Real live,英國頻道,sources/live-cleaned-backup.txt,durable-cleaned-backup-hls,Real live,z3.ubtvfans.com,direct-hls,true,true,retest-existing-hls,,,https://z3.ubtvfans.com/live/rx3/1428/d9da825c12a09254bd5cda3c17cbac1f/index.m3u8
record,Record,巴西,sources/live-base.txt,durable-base-hls,Record,z3.ubtvfans.com,direct-hls,true,true,retest-existing-hls,,,https://z3.ubtvfans.com/live/rx2/1746/17b328c8fcb2e951b700abf62d6fcbb3/index.m3u8
record,Record,巴西,sources/live-cleaned-backup.txt,durable-cleaned-backup-hls,Record,z3.ubtvfans.com,direct-hls,true,true,retest-existing-hls,,,https://z3.ubtvfans.com/live/rx2/1746/17b328c8fcb2e951b700abf62d6fcbb3/index.m3u8
redetv,Rede TV,巴西,sources/live-base.txt,durable-base-hls,Rede TV,z3.ubtvfans.com,direct-hls,true,true,retest-existing-hls,,,https://z3.ubtvfans.com/live/rx2/1728/12050b2a7886f68d865057afccef38c4/index.m3u8
redetv,Rede TV,巴西,sources/live-cleaned-backup.txt,durable-cleaned-backup-hls,Rede TV,z3.ubtvfans.com,direct-hls,true,true,retest-existing-hls,,,https://z3.ubtvfans.com/live/rx2/1728/12050b2a7886f68d865057afccef38c4/index.m3u8
regiotvbodensee,Regio TV Bodensee,德國頻道,sources/live-base.txt,durable-base-hls,Regio TV Bodensee,z3.ubtvfans.com,direct-hls,true,true,retest-existing-hls,,,https://z3.ubtvfans.com/live/rx6/457/c65d63cdc7ec7ee8f563854bc8357acf/index.m3u8
regiotvbodensee,Regio TV Bodensee,德國頻道,sources/live-cleaned-backup.txt,durable-cleaned-backup-hls,Regio TV Bodensee,z3.ubtvfans.com,direct-hls,true,true,retest-existing-hls,,,https://z3.ubtvfans.com/live/rx6/457/c65d63cdc7ec7ee8f563854bc8357acf/index.m3u8
regiotvschwaben,Regio TV Schwaben,德國頻道,sources/live-base.txt,durable-base-hls,Regio TV Schwaben,z3.ubtvfans.com,direct-hls,true,true,retest-existing-hls,,,https://z3.ubtvfans.com/live/rx3/416/e371506f647617bb40b54bc368fee3ed/index.m3u8
regiotvschwaben,Regio TV Schwaben,德國頻道,sources/live-cleaned-backup.txt,durable-cleaned-backup-hls,Regio TV Schwaben,z3.ubtvfans.com,direct-hls,true,true,retest-existing-hls,,,https://z3.ubtvfans.com/live/rx3/416/e371506f647617bb40b54bc368fee3ed/index.m3u8
regiotvstuttgart,Regio TV Stuttgart,德國頻道,sources/live-base.txt,durable-base-hls,Regio TV Stuttgart,z3.ubtvfans.com,direct-hls,true,true,retest-existing-hls,,,https://z3.ubtvfans.com/live/rx6/453/d01e9969a91d344bb8a5d40f43b30154/index.m3u8
regiotvstuttgart,Regio TV Stuttgart,德國頻道,sources/live-cleaned-backup.txt,durable-cleaned-backup-hls,Regio TV Stuttgart,z3.ubtvfans.com,direct-hls,true,true,retest-existing-hls,,,https://z3.ubtvfans.com/live/rx6/453/d01e9969a91d344bb8a5d40f43b30154/index.m3u8
rightnow,Right Now,美國頻道,sources/live-base.txt,durable-base-hls,Right Now,z3.ubtvfans.com,direct-hls,true,true,retest-existing-hls,,,https://z3.ubtvfans.com/live/rx5/144/3285172f6e8c7c79e730dac7af3ee9c7/index.m3u8
rightnow,Right Now,美國頻道,sources/live-cleaned-backup.txt,durable-cleaned-backup-hls,Right Now,z3.ubtvfans.com,direct-hls,true,true,retest-existing-hls,,,https://z3.ubtvfans.com/live/rx5/144/3285172f6e8c7c79e730dac7af3ee9c7/index.m3u8
rtdocumentary,RT Documentary,俄羅斯,sources/live-base.txt,durable-base-hls,RT Documentary,z3.ubtvfans.com,direct-hls,true,true,retest-existing-hls,,,https://z3.ubtvfans.com/live/rx5/2611/086901db8c056ddd15d318975822d29d/index.m3u8
rtdocumentary,RT Documentary,俄羅斯,sources/live-cleaned-backup.txt,durable-cleaned-backup-hls,RT Documentary,z3.ubtvfans.com,direct-hls,true,true,retest-existing-hls,,,https://z3.ubtvfans.com/live/rx5/2611/086901db8c056ddd15d318975822d29d/index.m3u8
rtnews,RT News,俄羅斯,sources/live-base.txt,durable-base-hls,RT News,z3.ubtvfans.com,direct-hls,true,true,retest-existing-hls,,,https://z3.ubtvfans.com/live/rx1/2564/7ba642a8e1a5b30d89d9aaadccfa1483/index.m3u8
rtnews,RT News,俄羅斯,sources/live-cleaned-backup.txt,durable-cleaned-backup-hls,RT News,z3.ubtvfans.com,direct-hls,true,true,retest-existing-hls,,,https://z3.ubtvfans.com/live/rx1/2564/7ba642a8e1a5b30d89d9aaadccfa1483/index.m3u8
rte1,Rte1,英國頻道,sources/live-base.txt,durable-base-hls,Rte1,z3.ubtvfans.com,direct-hls,true,true,retest-existing-hls,,,https://z3.ubtvfans.com/live/rx4/1409/1244cff622e50bcb95e5cc36d9ef0e26/index.m3u8
rte1,Rte1,英國頻道,sources/live-cleaned-backup.txt,durable-cleaned-backup-hls,Rte1,z3.ubtvfans.com,direct-hls,true,true,retest-existing-hls,,,https://z3.ubtvfans.com/live/rx4/1409/1244cff622e50bcb95e5cc36d9ef0e26/index.m3u8
rte2,Rte2,英國頻道,sources/live-base.txt,durable-base-hls,Rte2,z3.ubtvfans.com,direct-hls,true,true,retest-existing-hls,,,https://z3.ubtvfans.com/live/rx4/1410/de105a20062366a8e06fed216f38df6b/index.m3u8
rte2,Rte2,英國頻道,sources/live-cleaned-backup.txt,durable-cleaned-backup-hls,Rte2,z3.ubtvfans.com,direct-hls,true,true,retest-existing-hls,,,https://z3.ubtvfans.com/live/rx4/1410/de105a20062366a8e06fed216f38df6b/index.m3u8
sbn全球財經,SBN全球財經,新聞頻道,sources/live-base.txt,durable-base-hls,SBN全球財經,z3.ubtvfans.com,direct-hls,true,true,retest-existing-hls,,,https://z3.ubtvfans.com/live/rx4/1497/bf313d3683ebeac488eb6eb85bd63389/index.m3u8
sbn全球財經,SBN全球財經,新聞頻道,sources/live-cleaned-backup.txt,durable-cleaned-backup-hls,SBN全球財經,z3.ubtvfans.com,direct-hls,true,true,retest-existing-hls,,,https://z3.ubtvfans.com/live/rx4/1497/bf313d3683ebeac488eb6eb85bd63389/index.m3u8
sbs,SBS,한국,sources/live-base.txt,durable-base-hls,SBS,z3.ubtvfans.com,direct-hls,true,true,retest-existing-hls,,,https://z3.ubtvfans.com/live/rx4/3107/8e3172474144d871a1ef5e24d095596d/index.m3u8
sbs,SBS,한국,sources/live-base.txt,durable-base-hls,SBS,z3.ubtvfans.com,direct-hls,true,true,retest-existing-hls,,,https://z3.ubtvfans.com/live/rx4/252/3d519f2499cad7dff069edf0dbec060f/index.m3u8
sbs,SBS,한국,sources/live-cleaned-backup.txt,durable-cleaned-backup-hls,SBS,z3.ubtvfans.com,direct-hls,true,true,retest-existing-hls,,,https://z3.ubtvfans.com/live/rx4/252/3d519f2499cad7dff069edf0dbec060f/index.m3u8
sbs,SBS,한국,sources/live-cleaned-backup.txt,durable-cleaned-backup-hls,SBS,z3.ubtvfans.com,direct-hls,true,true,retest-existing-hls,,,https://z3.ubtvfans.com/live/rx4/3107/8e3172474144d871a1ef5e24d095596d/index.m3u8
sbsbiz,SBS BIZ,한국,sources/live-base.txt,durable-base-hls,SBS BIZ,z3.ubtvfans.com,direct-hls,true,true,retest-existing-hls,,,https://z3.ubtvfans.com/live/rx4/3201/52f3cfe6e6d51cd4475f410889572484/index.m3u8
sbsbiz,SBS BIZ,한국,sources/live-cleaned-backup.txt,durable-cleaned-backup-hls,SBS BIZ,z3.ubtvfans.com,direct-hls,true,true,retest-existing-hls,,,https://z3.ubtvfans.com/live/rx4/3201/52f3cfe6e6d51cd4475f410889572484/index.m3u8
sbsgolf,SBS Golf,한국,sources/live-base.txt,durable-base-hls,SBS Golf,z3.ubtvfans.com,direct-hls,true,true,retest-existing-hls,,,https://z3.ubtvfans.com/live/rx4/3170/c084cf3ce4f4f0845ebd4117885bdce6/index.m3u8
sbsgolf,SBS Golf,한국,sources/live-cleaned-backup.txt,durable-cleaned-backup-hls,SBS Golf,z3.ubtvfans.com,direct-hls,true,true,retest-existing-hls,,,https://z3.ubtvfans.com/live/rx4/3170/c084cf3ce4f4f0845ebd4117885bdce6/index.m3u8
sbsrunningman,SBS Running Man,YouTube韓綜娛樂,sources/youtube-live-channels.csv,durable-youtube-page,SBS Running Man,www.youtube.com,youtube-page,true,true,resolve-with-yt-dlp,,lDcWeklf6DI,https://www.youtube.com/watch?v=lDcWeklf6DI
sbsrunningman,SBS Running Man,YouTube韓綜娛樂,sources/live-youtube-stable.txt,generated-youtube-hls,096 SBS Running Man,manifest.googlevideo.com,youtube-generated-hls,false,false,generated-short-lived,2026-06-22T21:51:30.000Z,lDcWeklf6DI,"https://manifest.googlevideo.com/api/manifest/hls_playlist/expire/1782165090/ei/Alo5aurzLa6AvcAPi9uDsQs/ip/114.42.199.53/id/lDcWeklf6DI.4/itag/94/source/yt_live_broadcast/requiressl/yes/ratebypass/yes/live/1/sgoap/gir%3Dyes%3Bitag%3D140/sgovp/gir%3Dyes%3Bitag%3D135/rqh/1/hls_chunk_host/rr1---sn-ipoxu-umbk.googlevideo.com/xpc/EgVo2aDSNQ%3D%3D/bui/ARmQxEVBB9CUHpHwsGp2qnrxjke1N7nL0lqm6xALCGmEubqXRsrWQvHwOivMErK8WuQVukBzE5TFHD7X/spc/SQ-umnJfSnN-Yfl4mQLR3sQNgz7TT53Mujq4CGU9wl_MHJ_x9A/vprv/1/reg/0/playlist_type/DVR/initcwndbps/2968750/met/1782143490,/mh/V9/mm/44/mn/sn-ipoxu-umbk/ms/lva/mv/m/mvi/1/pl/24/rms/lva,lva/dover/11/pacing/0/keepalive/yes/fexp/51565116,51565682,51987687/mt/1782143091/sparams/expire,ei,ip,id,itag,source,requiressl,ratebypass,live,sgoap,sgovp,rqh,xpc,bui,spc,vprv,reg,playlist_type/sig/AHEqNM4wRAIgVHrYKBprg8nzGrQ5p5kbI9aVVNDc7WXW0U40PDIVF8UCIH5a0Zdn0hkRWN0DYrveqa73c4gTgRWPTIBtyQQgcBXp/lsparams/hls_chunk_host,initcwndbps,met,mh,mm,mn,ms,mv,mvi,pl,rms/lsig/APaTxxMwRQIhAPxnO5l6QcBkqR6GGXaq4ipO9GXTaZ9mcRlLZqH32yvjAiAODR9X98lZxMTrtf9QRO7uuVxipZdZnTYY0vIkCCep0g%3D%3D/playlist/index.m3u8"
sbssports,SBS Sports,한국,sources/live-base.txt,durable-base-hls,SBS Sports,z3.ubtvfans.com,direct-hls,true,true,retest-existing-hls,,,https://z3.ubtvfans.com/live/rx4/3199/b66f17e02891308d87a70c1dfa640b19/index.m3u8
sbssports,SBS Sports,한국,sources/live-cleaned-backup.txt,durable-cleaned-backup-hls,SBS Sports,z3.ubtvfans.com,direct-hls,true,true,retest-existing-hls,,,https://z3.ubtvfans.com/live/rx4/3199/b66f17e02891308d87a70c1dfa640b19/index.m3u8
screen,SCREEN,한국,sources/live-base.txt,durable-base-hls,SCREEN,z3.ubtvfans.com,direct-hls,true,true,retest-existing-hls,,,https://z3.ubtvfans.com/live/rx4/3153/5755e78355db35ddf8337ab468e4aaed/index.m3u8
screen,SCREEN,한국,sources/live-cleaned-backup.txt,durable-cleaned-backup-hls,SCREEN,z3.ubtvfans.com,direct-hls,true,true,retest-existing-hls,,,https://z3.ubtvfans.com/live/rx4/3153/5755e78355db35ddf8337ab468e4aaed/index.m3u8
sctv,SCTV,印尼頻道,sources/live-base.txt,durable-base-hls,SCTV,z3.ubtvfans.com,direct-hls,true,true,retest-existing-hls,,,https://z3.ubtvfans.com/live/rx6/1480/00c0b87a24bc52dd05055e9c8bcb2189/index.m3u8
sctv,SCTV,印尼頻道,sources/live-cleaned-backup.txt,durable-cleaned-backup-hls,SCTV,z3.ubtvfans.com,direct-hls,true,true,retest-existing-hls,,,https://z3.ubtvfans.com/live/rx6/1480/00c0b87a24bc52dd05055e9c8bcb2189/index.m3u8
secnetwork,SEC Network,美國頻道,sources/live-base.txt,durable-base-hls,SEC Network,z3.ubtvfans.com,direct-hls,true,true,retest-existing-hls,,,https://z3.ubtvfans.com/live/rx6/1369/ec9cdc0393e67a2e4d0397d6c277d8b2/index.m3u8
secnetwork,SEC Network,美國頻道,sources/live-cleaned-backup.txt,durable-cleaned-backup-hls,SEC Network,z3.ubtvfans.com,direct-hls,true,true,retest-existing-hls,,,https://z3.ubtvfans.com/live/rx6/1369/ec9cdc0393e67a2e4d0397d6c277d8b2/index.m3u8
shop,SHOP,にっぽん,sources/live-base.txt,durable-base-hls,SHOP,z3.ubtvfans.com,direct-hls,true,true,retest-existing-hls,,,https://z3.ubtvfans.com/live/rx1/3214/b9bc27e40df7a87f85a24e9ad7217c5a/index.m3u8
shop,SHOP,にっぽん,sources/live-cleaned-backup.txt,durable-cleaned-backup-hls,SHOP,z3.ubtvfans.com,direct-hls,true,true,retest-existing-hls,,,https://z3.ubtvfans.com/live/rx1/3214/b9bc27e40df7a87f85a24e9ad7217c5a/index.m3u8
shoutmst3k電影劇場,Shout MST3K 電影劇場,YouTube電影劇集,sources/youtube-live-channels.csv,durable-youtube-page,Shout MST3K 電影劇場,www.youtube.com,youtube-page,true,true,resolve-with-yt-dlp,,DcXiauXqrPM,https://www.youtube.com/watch?v=DcXiauXqrPM
showcaseus,ShowCase US,美國頻道,sources/live-base.txt,durable-base-hls,ShowCase US,z3.ubtvfans.com,direct-hls,true,true,retest-existing-hls,,,https://z3.ubtvfans.com/live/rx3/1116/44014562b0c5d3659e4897254cd14c0a/index.m3u8
showcaseus,ShowCase US,美國頻道,sources/live-cleaned-backup.txt,durable-cleaned-backup-hls,ShowCase US,z3.ubtvfans.com,direct-hls,true,true,retest-existing-hls,,,https://z3.ubtvfans.com/live/rx3/1116/44014562b0c5d3659e4897254cd14c0a/index.m3u8
showtime,Showtime,美國頻道,sources/live-base.txt,durable-base-hls,Showtime,z3.ubtvfans.com,direct-hls,true,true,retest-existing-hls,,,https://z3.ubtvfans.com/live/rx5/1568/1dfd79939f71fc94991be79e95870430/index.m3u8
showtime,Showtime,美國頻道,sources/live-cleaned-backup.txt,durable-cleaned-backup-hls,Showtime,z3.ubtvfans.com,direct-hls,true,true,retest-existing-hls,,,https://z3.ubtvfans.com/live/rx5/1568/1dfd79939f71fc94991be79e95870430/index.m3u8
showtime2,ShowTime 2,美國頻道,sources/live-base.txt,durable-base-hls,ShowTime 2,z3.ubtvfans.com,direct-hls,true,true,retest-existing-hls,,,https://z3.ubtvfans.com/live/rx3/1115/5b78e2268faa60121f12bffa5ea314d0/index.m3u8
showtime2,ShowTime 2,美國頻道,sources/live-cleaned-backup.txt,durable-cleaned-backup-hls,ShowTime 2,z3.ubtvfans.com,direct-hls,true,true,retest-existing-hls,,,https://z3.ubtvfans.com/live/rx3/1115/5b78e2268faa60121f12bffa5ea314d0/index.m3u8
skycalcio,Sky Calcio,意大利,sources/live-base.txt,durable-base-hls,Sky Calcio,z3.ubtvfans.com,direct-hls,true,true,retest-existing-hls,,,https://z3.ubtvfans.com/live/rx5/2737/6622b2b6ada4deacd26b8fad59657167/index.m3u8
skycalcio,Sky Calcio,意大利,sources/live-cleaned-backup.txt,durable-cleaned-backup-hls,Sky Calcio,z3.ubtvfans.com,direct-hls,true,true,retest-existing-hls,,,https://z3.ubtvfans.com/live/rx5/2737/6622b2b6ada4deacd26b8fad59657167/index.m3u8
skyf1,SKY F1,體育頻道,sources/live-base.txt,durable-base-hls,SKY F1,z3.ubtvfans.com,direct-hls,true,true,retest-existing-hls,,,https://z3.ubtvfans.com/live/rx4/2740/3c9ada9c6f753c51ea8f61181ee93c3c/index.m3u8
skyf1,SKY F1,體育頻道,sources/live-cleaned-backup.txt,durable-cleaned-backup-hls,SKY F1,z3.ubtvfans.com,direct-hls,true,true,retest-existing-hls,,,https://z3.ubtvfans.com/live/rx4/2740/3c9ada9c6f753c51ea8f61181ee93c3c/index.m3u8
skygreats,sky greats,體育頻道,sources/live-base.txt,durable-base-hls,sky greats,z3.ubtvfans.com,direct-hls,true,true,retest-existing-hls,,,https://z3.ubtvfans.com/live/rx3/3243/41380ddd739c9bd57470b2cbcc01e0fd/index.m3u8
skygreats,sky greats,體育頻道,sources/live-cleaned-backup.txt,durable-cleaned-backup-hls,sky greats,z3.ubtvfans.com,direct-hls,true,true,retest-existing-hls,,,https://z3.ubtvfans.com/live/rx3/3243/41380ddd739c9bd57470b2cbcc01e0fd/index.m3u8
skynews,sky news hd,體育頻道 | 英國頻道 | YouTube國際新聞,sources/live-base.txt,durable-base-hls,sky news hd,z3.ubtvfans.com,direct-hls,true,true,retest-existing-hls,,,https://z3.ubtvfans.com/live/rx3/2779/bca669734f143414868601d583a346ad/index.m3u8
skynews,sky news hd,體育頻道 | 英國頻道 | YouTube國際新聞,sources/live-base.txt,durable-base-hls,Sky News,z3.ubtvfans.com,direct-hls,true,true,retest-existing-hls,,,https://z3.ubtvfans.com/live/rx5/169/5f44bd57ab77414e5de9e246c4d19bc4/index.m3u8
skynews,sky news hd,體育頻道 | 英國頻道 | YouTube國際新聞,sources/live-cleaned-backup.txt,durable-cleaned-backup-hls,sky news hd,z3.ubtvfans.com,direct-hls,true,true,retest-existing-hls,,,https://z3.ubtvfans.com/live/rx3/2779/bca669734f143414868601d583a346ad/index.m3u8
skynews,sky news hd,體育頻道 | 英國頻道 | YouTube國際新聞,sources/live-cleaned-backup.txt,durable-cleaned-backup-hls,Sky News,z3.ubtvfans.com,direct-hls,true,true,retest-existing-hls,,,https://z3.ubtvfans.com/live/rx5/169/5f44bd57ab77414e5de9e246c4d19bc4/index.m3u8
skynews,sky news hd,體育頻道 | 英國頻道 | YouTube國際新聞,sources/youtube-live-channels.csv,durable-youtube-page,Sky News,www.youtube.com,youtube-page,true,true,resolve-with-yt-dlp,,paEJskVBz_M,https://www.youtube.com/watch?v=paEJskVBz_M
skyracing1,Sky racing 1,體育頻道,sources/live-base.txt,durable-base-hls,Sky racing 1,z3.ubtvfans.com,direct-hls,true,true,retest-existing-hls,,,https://z3.ubtvfans.com/live/rx2/2414/50fa5796640f21fa79b1caf9978abee0/index.m3u8
skyracing1,Sky racing 1,體育頻道,sources/live-cleaned-backup.txt,durable-cleaned-backup-hls,Sky racing 1,z3.ubtvfans.com,direct-hls,true,true,retest-existing-hls,,,https://z3.ubtvfans.com/live/rx2/2414/50fa5796640f21fa79b1caf9978abee0/index.m3u8
skyracing2,Sky Racing 2,體育頻道,sources/live-base.txt,durable-base-hls,Sky Racing 2,z3.ubtvfans.com,direct-hls,true,true,retest-existing-hls,,,https://z3.ubtvfans.com/live/rx2/2413/7c851887d9c8cc86b875406dd71a446b/index.m3u8
skyracing2,Sky Racing 2,體育頻道,sources/live-cleaned-backup.txt,durable-cleaned-backup-hls,Sky Racing 2,z3.ubtvfans.com,direct-hls,true,true,retest-existing-hls,,,https://z3.ubtvfans.com/live/rx2/2413/7c851887d9c8cc86b875406dd71a446b/index.m3u8
skysport2,Sky Sport 2,體育頻道,sources/live-base.txt,durable-base-hls,Sky Sport 2,z3.ubtvfans.com,direct-hls,true,true,retest-existing-hls,,,https://z3.ubtvfans.com/live/rx5/171/dc8418d53c44a031ee69eb09bda25407/index.m3u8
skysport2,Sky Sport 2,體育頻道,sources/live-cleaned-backup.txt,durable-cleaned-backup-hls,Sky Sport 2,z3.ubtvfans.com,direct-hls,true,true,retest-existing-hls,,,https://z3.ubtvfans.com/live/rx5/171/dc8418d53c44a031ee69eb09bda25407/index.m3u8
skysport3,Sky Sport 3,體育頻道,sources/live-base.txt,durable-base-hls,Sky Sport 3,z3.ubtvfans.com,direct-hls,true,true,retest-existing-hls,,,https://z3.ubtvfans.com/live/rx5/183/03dd2568044ef7b3a1a22df3b17ecae8/index.m3u8
skysport3,Sky Sport 3,體育頻道,sources/live-cleaned-backup.txt,durable-cleaned-backup-hls,Sky Sport 3,z3.ubtvfans.com,direct-hls,true,true,retest-existing-hls,,,https://z3.ubtvfans.com/live/rx5/183/03dd2568044ef7b3a1a22df3b17ecae8/index.m3u8
skysport4,Sky Sport 4,體育頻道,sources/live-base.txt,durable-base-hls,Sky Sport 4,z3.ubtvfans.com,direct-hls,true,true,retest-existing-hls,,,https://z3.ubtvfans.com/live/rx5/417/77dd4c66bdfdd9c827f5258a265bdf58/index.m3u8
skysport4,Sky Sport 4,體育頻道,sources/live-cleaned-backup.txt,durable-cleaned-backup-hls,Sky Sport 4,z3.ubtvfans.com,direct-hls,true,true,retest-existing-hls,,,https://z3.ubtvfans.com/live/rx5/417/77dd4c66bdfdd9c827f5258a265bdf58/index.m3u8
skysport5,Sky Sport 5,體育頻道,sources/live-base.txt,durable-base-hls,Sky Sport 5,z3.ubtvfans.com,direct-hls,true,true,retest-existing-hls,,,https://z3.ubtvfans.com/live/rx5/418/bae9ab6f81dc9a9f03c35334ebe1f107/index.m3u8
skysport5,Sky Sport 5,體育頻道,sources/live-cleaned-backup.txt,durable-cleaned-backup-hls,Sky Sport 5,z3.ubtvfans.com,direct-hls,true,true,retest-existing-hls,,,https://z3.ubtvfans.com/live/rx5/418/bae9ab6f81dc9a9f03c35334ebe1f107/index.m3u8
skysportuno,Sky sport uno,體育頻道,sources/live-base.txt,durable-base-hls,Sky sport uno,z3.ubtvfans.com,direct-hls,true,true,retest-existing-hls,,,https://z3.ubtvfans.com/live/rx5/1597/01862309012fa3d59dce1420ef628bc4/index.m3u8
skysportuno,Sky sport uno,體育頻道,sources/live-cleaned-backup.txt,durable-cleaned-backup-hls,Sky sport uno,z3.ubtvfans.com,direct-hls,true,true,retest-existing-hls,,,https://z3.ubtvfans.com/live/rx5/1597/01862309012fa3d59dce1420ef628bc4/index.m3u8
skysports,SKY Sports,한국,sources/live-base.txt,durable-base-hls,SKY Sports,z3.ubtvfans.com,direct-hls,true,true,retest-existing-hls,,,https://z3.ubtvfans.com/live/rx4/2910/fa47f5ef55679af42cbc42bc6e484438/index.m3u8
skysports,SKY Sports,한국,sources/live-cleaned-backup.txt,durable-cleaned-backup-hls,SKY Sports,z3.ubtvfans.com,direct-hls,true,true,retest-existing-hls,,,https://z3.ubtvfans.com/live/rx4/2910/fa47f5ef55679af42cbc42bc6e484438/index.m3u8
skysports1,Sky Sports 1,體育頻道,sources/live-base.txt,durable-base-hls,Sky Sports 1,z3.ubtvfans.com,direct-hls,true,true,retest-existing-hls,,,https://z3.ubtvfans.com/live/rx5/172/d6f9e9dc3397808640d5942484d620f2/index.m3u8
skysports1,Sky Sports 1,體育頻道,sources/live-cleaned-backup.txt,durable-cleaned-backup-hls,Sky Sports 1,z3.ubtvfans.com,direct-hls,true,true,retest-existing-hls,,,https://z3.ubtvfans.com/live/rx5/172/d6f9e9dc3397808640d5942484d620f2/index.m3u8
skysportsaction,sky sports action,體育頻道,sources/live-base.txt,durable-base-hls,sky sports action,z3.ubtvfans.com,direct-hls,true,true,retest-existing-hls,,,https://z3.ubtvfans.com/live/rx3/2785/281c67ef3dc2599a6886f9fb140bdce4/index.m3u8
skysportsaction,sky sports action,體育頻道,sources/live-cleaned-backup.txt,durable-cleaned-backup-hls,sky sports action,z3.ubtvfans.com,direct-hls,true,true,retest-existing-hls,,,https://z3.ubtvfans.com/live/rx3/2785/281c67ef3dc2599a6886f9fb140bdce4/index.m3u8
skysportsarena,sky sports arena,體育頻道,sources/live-base.txt,durable-base-hls,sky sports arena,z3.ubtvfans.com,direct-hls,true,true,retest-existing-hls,,,https://z3.ubtvfans.com/live/rx3/2781/44d7f75de5cd939a3ad956b6f6a1dd50/index.m3u8
skysportsarena,sky sports arena,體育頻道,sources/live-cleaned-backup.txt,durable-cleaned-backup-hls,sky sports arena,z3.ubtvfans.com,direct-hls,true,true,retest-existing-hls,,,https://z3.ubtvfans.com/live/rx3/2781/44d7f75de5cd939a3ad956b6f6a1dd50/index.m3u8
skysportsf1,Sky Sports F1,體育頻道,sources/live-base.txt,durable-base-hls,Sky Sports F1,z3.ubtvfans.com,direct-hls,true,true,retest-existing-hls,,,https://z3.ubtvfans.com/live/rx5/182/522b1bc4518dbdc754d008c57edc8ea6/index.m3u8
skysportsf1,Sky Sports F1,體育頻道,sources/live-base.txt,durable-base-hls,sky sports f1,z3.ubtvfans.com,direct-hls,true,true,retest-existing-hls,,,https://z3.ubtvfans.com/live/rx3/3237/dbc702e47ed9635d3cb01a701f7b07d4/index.m3u8
skysportsf1,Sky Sports F1,體育頻道,sources/live-cleaned-backup.txt,durable-cleaned-backup-hls,sky sports f1,z3.ubtvfans.com,direct-hls,true,true,retest-existing-hls,,,https://z3.ubtvfans.com/live/rx3/3237/dbc702e47ed9635d3cb01a701f7b07d4/index.m3u8
skysportsf1,Sky Sports F1,體育頻道,sources/live-cleaned-backup.txt,durable-cleaned-backup-hls,Sky Sports F1,z3.ubtvfans.com,direct-hls,true,true,retest-existing-hls,,,https://z3.ubtvfans.com/live/rx5/182/522b1bc4518dbdc754d008c57edc8ea6/index.m3u8
skysportsfootball,sky sports football,體育頻道,sources/live-base.txt,durable-base-hls,sky sports football,z3.ubtvfans.com,direct-hls,true,true,retest-existing-hls,,,https://z3.ubtvfans.com/live/rx3/2782/3706019ded0772d27df1b9785fcd2b39/index.m3u8
skysportsfootball,sky sports football,體育頻道,sources/live-cleaned-backup.txt,durable-cleaned-backup-hls,sky sports football,z3.ubtvfans.com,direct-hls,true,true,retest-existing-hls,,,https://z3.ubtvfans.com/live/rx3/2782/3706019ded0772d27df1b9785fcd2b39/index.m3u8
skysportsmainevent,sky sports main event,體育頻道,sources/live-base.txt,durable-base-hls,sky sports main event,z3.ubtvfans.com,direct-hls,true,true,retest-existing-hls,,,https://z3.ubtvfans.com/live/rx3/2787/bbb8de96ed00af6cb7a0f71a5a58360f/index.m3u8
skysportsmainevent,sky sports main event,體育頻道,sources/live-cleaned-backup.txt,durable-cleaned-backup-hls,sky sports main event,z3.ubtvfans.com,direct-hls,true,true,retest-existing-hls,,,https://z3.ubtvfans.com/live/rx3/2787/bbb8de96ed00af6cb7a0f71a5a58360f/index.m3u8
skysportsmix,sky sports mix,體育頻道,sources/live-base.txt,durable-base-hls,sky sports mix,z3.ubtvfans.com,direct-hls,true,true,retest-existing-hls,,,https://z3.ubtvfans.com/live/rx3/2780/a22d55482979a2a524caec9a2a767e91/index.m3u8
skysportsmix,sky sports mix,體育頻道,sources/live-cleaned-backup.txt,durable-cleaned-backup-hls,sky sports mix,z3.ubtvfans.com,direct-hls,true,true,retest-existing-hls,,,https://z3.ubtvfans.com/live/rx3/2780/a22d55482979a2a524caec9a2a767e91/index.m3u8
skysportspremierleague,sky sports premier league,體育頻道,sources/live-base.txt,durable-base-hls,sky sports premier league,z3.ubtvfans.com,direct-hls,true,true,retest-existing-hls,,,https://z3.ubtvfans.com/live/rx3/2783/e50302f3365e8ea43c9236a826d7bbc4/index.m3u8
skysportspremierleague,sky sports premier league,體育頻道,sources/live-cleaned-backup.txt,durable-cleaned-backup-hls,sky sports premier league,z3.ubtvfans.com,direct-hls,true,true,retest-existing-hls,,,https://z3.ubtvfans.com/live/rx3/2783/e50302f3365e8ea43c9236a826d7bbc4/index.m3u8
skysportstheopen,sky sports the open,體育頻道,sources/live-base.txt,durable-base-hls,sky sports the open,z3.ubtvfans.com,direct-hls,true,true,retest-existing-hls,,,https://z3.ubtvfans.com/live/rx3/2784/9484eb03500b119944ba2d33d76cc2fb/index.m3u8
skysportstheopen,sky sports the open,體育頻道,sources/live-cleaned-backup.txt,durable-cleaned-backup-hls,sky sports the open,z3.ubtvfans.com,direct-hls,true,true,retest-existing-hls,,,https://z3.ubtvfans.com/live/rx3/2784/9484eb03500b119944ba2d33d76cc2fb/index.m3u8
skydocu,sky_docu_hd,Verified Fastest | 英國頻道,sources/live-base.txt,durable-base-hls,sky_docu_hd,z3.ubtvfans.com,direct-hls,true,true,retest-existing-hls,,,https://z3.ubtvfans.com/live/rx4/1388/3cb340d0c1e7d215dbbc711bdf57c49d/index.m3u8
skydocu,sky_docu_hd,Verified Fastest | 英國頻道,sources/live-base.txt,durable-base-hls,sky_docu_hd,z3.ubtvfans.com,direct-hls,true,true,retest-existing-hls,,,https://z3.ubtvfans.com/live/rx4/1388/3cb340d0c1e7d215dbbc711bdf57c49d/index.m3u8
skydocu,sky_docu_hd,Verified Fastest | 英國頻道,sources/live-cleaned-backup.txt,durable-cleaned-backup-hls,sky_docu_hd,z3.ubtvfans.com,direct-hls,true,true,retest-existing-hls,,,https://z3.ubtvfans.com/live/rx4/1388/3cb340d0c1e7d215dbbc711bdf57c49d/index.m3u8
smithsonian,Smithsonian,한국 | 美國頻道,sources/live-base.txt,durable-base-hls,Smithsonian,z3.ubtvfans.com,direct-hls,true,true,retest-existing-hls,,,https://z3.ubtvfans.com/live/rx4/2934/c30bd52944017a8e4c4b1e8729742675/index.m3u8
smithsonian,Smithsonian,한국 | 美國頻道,sources/live-base.txt,durable-base-hls,SMITHSONIAN,z3.ubtvfans.com,direct-hls,true,true,retest-existing-hls,,,https://z3.ubtvfans.com/live/rx5/1205/815645245178cf6d27f9579ffa5e4205/index.m3u8
smithsonian,Smithsonian,한국 | 美國頻道,sources/live-cleaned-backup.txt,durable-cleaned-backup-hls,Smithsonian,z3.ubtvfans.com,direct-hls,true,true,retest-existing-hls,,,https://z3.ubtvfans.com/live/rx4/2934/c30bd52944017a8e4c4b1e8729742675/index.m3u8
smithsonian,Smithsonian,한국 | 美國頻道,sources/live-cleaned-backup.txt,durable-cleaned-backup-hls,SMITHSONIAN,z3.ubtvfans.com,direct-hls,true,true,retest-existing-hls,,,https://z3.ubtvfans.com/live/rx5/1205/815645245178cf6d27f9579ffa5e4205/index.m3u8
smnitv,SMNI TV,菲律賓,sources/live-base.txt,durable-base-hls,SMNI TV,z3.ubtvfans.com,direct-hls,true,true,retest-existing-hls,,,https://z3.ubtvfans.com/live/rx1/3216/3cb8e7a1b18f4c51256492226713c12c/index.m3u8
smnitv,SMNI TV,菲律賓,sources/live-cleaned-backup.txt,durable-cleaned-backup-hls,SMNI TV,z3.ubtvfans.com,direct-hls,true,true,retest-existing-hls,,,https://z3.ubtvfans.com/live/rx1/3216/3cb8e7a1b18f4c51256492226713c12c/index.m3u8
sonytv,sony tv,體育頻道,sources/live-base.txt,durable-base-hls,sony tv,z3.ubtvfans.com,direct-hls,true,true,retest-existing-hls,,,https://z3.ubtvfans.com/live/rx3/3248/a7bc9595dfbe995569921af1b72e80a8/index.m3u8
sonytv,sony tv,體育頻道,sources/live-cleaned-backup.txt,durable-cleaned-backup-hls,sony tv,z3.ubtvfans.com,direct-hls,true,true,retest-existing-hls,,,https://z3.ubtvfans.com/live/rx3/3248/a7bc9595dfbe995569921af1b72e80a8/index.m3u8
speednews,Speed News,भारत,sources/live-base.txt,durable-base-hls,Speed News,z3.ubtvfans.com,direct-hls,true,true,retest-existing-hls,,,https://z3.ubtvfans.com/live/rx3/3082/f2d59cbab1193158285ed0fa32af3eb1/index.m3u8
speednews,Speed News,भारत,sources/live-cleaned-backup.txt,durable-cleaned-backup-hls,Speed News,z3.ubtvfans.com,direct-hls,true,true,retest-existing-hls,,,https://z3.ubtvfans.com/live/rx3/3082/f2d59cbab1193158285ed0fa32af3eb1/index.m3u8
speedsport1,Speed Sport 1,體育頻道,sources/live-base.txt,durable-base-hls,Speed Sport 1,z3.ubtvfans.com,direct-hls,true,true,retest-existing-hls,,,https://z3.ubtvfans.com/live/rx6/3125/1c6459f838487ca613c1ad4e2a40025e/index.m3u8
speedsport1,Speed Sport 1,體育頻道,sources/live-cleaned-backup.txt,durable-cleaned-backup-hls,Speed Sport 1,z3.ubtvfans.com,direct-hls,true,true,retest-existing-hls,,,https://z3.ubtvfans.com/live/rx6/3125/1c6459f838487ca613c1ad4e2a40025e/index.m3u8
spirittv,Spirit TV,音樂宗教,sources/live-base.txt,durable-base-hls,Spirit TV,z3.ubtvfans.com,direct-hls,true,true,retest-existing-hls,,,https://z3.ubtvfans.com/live/rx1/3124/818072b5d5016d8f811c46c2aeffc574/index.m3u8
spirittv,Spirit TV,音樂宗教,sources/live-cleaned-backup.txt,durable-cleaned-backup-hls,Spirit TV,z3.ubtvfans.com,direct-hls,true,true,retest-existing-hls,,,https://z3.ubtvfans.com/live/rx1/3124/818072b5d5016d8f811c46c2aeffc574/index.m3u8
sporttv1,Sport TV 1,巴西,sources/live-base.txt,durable-base-hls,Sport TV 1,z3.ubtvfans.com,direct-hls,true,true,retest-existing-hls,,,https://z3.ubtvfans.com/live/rx2/1779/5006af5ba928c9e72c0d24bccbc4c5d4/index.m3u8
sporttv1,Sport TV 1,巴西,sources/live-cleaned-backup.txt,durable-cleaned-backup-hls,Sport TV 1,z3.ubtvfans.com,direct-hls,true,true,retest-existing-hls,,,https://z3.ubtvfans.com/live/rx2/1779/5006af5ba928c9e72c0d24bccbc4c5d4/index.m3u8
sporttv2,Sport TV 2,體育頻道,sources/live-base.txt,durable-base-hls,Sport TV 2,z3.ubtvfans.com,direct-hls,true,true,retest-existing-hls,,,https://z3.ubtvfans.com/live/rx2/1785/d78f2809c7f7cb86e7a127c533275250/index.m3u8
sporttv2,Sport TV 2,體育頻道,sources/live-cleaned-backup.txt,durable-cleaned-backup-hls,Sport TV 2,z3.ubtvfans.com,direct-hls,true,true,retest-existing-hls,,,https://z3.ubtvfans.com/live/rx2/1785/d78f2809c7f7cb86e7a127c533275250/index.m3u8
sporttv3,Sport TV 3,巴西,sources/live-base.txt,durable-base-hls,Sport TV 3,z3.ubtvfans.com,direct-hls,true,true,retest-existing-hls,,,https://z3.ubtvfans.com/live/rx2/2135/34b753b871620b664fbe8418b7484465/index.m3u8
sporttv3,Sport TV 3,巴西,sources/live-cleaned-backup.txt,durable-cleaned-backup-hls,Sport TV 3,z3.ubtvfans.com,direct-hls,true,true,retest-existing-hls,,,https://z3.ubtvfans.com/live/rx2/2135/34b753b871620b664fbe8418b7484465/index.m3u8
sportnet360,SportNet 360,體育頻道,sources/live-base.txt,durable-base-hls,SportNet 360,z3.ubtvfans.com,direct-hls,true,true,retest-existing-hls,,,https://z3.ubtvfans.com/live/rx3/1281/e3c22b7103b8a04e72f366988befcbe0/index.m3u8
sportnet360,SportNet 360,體育頻道,sources/live-cleaned-backup.txt,durable-cleaned-backup-hls,SportNet 360,z3.ubtvfans.com,direct-hls,true,true,retest-existing-hls,,,https://z3.ubtvfans.com/live/rx3/1281/e3c22b7103b8a04e72f366988befcbe0/index.m3u8
sportneton,SportNet ON,體育頻道,sources/live-base.txt,durable-base-hls,SportNet ON,z3.ubtvfans.com,direct-hls,true,true,retest-existing-hls,,,https://z3.ubtvfans.com/live/rx2/1278/e6c214b64a69b73edae8e73dc0ed4223/index.m3u8
sportneton,SportNet ON,體育頻道,sources/live-cleaned-backup.txt,durable-cleaned-backup-hls,SportNet ON,z3.ubtvfans.com,direct-hls,true,true,retest-existing-hls,,,https://z3.ubtvfans.com/live/rx2/1278/e6c214b64a69b73edae8e73dc0ed4223/index.m3u8
sportnetone,SportNet One,體育頻道,sources/live-base.txt,durable-base-hls,SportNet One,z3.ubtvfans.com,direct-hls,true,true,retest-existing-hls,,,https://z3.ubtvfans.com/live/rx3/1279/e66614e38198746fda6612f37635d434/index.m3u8
sportnetone,SportNet One,體育頻道,sources/live-cleaned-backup.txt,durable-cleaned-backup-hls,SportNet One,z3.ubtvfans.com,direct-hls,true,true,retest-existing-hls,,,https://z3.ubtvfans.com/live/rx3/1279/e66614e38198746fda6612f37635d434/index.m3u8
sportnetworld,SportNet World,體育頻道,sources/live-base.txt,durable-base-hls,SportNet World,z3.ubtvfans.com,direct-hls,true,true,retest-existing-hls,,,https://z3.ubtvfans.com/live/rx3/1280/2c5b903f751dd9538e407888ae346139/index.m3u8
sportnetworld,SportNet World,體育頻道,sources/live-cleaned-backup.txt,durable-cleaned-backup-hls,SportNet World,z3.ubtvfans.com,direct-hls,true,true,retest-existing-hls,,,https://z3.ubtvfans.com/live/rx3/1280/2c5b903f751dd9538e407888ae346139/index.m3u8
sportsnetp,Sportsnet P,加拿大,sources/live-base.txt,durable-base-hls,Sportsnet P,z3.ubtvfans.com,direct-hls,true,true,retest-existing-hls,,,https://z3.ubtvfans.com/live/rx3/3074/5c18e812cb72b62c1e2a33b4ae807649/index.m3u8
sportsnetp,Sportsnet P,加拿大,sources/live-cleaned-backup.txt,durable-cleaned-backup-hls,Sportsnet P,z3.ubtvfans.com,direct-hls,true,true,retest-existing-hls,,,https://z3.ubtvfans.com/live/rx3/3074/5c18e812cb72b62c1e2a33b4ae807649/index.m3u8
spotv,Spotv,한국,sources/live-base.txt,durable-base-hls,Spotv,z3.ubtvfans.com,direct-hls,true,true,retest-existing-hls,,,https://z3.ubtvfans.com/live/rx4/266/748bd342160d58c53209b576238e1a0b/index.m3u8
spotv,Spotv,한국,sources/live-base.txt,durable-base-hls,SPOTV,z3.ubtvfans.com,direct-hls,true,true,retest-existing-hls,,,https://z3.ubtvfans.com/live/rx4/3080/28738d99d35fe0555db2d1ec3ac14909/index.m3u8
spotv,Spotv,한국,sources/live-cleaned-backup.txt,durable-cleaned-backup-hls,Spotv,z3.ubtvfans.com,direct-hls,true,true,retest-existing-hls,,,https://z3.ubtvfans.com/live/rx4/266/748bd342160d58c53209b576238e1a0b/index.m3u8
spotv,Spotv,한국,sources/live-cleaned-backup.txt,durable-cleaned-backup-hls,SPOTV,z3.ubtvfans.com,direct-hls,true,true,retest-existing-hls,,,https://z3.ubtvfans.com/live/rx4/3080/28738d99d35fe0555db2d1ec3ac14909/index.m3u8
spotvgolf,SPOTV Golf,한국,sources/live-base.txt,durable-base-hls,SPOTV Golf,z3.ubtvfans.com,direct-hls,true,true,retest-existing-hls,,,https://z3.ubtvfans.com/live/rx4/3169/0dcf3b7396c83008f5fb36af3de5cfcf/index.m3u8
spotvgolf,SPOTV Golf,한국,sources/live-cleaned-backup.txt,durable-cleaned-backup-hls,SPOTV Golf,z3.ubtvfans.com,direct-hls,true,true,retest-existing-hls,,,https://z3.ubtvfans.com/live/rx4/3169/0dcf3b7396c83008f5fb36af3de5cfcf/index.m3u8
spotvon1,SPOTV ON1,한국,sources/live-base.txt,durable-base-hls,SPOTV ON1,z3.ubtvfans.com,direct-hls,true,true,retest-existing-hls,,,https://z3.ubtvfans.com/live/rx4/3104/1f0ab3145613528389b41122073eb8c4/index.m3u8
spotvon1,SPOTV ON1,한국,sources/live-cleaned-backup.txt,durable-cleaned-backup-hls,SPOTV ON1,z3.ubtvfans.com,direct-hls,true,true,retest-existing-hls,,,https://z3.ubtvfans.com/live/rx4/3104/1f0ab3145613528389b41122073eb8c4/index.m3u8
spotvon2,SPOTV ON2,한국,sources/live-base.txt,durable-base-hls,SPOTV ON2,z3.ubtvfans.com,direct-hls,true,true,retest-existing-hls,,,https://z3.ubtvfans.com/live/rx4/3105/d91aa80a1de9940f967e6cbab50f172e/index.m3u8
spotvon2,SPOTV ON2,한국,sources/live-cleaned-backup.txt,durable-cleaned-backup-hls,SPOTV ON2,z3.ubtvfans.com,direct-hls,true,true,retest-existing-hls,,,https://z3.ubtvfans.com/live/rx4/3105/d91aa80a1de9940f967e6cbab50f172e/index.m3u8
spotv2,SPOTV2,한국,sources/live-base.txt,durable-base-hls,SPOTV2,z3.ubtvfans.com,direct-hls,true,true,retest-existing-hls,,,https://z3.ubtvfans.com/live/rx4/250/aa5a71d7ae5fed3dd85045870462dffd/index.m3u8
spotv2,SPOTV2,한국,sources/live-base.txt,durable-base-hls,Spotv2,z3.ubtvfans.com,direct-hls,true,true,retest-existing-hls,,,https://z3.ubtvfans.com/live/rx2/267/9c11afdd7b23d66607b6c6e893f6a5fb/index.m3u8
spotv2,SPOTV2,한국,sources/live-cleaned-backup.txt,durable-cleaned-backup-hls,Spotv2,z3.ubtvfans.com,direct-hls,true,true,retest-existing-hls,,,https://z3.ubtvfans.com/live/rx2/267/9c11afdd7b23d66607b6c6e893f6a5fb/index.m3u8
spotv2,SPOTV2,한국,sources/live-cleaned-backup.txt,durable-cleaned-backup-hls,SPOTV2,z3.ubtvfans.com,direct-hls,true,true,retest-existing-hls,,,https://z3.ubtvfans.com/live/rx4/250/aa5a71d7ae5fed3dd85045870462dffd/index.m3u8
sr,SR,德國頻道,sources/live-base.txt,durable-base-hls,SR,z3.ubtvfans.com,direct-hls,true,true,retest-existing-hls,,,https://z3.ubtvfans.com/live/rx6/3220/b1d3971f4ba2aff7b7b47c7b1830bd58/index.m3u8
sr,SR,德國頻道,sources/live-cleaned-backup.txt,durable-cleaned-backup-hls,SR,z3.ubtvfans.com,direct-hls,true,true,retest-existing-hls,,,https://z3.ubtvfans.com/live/rx6/3220/b1d3971f4ba2aff7b7b47c7b1830bd58/index.m3u8
starz,StarZ,美國頻道,sources/live-base.txt,durable-base-hls,StarZ,z3.ubtvfans.com,direct-hls,true,true,retest-existing-hls,,,https://z3.ubtvfans.com/live/rx5/1569/16b2e4451f1a24dab29f706068239530/index.m3u8
starz,StarZ,美國頻道,sources/live-cleaned-backup.txt,durable-cleaned-backup-hls,StarZ,z3.ubtvfans.com,direct-hls,true,true,retest-existing-hls,,,https://z3.ubtvfans.com/live/rx5/1569/16b2e4451f1a24dab29f706068239530/index.m3u8
starzcomedy,Starz Comedy,美國頻道,sources/live-base.txt,durable-base-hls,Starz Comedy,z3.ubtvfans.com,direct-hls,true,true,retest-existing-hls,,,https://z3.ubtvfans.com/live/rx3/1118/bfccb7692d28b851600bd5cf1dd04500/index.m3u8
starzcomedy,Starz Comedy,美國頻道,sources/live-cleaned-backup.txt,durable-cleaned-backup-hls,Starz Comedy,z3.ubtvfans.com,direct-hls,true,true,retest-existing-hls,,,https://z3.ubtvfans.com/live/rx3/1118/bfccb7692d28b851600bd5cf1dd04500/index.m3u8
starzedge,Starz Edge,美國頻道,sources/live-base.txt,durable-base-hls,Starz Edge,z3.ubtvfans.com,direct-hls,true,true,retest-existing-hls,,,https://z3.ubtvfans.com/live/rx3/1119/d55cb56d14c2e4cecb27226627dc77da/index.m3u8
starzedge,Starz Edge,美國頻道,sources/live-cleaned-backup.txt,durable-cleaned-backup-hls,Starz Edge,z3.ubtvfans.com,direct-hls,true,true,retest-existing-hls,,,https://z3.ubtvfans.com/live/rx3/1119/d55cb56d14c2e4cecb27226627dc77da/index.m3u8
starzencore,Starz Encore,美國頻道,sources/live-base.txt,durable-base-hls,Starz Encore,z3.ubtvfans.com,direct-hls,true,true,retest-existing-hls,,,https://z3.ubtvfans.com/live/rx3/1121/ea97ba5adbe98a9e4b7fbe63930dce2c/index.m3u8
starzencore,Starz Encore,美國頻道,sources/live-cleaned-backup.txt,durable-cleaned-backup-hls,Starz Encore,z3.ubtvfans.com,direct-hls,true,true,retest-existing-hls,,,https://z3.ubtvfans.com/live/rx3/1121/ea97ba5adbe98a9e4b7fbe63930dce2c/index.m3u8
starzencorewesterns,Starz Encore Westerns,美國頻道,sources/live-base.txt,durable-base-hls,Starz Encore Westerns,z3.ubtvfans.com,direct-hls,true,true,retest-existing-hls,,,https://z3.ubtvfans.com/live/rx3/1122/3c1a7b2b173ddc7bbc146c0b1f66419d/index.m3u8
starzencorewesterns,Starz Encore Westerns,美國頻道,sources/live-cleaned-backup.txt,durable-cleaned-backup-hls,Starz Encore Westerns,z3.ubtvfans.com,direct-hls,true,true,retest-existing-hls,,,https://z3.ubtvfans.com/live/rx3/1122/3c1a7b2b173ddc7bbc146c0b1f66419d/index.m3u8
starzinblack,Starz in Black,美國頻道,sources/live-base.txt,durable-base-hls,Starz in Black,z3.ubtvfans.com,direct-hls,true,true,retest-existing-hls,,,https://z3.ubtvfans.com/live/rx3/1181/def781675cb34b9e85e357b2b67cc8dd/index.m3u8
starzinblack,Starz in Black,美國頻道,sources/live-cleaned-backup.txt,durable-cleaned-backup-hls,Starz in Black,z3.ubtvfans.com,direct-hls,true,true,retest-existing-hls,,,https://z3.ubtvfans.com/live/rx3/1181/def781675cb34b9e85e357b2b67cc8dd/index.m3u8
starzkidsfamily,Starz Kids Family,美國頻道,sources/live-base.txt,durable-base-hls,Starz Kids Family,z3.ubtvfans.com,direct-hls,true,true,retest-existing-hls,,,https://z3.ubtvfans.com/live/rx3/1120/42375e303d2252abce82a80797085547/index.m3u8
starzkidsfamily,Starz Kids Family,美國頻道,sources/live-cleaned-backup.txt,durable-cleaned-backup-hls,Starz Kids Family,z3.ubtvfans.com,direct-hls,true,true,retest-existing-hls,,,https://z3.ubtvfans.com/live/rx3/1120/42375e303d2252abce82a80797085547/index.m3u8
suntv,Sun TV,भारत,sources/live-base.txt,durable-base-hls,Sun TV,z3.ubtvfans.com,direct-hls,true,true,retest-existing-hls,,,https://z3.ubtvfans.com/live/rx5/1458/3a3649b419617ac72215bf1a2f81c162/index.m3u8
suntv,Sun TV,भारत,sources/live-cleaned-backup.txt,durable-cleaned-backup-hls,Sun TV,z3.ubtvfans.com,direct-hls,true,true,retest-existing-hls,,,https://z3.ubtvfans.com/live/rx5/1458/3a3649b419617ac72215bf1a2f81c162/index.m3u8
surfcinema,Surf Cinema,體育頻道,sources/live-base.txt,durable-base-hls,Surf Cinema,z3.ubtvfans.com,direct-hls,true,true,retest-existing-hls,,,https://z3.ubtvfans.com/live/rx2/2412/925fbb169eb8a411813b42f9c46444b3/index.m3u8
surfcinema,Surf Cinema,體育頻道,sources/live-cleaned-backup.txt,durable-cleaned-backup-hls,Surf Cinema,z3.ubtvfans.com,direct-hls,true,true,retest-existing-hls,,,https://z3.ubtvfans.com/live/rx2/2412/925fbb169eb8a411813b42f9c46444b3/index.m3u8
suria,Suria,新馬頻道,sources/live-base.txt,durable-base-hls,Suria,z3.ubtvfans.com,direct-hls,true,true,retest-existing-hls,,,https://z3.ubtvfans.com/live/rx3/1076/fb33086fd3ce216c77a08f3a63a442c7/index.m3u8
suria,Suria,新馬頻道,sources/live-base.txt,durable-base-hls,Suria,z3.ubtvfans.com,direct-hls,true,true,retest-existing-hls,,,https://z3.ubtvfans.com/live/rx3/434/615342a8d3b3450926da6d21aa2f54ee/index.m3u8
suria,Suria,新馬頻道,sources/live-cleaned-backup.txt,durable-cleaned-backup-hls,Suria,z3.ubtvfans.com,direct-hls,true,true,retest-existing-hls,,,https://z3.ubtvfans.com/live/rx3/1076/fb33086fd3ce216c77a08f3a63a442c7/index.m3u8
suria,Suria,新馬頻道,sources/live-cleaned-backup.txt,durable-cleaned-backup-hls,Suria,z3.ubtvfans.com,direct-hls,true,true,retest-existing-hls,,,https://z3.ubtvfans.com/live/rx3/434/615342a8d3b3450926da6d21aa2f54ee/index.m3u8
sweet,Sweet_HD,泰國頻道,sources/live-base.txt,durable-base-hls,Sweet_HD,z3.ubtvfans.com,direct-hls,true,true,retest-existing-hls,,,https://z3.ubtvfans.com/live/rx2/2323/703b5add71f6e2990b4c4c0517d34eaf/index.m3u8
sweet,Sweet_HD,泰國頻道,sources/live-cleaned-backup.txt,durable-cleaned-backup-hls,Sweet_HD,z3.ubtvfans.com,direct-hls,true,true,retest-existing-hls,,,https://z3.ubtvfans.com/live/rx2/2323/703b5add71f6e2990b4c4c0517d34eaf/index.m3u8
syfy,Syfy,美國頻道 | 英國頻道,sources/live-base.txt,durable-base-hls,Syfy,z3.ubtvfans.com,direct-hls,true,true,retest-existing-hls,,,https://z3.ubtvfans.com/live/rx2/1537/bc2b38860780915f5cd8f86b3a9c8932/index.m3u8
syfy,Syfy,美國頻道 | 英國頻道,sources/live-base.txt,durable-base-hls,Syfy,z3.ubtvfans.com,direct-hls,true,true,retest-existing-hls,,,https://z3.ubtvfans.com/live/rx3/1423/f0579317be19a1b4894ba8d2fd9d0a88/index.m3u8
syfy,Syfy,美國頻道 | 英國頻道,sources/live-cleaned-backup.txt,durable-cleaned-backup-hls,Syfy,z3.ubtvfans.com,direct-hls,true,true,retest-existing-hls,,,https://z3.ubtvfans.com/live/rx2/1537/bc2b38860780915f5cd8f86b3a9c8932/index.m3u8
syfy,Syfy,美國頻道 | 英國頻道,sources/live-cleaned-backup.txt,durable-cleaned-backup-hls,Syfy,z3.ubtvfans.com,direct-hls,true,true,retest-existing-hls,,,https://z3.ubtvfans.com/live/rx3/1423/f0579317be19a1b4894ba8d2fd9d0a88/index.m3u8
tagesschau24,Tagesschau24,德國頻道,sources/live-base.txt,durable-base-hls,Tagesschau24,z3.ubtvfans.com,direct-hls,true,true,retest-existing-hls,,,https://z3.ubtvfans.com/live/rx4/1690/c032f3fc3a8cdf8357678c740c964864/index.m3u8
tagesschau24,Tagesschau24,德國頻道,sources/live-cleaned-backup.txt,durable-cleaned-backup-hls,Tagesschau24,z3.ubtvfans.com,direct-hls,true,true,retest-existing-hls,,,https://z3.ubtvfans.com/live/rx4/1690/c032f3fc3a8cdf8357678c740c964864/index.m3u8
taiwanplus,TaiwanPlus,台灣頻道 | YouTube國際新聞,sources/live-base.txt,durable-base-hls,TaiwanPlus,z3.ubtvfans.com,direct-hls,true,true,retest-existing-hls,,,https://z3.ubtvfans.com/live/rx4/327/5c7d7b7ee1caea5c224d2d9db8959508/index.m3u8
taiwanplus,TaiwanPlus,台灣頻道 | YouTube國際新聞,sources/live-cleaned-backup.txt,durable-cleaned-backup-hls,TaiwanPlus,z3.ubtvfans.com,direct-hls,true,true,retest-existing-hls,,,https://z3.ubtvfans.com/live/rx4/327/5c7d7b7ee1caea5c224d2d9db8959508/index.m3u8
taiwanplus,TaiwanPlus,台灣頻道 | YouTube國際新聞,sources/youtube-live-channels.csv,durable-youtube-page,TaiwanPlus,www.youtube.com,youtube-page,true,true,resolve-with-yt-dlp,,Vrs-AeKZIEg,https://www.youtube.com/watch?v=Vrs-AeKZIEg
taiwanplus,TaiwanPlus,台灣頻道 | YouTube國際新聞,sources/live-youtube-stable.txt,generated-youtube-hls,060 TaiwanPlus,manifest.googlevideo.com,youtube-generated-hls,false,false,generated-short-lived,2026-06-22T21:50:08.000Z,Vrs-AeKZIEg,"https://manifest.googlevideo.com/api/manifest/hls_playlist/expire/1782165008/ei/sFk5atO2KuiMpt8P0_X88A4/ip/114.42.199.53/id/Vrs-AeKZIEg.3/itag/94/source/yt_live_broadcast/requiressl/yes/ratebypass/yes/live/1/sgoap/gir%3Dyes%3Bitag%3D140/sgovp/gir%3Dyes%3Bitag%3D135/rqh/1/hls_chunk_host/rr3---sn-ipoxu-umbk.googlevideo.com/xpc/EgVo2aDSNQ%3D%3D/playlist_duration/30/manifest_duration/30/bui/ARmQxEVgFLHo93E8VF8QSK_tZkvcP-dgVX2SGPkn_ydxkPuE5ZHl32fOsBLUCKPnHgK6zxfKD-kUqBi8/spc/SQ-umisI5EQhQb-rTGu_QbluAVASfdD6YqyhC8VEB4YlAYvY0Q/vprv/1/reg/0/playlist_type/DVR/initcwndbps/2872500/met/1782143408,/mh/H2/mm/44/mn/sn-ipoxu-umbk/ms/lva/mv/m/mvi/3/pl/24/rms/lva,lva/dover/11/pacing/0/keepalive/yes/fexp/51565115,51565682,51987687/mt/1782142835/sparams/expire,ei,ip,id,itag,source,requiressl,ratebypass,live,sgoap,sgovp,rqh,xpc,playlist_duration,manifest_duration,bui,spc,vprv,reg,playlist_type/sig/AHEqNM4wRAIgA3JHAKdxShFeApJ6rCuUpcPDxpe1wWp5bZU_rmsOryMCIFwSVzC_vpoJmOYv6pN6uud8mh5Xv9Ry0-jbX_Kfb_tr/lsparams/hls_chunk_host,initcwndbps,met,mh,mm,mn,ms,mv,mvi,pl,rms/lsig/APaTxxMwRQIgKQ9sMmAUVd9Vr8MotYgIpoPNFWtgwKnpBDCr5tITc0cCIQCO_It8JM9o353Q3A1ZONzeZRf7X1277ityDwKSTCuZZg%3D%3D/playlist/index.m3u8"
talkingtom,Talking Tom,YouTube兒童動畫,sources/youtube-live-channels.csv,durable-youtube-page,Talking Tom,www.youtube.com,youtube-page,true,true,resolve-with-yt-dlp,,2wqCOO4gAUs,https://www.youtube.com/watch?v=2wqCOO4gAUs
talkingfriendstvmini,TalkingFriendsTVMini,YouTube兒童動畫,sources/youtube-live-channels.csv,durable-youtube-page,TalkingFriendsTVMini,www.youtube.com,youtube-page,true,true,resolve-with-yt-dlp,,FxmuSm_wgng,https://www.youtube.com/watch?v=FxmuSm_wgng
tayothelittlebus,Tayo the Little Bus,YouTube兒童動畫,sources/youtube-live-channels.csv,durable-youtube-page,Tayo the Little Bus,www.youtube.com,youtube-page,true,true,resolve-with-yt-dlp,,wgFPP9dRO-w,https://www.youtube.com/watch?v=wgFPP9dRO-w
tbs,TBS,にっぽん,sources/live-base.txt,durable-base-hls,TBS,z3.ubtvfans.com,direct-hls,true,true,retest-existing-hls,,,https://z3.ubtvfans.com/live/rx3/124/cae45e399074298b3fa38eac3308dd87/index.m3u8
tbs,TBS,にっぽん,sources/live-base.txt,durable-base-hls,TBS,z3.ubtvfans.com,direct-hls,true,true,retest-existing-hls,,,https://z3.ubtvfans.com/live/rx3/2201/f2ae39af8d1293abbe895e9f2ae5e3a1/index.m3u8
tbs,TBS,にっぽん,sources/live-base.txt,durable-base-hls,TBS,z3.ubtvfans.com,direct-hls,true,true,retest-existing-hls,,,https://z3.ubtvfans.com/live/rx6/2917/a8be32f0639588c22ee8739ea3d670aa/index.m3u8
tbs,TBS,にっぽん,sources/live-cleaned-backup.txt,durable-cleaned-backup-hls,TBS,z3.ubtvfans.com,direct-hls,true,true,retest-existing-hls,,,https://z3.ubtvfans.com/live/rx3/2201/f2ae39af8d1293abbe895e9f2ae5e3a1/index.m3u8
tbs,TBS,にっぽん,sources/live-cleaned-backup.txt,durable-cleaned-backup-hls,TBS,z3.ubtvfans.com,direct-hls,true,true,retest-existing-hls,,,https://z3.ubtvfans.com/live/rx6/2917/a8be32f0639588c22ee8739ea3d670aa/index.m3u8
tbs,TBS,にっぽん,sources/live-cleaned-backup.txt,durable-cleaned-backup-hls,TBS,z3.ubtvfans.com,direct-hls,true,true,retest-existing-hls,,,https://z3.ubtvfans.com/live/rx3/124/cae45e399074298b3fa38eac3308dd87/index.m3u8
tbsnews,TBS NEWS,YouTube亞洲新聞,sources/youtube-live-channels.csv,durable-youtube-page,TBS NEWS,www.youtube.com,youtube-page,true,true,resolve-with-yt-dlp,,d8Rm7OKE9mA,https://www.youtube.com/watch?v=d8Rm7OKE9mA
tcm,TCM,美國頻道,sources/live-base.txt,durable-base-hls,TCM,z3.ubtvfans.com,direct-hls,true,true,retest-existing-hls,,,https://z3.ubtvfans.com/live/rx3/1180/1f663f48f913a756d7f23e5c1ad04319/index.m3u8
tcm,TCM,美國頻道,sources/live-cleaned-backup.txt,durable-cleaned-backup-hls,TCM,z3.ubtvfans.com,direct-hls,true,true,retest-existing-hls,,,https://z3.ubtvfans.com/live/rx3/1180/1f663f48f913a756d7f23e5c1ad04319/index.m3u8
tconvers,Tconvers,한국,sources/live-base.txt,durable-base-hls,Tconvers,z3.ubtvfans.com,direct-hls,true,true,retest-existing-hls,,,https://z3.ubtvfans.com/live/rx4/1134/20b8d333d163d6d014944aff2b824ba6/index.m3u8
tconvers,Tconvers,한국,sources/live-cleaned-backup.txt,durable-cleaned-backup-hls,Tconvers,z3.ubtvfans.com,direct-hls,true,true,retest-existing-hls,,,https://z3.ubtvfans.com/live/rx4/1134/20b8d333d163d6d014944aff2b824ba6/index.m3u8
teamusa,Team USA,體育頻道,sources/live-base.txt,durable-base-hls,Team USA,z3.ubtvfans.com,direct-hls,true,true,retest-existing-hls,,,https://z3.ubtvfans.com/live/rx2/3483/b8f813976d1371bb2789973ae449bbbc/index.m3u8
teamusa,Team USA,體育頻道,sources/live-cleaned-backup.txt,durable-cleaned-backup-hls,Team USA,z3.ubtvfans.com,direct-hls,true,true,retest-existing-hls,,,https://z3.ubtvfans.com/live/rx2/3483/b8f813976d1371bb2789973ae449bbbc/index.m3u8
ted,TED,紀實頻道,sources/live-base.txt,durable-base-hls,TED,z3.ubtvfans.com,direct-hls,true,true,retest-existing-hls,,,https://z3.ubtvfans.com/live/rx2/1101/53819aa25d689c27df82ab09d99ab3da/index.m3u8
ted,TED,紀實頻道,sources/live-cleaned-backup.txt,durable-cleaned-backup-hls,TED,z3.ubtvfans.com,direct-hls,true,true,retest-existing-hls,,,https://z3.ubtvfans.com/live/rx2/1101/53819aa25d689c27df82ab09d99ab3da/index.m3u8
tennischan備,Tennis chan（備）,美國頻道,sources/live-base.txt,durable-base-hls,Tennis chan（備）,z3.ubtvfans.com,direct-hls,true,true,retest-existing-hls,,,https://z3.ubtvfans.com/live/rx6/3235/98cfb9505e3274f2ddbeead52e368652/index.m3u8
tennischan備,Tennis chan（備）,美國頻道,sources/live-cleaned-backup.txt,durable-cleaned-backup-hls,Tennis chan（備）,z3.ubtvfans.com,direct-hls,true,true,retest-existing-hls,,,https://z3.ubtvfans.com/live/rx6/3235/98cfb9505e3274f2ddbeead52e368652/index.m3u8
tf1,TF1 HD,法國頻道,sources/live-base.txt,durable-base-hls,TF1 HD,z3.ubtvfans.com,direct-hls,true,true,retest-existing-hls,,,https://z3.ubtvfans.com/live/rx4/2236/c7e38b2ba669e5568a7900419dca4456/index.m3u8
tf1,TF1 HD,法國頻道,sources/live-cleaned-backup.txt,durable-cleaned-backup-hls,TF1 HD,z3.ubtvfans.com,direct-hls,true,true,retest-existing-hls,,,https://z3.ubtvfans.com/live/rx4/2236/c7e38b2ba669e5568a7900419dca4456/index.m3u8
tg4,Tg4,英國頻道,sources/live-base.txt,durable-base-hls,Tg4,z3.ubtvfans.com,direct-hls,true,true,retest-existing-hls,,,https://z3.ubtvfans.com/live/rx3/1427/ef2aa6ab641af1ec7adf4d0ea21b4b13/index.m3u8
tg4,Tg4,英國頻道,sources/live-cleaned-backup.txt,durable-cleaned-backup-hls,Tg4,z3.ubtvfans.com,direct-hls,true,true,retest-existing-hls,,,https://z3.ubtvfans.com/live/rx3/1427/ef2aa6ab641af1ec7adf4d0ea21b4b13/index.m3u8
thaipbs,Thai PBS,泰國頻道,sources/live-base.txt,durable-base-hls,Thai PBS,z3.ubtvfans.com,direct-hls,true,true,retest-existing-hls,,,https://z3.ubtvfans.com/live/rx4/1047/8f2dd9e1125e8516a41fc620a8d9b2bd/index.m3u8
thaipbs,Thai PBS,泰國頻道,sources/live-cleaned-backup.txt,durable-cleaned-backup-hls,Thai PBS,z3.ubtvfans.com,direct-hls,true,true,retest-existing-hls,,,https://z3.ubtvfans.com/live/rx4/1047/8f2dd9e1125e8516a41fc620a8d9b2bd/index.m3u8
thairath,Thairath,泰國頻道,sources/live-base.txt,durable-base-hls,Thairath,z3.ubtvfans.com,direct-hls,true,true,retest-existing-hls,,,https://z3.ubtvfans.com/live/rx2/2324/f69ef20e0b11f55b588f9e4b5af02dd8/index.m3u8
thairath,Thairath,泰國頻道,sources/live-cleaned-backup.txt,durable-cleaned-backup-hls,Thairath,z3.ubtvfans.com,direct-hls,true,true,retest-existing-hls,,,https://z3.ubtvfans.com/live/rx2/2324/f69ef20e0b11f55b588f9e4b5af02dd8/index.m3u8
thanthitv,Thanthi TV,भारत,sources/live-base.txt,durable-base-hls,Thanthi TV,z3.ubtvfans.com,direct-hls,true,true,retest-existing-hls,,,https://z3.ubtvfans.com/live/rx5/1462/8f72b52e8f59ca09f42cc12070b21e21/index.m3u8
thanthitv,Thanthi TV,भारत,sources/live-cleaned-backup.txt,durable-cleaned-backup-hls,Thanthi TV,z3.ubtvfans.com,direct-hls,true,true,retest-existing-hls,,,https://z3.ubtvfans.com/live/rx5/1462/8f72b52e8f59ca09f42cc12070b21e21/index.m3u8
thekpop,THE K-POP,YouTube音樂體育風景,sources/youtube-live-channels.csv,durable-youtube-page,THE K-POP,www.youtube.com,youtube-page,true,true,resolve-with-yt-dlp,,JVocS7Yftw8,https://www.youtube.com/watch?v=JVocS7Yftw8
thekpop,THE K-POP,YouTube音樂體育風景,sources/live-youtube-stable.txt,generated-youtube-hls,092 THE K-POP,manifest.googlevideo.com,youtube-generated-hls,false,false,generated-short-lived,2026-06-22T21:51:21.000Z,JVocS7Yftw8,"https://manifest.googlevideo.com/api/manifest/hls_playlist/expire/1782165081/ei/-Vk5at5OhLjV3w_H4YXIAg/ip/114.42.199.53/id/JVocS7Yftw8.3/itag/94/source/yt_live_broadcast/requiressl/yes/ratebypass/yes/live/1/sgoap/gir%3Dyes%3Bitag%3D140/sgovp/gir%3Dyes%3Bitag%3D135/rqh/1/hls_chunk_host/rr1---sn-ipoxu-umby.googlevideo.com/xpc/EgVo2aDSNQ%3D%3D/playlist_duration/30/manifest_duration/30/bui/ARmQxEUHcds9XoMmLdfiNzhXslXHhW53G4ajBkgS0FO69mcgcKUzM1cTqdOy4G3jP1E_Ypg5WjyzuNZC/spc/SQ-umhjdXk-WlaaTO1zKHaQFZxkzesFxOz4dfP6jPvRznVHLFA/vprv/1/reg/0/playlist_type/DVR/initcwndbps/3220000/met/1782143481,/mh/wS/mm/44/mn/sn-ipoxu-umby/ms/lva/mv/m/mvi/1/pl/24/rms/lva,lva/dover/11/pacing/0/keepalive/yes/fexp/51565116,51565681,51987687/mt/1782143091/sparams/expire,ei,ip,id,itag,source,requiressl,ratebypass,live,sgoap,sgovp,rqh,xpc,playlist_duration,manifest_duration,bui,spc,vprv,reg,playlist_type/sig/AHEqNM4wRAIgLmoOOmTQZFLQb8E3lJ27gk9CN_b7ITt15_UjvnXmicMCIAVJheCI9MBIdY7vlXqOZgGzca7UZOWKlmZBYslDjV0M/lsparams/hls_chunk_host,initcwndbps,met,mh,mm,mn,ms,mv,mvi,pl,rms/lsig/APaTxxMwRQIgFT2guNOZjAmNUHyqxU4vMxbiBERVPBsVQ_TAAIr2mRQCIQDi0KoJbQWAP6JvtSzZ2b8gJwyZ3h6OVMjH_RmCy5jxxg%3D%3D/playlist/index.m3u8"
theweathernation,The Weather Nation,美國頻道,sources/live-base.txt,durable-base-hls,The Weather Nation,z3.ubtvfans.com,direct-hls,true,true,retest-existing-hls,,,https://z3.ubtvfans.com/live/rx3/1105/8187482b81bd183fd351980203761e45/index.m3u8
theweathernation,The Weather Nation,美國頻道,sources/live-cleaned-backup.txt,durable-cleaned-backup-hls,The Weather Nation,z3.ubtvfans.com,direct-hls,true,true,retest-existing-hls,,,https://z3.ubtvfans.com/live/rx3/1105/8187482b81bd183fd351980203761e45/index.m3u8
theweathernetwork,The Weather Network,加拿大,sources/live-base.txt,durable-base-hls,The Weather Network,z3.ubtvfans.com,direct-hls,true,true,retest-existing-hls,,,https://z3.ubtvfans.com/live/rx3/1251/0ed351c1d771f8eabb350c682bcd2087/index.m3u8
theweathernetwork,The Weather Network,加拿大,sources/live-cleaned-backup.txt,durable-cleaned-backup-hls,The Weather Network,z3.ubtvfans.com,direct-hls,true,true,retest-existing-hls,,,https://z3.ubtvfans.com/live/rx3/1251/0ed351c1d771f8eabb350c682bcd2087/index.m3u8
thewickedtuna,The Wicked Tuna,紀實頻道,sources/live-base.txt,durable-base-hls,The Wicked Tuna,z3.ubtvfans.com,direct-hls,true,true,retest-existing-hls,,,https://z3.ubtvfans.com/live/rx5/2411/ee87da48e1a6bb2b362351cbf4a9879e/index.m3u8
thewickedtuna,The Wicked Tuna,紀實頻道,sources/live-cleaned-backup.txt,durable-cleaned-backup-hls,The Wicked Tuna,z3.ubtvfans.com,direct-hls,true,true,retest-existing-hls,,,https://z3.ubtvfans.com/live/rx5/2411/ee87da48e1a6bb2b362351cbf4a9879e/index.m3u8
tickernews,Ticker News,澳洲,sources/live-base.txt,durable-base-hls,Ticker News,z3.ubtvfans.com,direct-hls,true,true,retest-existing-hls,,,https://z3.ubtvfans.com/live/rx6/1399/21142c51fb2e5948404511f0d0d0a57a/index.m3u8
tickernews,Ticker News,澳洲,sources/live-cleaned-backup.txt,durable-cleaned-backup-hls,Ticker News,z3.ubtvfans.com,direct-hls,true,true,retest-existing-hls,,,https://z3.ubtvfans.com/live/rx6/1399/21142c51fb2e5948404511f0d0d0a57a/index.m3u8
timesnow,Times Now,भारत | YouTube亞洲新聞,sources/live-base.txt,durable-base-hls,Times Now,z3.ubtvfans.com,direct-hls,true,true,retest-existing-hls,,,https://z3.ubtvfans.com/live/rx5/1472/65a46c1fa9184ec37bea413fabf4c186/index.m3u8
timesnow,Times Now,भारत | YouTube亞洲新聞,sources/live-cleaned-backup.txt,durable-cleaned-backup-hls,Times Now,z3.ubtvfans.com,direct-hls,true,true,retest-existing-hls,,,https://z3.ubtvfans.com/live/rx5/1472/65a46c1fa9184ec37bea413fabf4c186/index.m3u8
timesnow,Times Now,भारत | YouTube亞洲新聞,sources/youtube-live-channels.csv,durable-youtube-page,TIMES NOW,www.youtube.com,youtube-page,true,true,resolve-with-yt-dlp,,6lrvdOedqgk,https://www.youtube.com/watch?v=6lrvdOedqgk
tlc,TLC,紀實頻道 | 美國頻道,sources/live-base.txt,durable-base-hls,TLC,z3.ubtvfans.com,direct-hls,true,true,retest-existing-hls,,,https://z3.ubtvfans.com/live/rx4/2275/c2074fce3f0cf9d19c8339731e4625ac/index.m3u8
tlc,TLC,紀實頻道 | 美國頻道,sources/live-base.txt,durable-base-hls,TLC,z3.ubtvfans.com,direct-hls,true,true,retest-existing-hls,,,https://z3.ubtvfans.com/live/rx2/1533/5535abf7e5d65411f92ef870bd9e0dd9/index.m3u8
tlc,TLC,紀實頻道 | 美國頻道,sources/live-base.txt,durable-base-hls,TLC,z3.ubtvfans.com,direct-hls,true,true,retest-existing-hls,,,https://z3.ubtvfans.com/live/rx5/1206/cf6114de81a3ab32cd8de02f91b8ca69/index.m3u8
tlc,TLC,紀實頻道 | 美國頻道,sources/live-cleaned-backup.txt,durable-cleaned-backup-hls,TLC,z3.ubtvfans.com,direct-hls,true,true,retest-existing-hls,,,https://z3.ubtvfans.com/live/rx4/2275/c2074fce3f0cf9d19c8339731e4625ac/index.m3u8
tlc,TLC,紀實頻道 | 美國頻道,sources/live-cleaned-backup.txt,durable-cleaned-backup-hls,TLC,z3.ubtvfans.com,direct-hls,true,true,retest-existing-hls,,,https://z3.ubtvfans.com/live/rx2/1533/5535abf7e5d65411f92ef870bd9e0dd9/index.m3u8
tlc,TLC,紀實頻道 | 美國頻道,sources/live-cleaned-backup.txt,durable-cleaned-backup-hls,TLC,z3.ubtvfans.com,direct-hls,true,true,retest-existing-hls,,,https://z3.ubtvfans.com/live/rx5/1206/cf6114de81a3ab32cd8de02f91b8ca69/index.m3u8
tlccanada,TLC Canada,紀實頻道,sources/live-base.txt,durable-base-hls,TLC Canada,z3.ubtvfans.com,direct-hls,true,true,retest-existing-hls,,,https://z3.ubtvfans.com/live/rx3/1262/b79301f9d2c82efc4a9c0248ac917d13/index.m3u8
tlccanada,TLC Canada,紀實頻道,sources/live-cleaned-backup.txt,durable-cleaned-backup-hls,TLC Canada,z3.ubtvfans.com,direct-hls,true,true,retest-existing-hls,,,https://z3.ubtvfans.com/live/rx3/1262/b79301f9d2c82efc4a9c0248ac917d13/index.m3u8
tnt,TNT,美國頻道,sources/live-base.txt,durable-base-hls,TNT,z3.ubtvfans.com,direct-hls,true,true,retest-existing-hls,,,https://z3.ubtvfans.com/live/rx2/1524/5656378c703011a1fde9f2b2752db47b/index.m3u8
tnt,TNT,美國頻道,sources/live-cleaned-backup.txt,durable-cleaned-backup-hls,TNT,z3.ubtvfans.com,direct-hls,true,true,retest-existing-hls,,,https://z3.ubtvfans.com/live/rx2/1524/5656378c703011a1fde9f2b2752db47b/index.m3u8
tokyomx1,TOKYO MX 1,にっぽん,sources/live-base.txt,durable-base-hls,TOKYO MX 1,z3.ubtvfans.com,direct-hls,true,true,retest-existing-hls,,,https://z3.ubtvfans.com/live/rx3/2204/5b836951797068dc5883809b3a0fba6a/index.m3u8
tokyomx1,TOKYO MX 1,にっぽん,sources/live-cleaned-backup.txt,durable-cleaned-backup-hls,TOKYO MX 1,z3.ubtvfans.com,direct-hls,true,true,retest-existing-hls,,,https://z3.ubtvfans.com/live/rx3/2204/5b836951797068dc5883809b3a0fba6a/index.m3u8
tokyomx2,TOKYO MX 2,にっぽん,sources/live-base.txt,durable-base-hls,TOKYO MX 2,z3.ubtvfans.com,direct-hls,true,true,retest-existing-hls,,,https://z3.ubtvfans.com/live/rx3/2205/8010baba4395d767b2f7599985480362/index.m3u8
tokyomx2,TOKYO MX 2,にっぽん,sources/live-cleaned-backup.txt,durable-cleaned-backup-hls,TOKYO MX 2,z3.ubtvfans.com,direct-hls,true,true,retest-existing-hls,,,https://z3.ubtvfans.com/live/rx3/2205/8010baba4395d767b2f7599985480362/index.m3u8
tokyowalk,Tokyo Walk,YouTube文化紀實,sources/youtube-live-channels.csv,durable-youtube-page,Tokyo Walk,www.youtube.com,youtube-page,true,true,resolve-with-yt-dlp,,pcPhqxOUv8A,https://www.youtube.com/watch?v=pcPhqxOUv8A
tokyowalk,Tokyo Walk,YouTube文化紀實,sources/live-youtube-stable.txt,generated-youtube-hls,085 Tokyo Walk,manifest.googlevideo.com,youtube-generated-hls,false,false,generated-short-lived,2026-06-22T21:51:05.000Z,pcPhqxOUv8A,"https://manifest.googlevideo.com/api/manifest/hls_playlist/expire/1782165065/ei/6Vk5av7BFt2Tpt8P9f774A8/ip/114.42.199.53/id/pcPhqxOUv8A.3/itag/94/source/yt_live_broadcast/requiressl/yes/ratebypass/yes/live/1/sgoap/gir%3Dyes%3Bitag%3D140/sgovp/gir%3Dyes%3Bitag%3D135/rqh/1/hls_chunk_host/rr2---sn-ipoxu-umbee.googlevideo.com/xpc/EgVo2aDSNQ%3D%3D/playlist_duration/30/manifest_duration/30/bui/ARmQxEVfWrqGvsWZySCSsMkgAzzQ4hhTuX96gJjLICx5KNrjQgUkU2C_o1OhLzaOFTO6iA-TwHy24c2j/spc/SQ-umgxwNORB9Js-QsFtMDcGnPmTvnGp5Y9g7CI0UaoP0cMrOw/vprv/1/reg/0/playlist_type/DVR/initcwndbps/2965000/met/1782143465,/mh/6u/mm/44/mn/sn-ipoxu-umbee/ms/lva/mv/m/mvi/2/pl/24/rms/lva,lva/dover/11/pacing/0/keepalive/yes/fexp/51565116,51565681,51946837,51987687/mt/1782143091/sparams/expire,ei,ip,id,itag,source,requiressl,ratebypass,live,sgoap,sgovp,rqh,xpc,playlist_duration,manifest_duration,bui,spc,vprv,reg,playlist_type/sig/AHEqNM4wRgIhALyF9vyTy4MbdgwT75sPXloeZug1a2kVNLraLH294SipAiEA1Ta3obSdfTlJI4mUWww1qwtPlqAx8YFQPgO3hx0lSrA%3D/lsparams/hls_chunk_host,initcwndbps,met,mh,mm,mn,ms,mv,mvi,pl,rms/lsig/APaTxxMwRAIgczQWxhNvM1l5z8MMvwyLJmuz8J6yhguXlk8EIcqt-IkCIECqw0U5LJMj50SYC2qLdVfv6FxfJnV-tSkGfxDlrarK/playlist/index.m3u8"
tooniverse,Tooniverse,한국,sources/live-base.txt,durable-base-hls,Tooniverse,z3.ubtvfans.com,direct-hls,true,true,retest-existing-hls,,,https://z3.ubtvfans.com/live/rx4/1100/1544b208f22520a3691f28069cc44491/index.m3u8
tooniverse,Tooniverse,한국,sources/live-cleaned-backup.txt,durable-cleaned-backup-hls,Tooniverse,z3.ubtvfans.com,direct-hls,true,true,retest-existing-hls,,,https://z3.ubtvfans.com/live/rx4/1100/1544b208f22520a3691f28069cc44491/index.m3u8
toutelhistoire,Toute Lhistoire,法國頻道,sources/live-base.txt,durable-base-hls,Toute Lhistoire,z3.ubtvfans.com,direct-hls,true,true,retest-existing-hls,,,https://z3.ubtvfans.com/live/rx4/2238/ee2a2adda13ed1d0038879b3ff24edca/index.m3u8
toutelhistoire,Toute Lhistoire,法國頻道,sources/live-cleaned-backup.txt,durable-cleaned-backup-hls,Toute Lhistoire,z3.ubtvfans.com,direct-hls,true,true,retest-existing-hls,,,https://z3.ubtvfans.com/live/rx4/2238/ee2a2adda13ed1d0038879b3ff24edca/index.m3u8
tpbs,TPBS,泰國頻道,sources/live-base.txt,durable-base-hls,TPBS,z3.ubtvfans.com,direct-hls,true,true,retest-existing-hls,,,https://z3.ubtvfans.com/live/rx2/2325/fc11e6fa85fa73ce57c1dba2d56a89a3/index.m3u8
tpbs,TPBS,泰國頻道,sources/live-cleaned-backup.txt,durable-cleaned-backup-hls,TPBS,z3.ubtvfans.com,direct-hls,true,true,retest-existing-hls,,,https://z3.ubtvfans.com/live/rx2/2325/fc11e6fa85fa73ce57c1dba2d56a89a3/index.m3u8
tr360tv,TR 360 TV HD,土耳其,sources/live-base.txt,durable-base-hls,TR 360 TV HD,z3.ubtvfans.com,direct-hls,true,true,retest-existing-hls,,,https://z3.ubtvfans.com/live/rx5/2373/f93c0822ccc38f790dc312b49651a3e9/index.m3u8
tr360tv,TR 360 TV HD,土耳其,sources/live-cleaned-backup.txt,durable-cleaned-backup-hls,TR 360 TV HD,z3.ubtvfans.com,direct-hls,true,true,retest-existing-hls,,,https://z3.ubtvfans.com/live/rx5/2373/f93c0822ccc38f790dc312b49651a3e9/index.m3u8
trahaber,TR A HABER HD,土耳其,sources/live-base.txt,durable-base-hls,TR A HABER HD,z3.ubtvfans.com,direct-hls,true,true,retest-existing-hls,,,https://z3.ubtvfans.com/live/rx5/2369/666944c313b4d2b75d6ab25a3da5634e/index.m3u8
trahaber,TR A HABER HD,土耳其,sources/live-cleaned-backup.txt,durable-cleaned-backup-hls,TR A HABER HD,z3.ubtvfans.com,direct-hls,true,true,retest-existing-hls,,,https://z3.ubtvfans.com/live/rx5/2369/666944c313b4d2b75d6ab25a3da5634e/index.m3u8
traspor,TR A SPOR,土耳其,sources/live-base.txt,durable-base-hls,TR A SPOR,z3.ubtvfans.com,direct-hls,true,true,retest-existing-hls,,,https://z3.ubtvfans.com/live/rx5/3289/df9bf20991566cd0bc6936f9631ddec9/index.m3u8
traspor,TR A SPOR,土耳其,sources/live-cleaned-backup.txt,durable-cleaned-backup-hls,TR A SPOR,z3.ubtvfans.com,direct-hls,true,true,retest-existing-hls,,,https://z3.ubtvfans.com/live/rx5/3289/df9bf20991566cd0bc6936f9631ddec9/index.m3u8
tratv,TR ATV HD,土耳其,sources/live-base.txt,durable-base-hls,TR ATV HD,z3.ubtvfans.com,direct-hls,true,true,retest-existing-hls,,,https://z3.ubtvfans.com/live/rx5/2388/023f5bc612af132f3003e930e554145f/index.m3u8
tratv,TR ATV HD,土耳其,sources/live-cleaned-backup.txt,durable-cleaned-backup-hls,TR ATV HD,z3.ubtvfans.com,direct-hls,true,true,retest-existing-hls,,,https://z3.ubtvfans.com/live/rx5/2388/023f5bc612af132f3003e930e554145f/index.m3u8
trbeinsports1,TR BEIN SPORTS 1 HD,土耳其,sources/live-base.txt,durable-base-hls,TR BEIN SPORTS 1 HD,z3.ubtvfans.com,direct-hls,true,true,retest-existing-hls,,,https://z3.ubtvfans.com/live/rx5/2382/b323ebb42775c6a569e63318506e477d/index.m3u8
trbeinsports1,TR BEIN SPORTS 1 HD,土耳其,sources/live-cleaned-backup.txt,durable-cleaned-backup-hls,TR BEIN SPORTS 1 HD,z3.ubtvfans.com,direct-hls,true,true,retest-existing-hls,,,https://z3.ubtvfans.com/live/rx5/2382/b323ebb42775c6a569e63318506e477d/index.m3u8
trbeinsports2,TR BEIN SPORTS 2 HD,土耳其,sources/live-base.txt,durable-base-hls,TR BEIN SPORTS 2 HD,z3.ubtvfans.com,direct-hls,true,true,retest-existing-hls,,,https://z3.ubtvfans.com/live/rx5/2381/d2343d180f250535c6098e045b275ed4/index.m3u8
trbeinsports2,TR BEIN SPORTS 2 HD,土耳其,sources/live-cleaned-backup.txt,durable-cleaned-backup-hls,TR BEIN SPORTS 2 HD,z3.ubtvfans.com,direct-hls,true,true,retest-existing-hls,,,https://z3.ubtvfans.com/live/rx5/2381/d2343d180f250535c6098e045b275ed4/index.m3u8
trbeinsports3,TR BEIN SPORTS 3 HD,土耳其,sources/live-base.txt,durable-base-hls,TR BEIN SPORTS 3 HD,z3.ubtvfans.com,direct-hls,true,true,retest-existing-hls,,,https://z3.ubtvfans.com/live/rx5/2380/629ae0113e69ee93c41f76f6dee8c07b/index.m3u8
trbeinsports3,TR BEIN SPORTS 3 HD,土耳其,sources/live-cleaned-backup.txt,durable-cleaned-backup-hls,TR BEIN SPORTS 3 HD,z3.ubtvfans.com,direct-hls,true,true,retest-existing-hls,,,https://z3.ubtvfans.com/live/rx5/2380/629ae0113e69ee93c41f76f6dee8c07b/index.m3u8
trbeinsports4,TR BEIN SPORTS 4 HD,土耳其,sources/live-base.txt,durable-base-hls,TR BEIN SPORTS 4 HD,z3.ubtvfans.com,direct-hls,true,true,retest-existing-hls,,,https://z3.ubtvfans.com/live/rx5/2379/3fd3a36cb776dca1843a31598cc745f1/index.m3u8
trbeinsports4,TR BEIN SPORTS 4 HD,土耳其,sources/live-cleaned-backup.txt,durable-cleaned-backup-hls,TR BEIN SPORTS 4 HD,z3.ubtvfans.com,direct-hls,true,true,retest-existing-hls,,,https://z3.ubtvfans.com/live/rx5/2379/3fd3a36cb776dca1843a31598cc745f1/index.m3u8
trbeyaztv,TR BEYAZ TV HD,土耳其,sources/live-base.txt,durable-base-hls,TR BEYAZ TV HD,z3.ubtvfans.com,direct-hls,true,true,retest-existing-hls,,,https://z3.ubtvfans.com/live/rx5/2368/d7ce961bfde14034d7ade20b4c8c7127/index.m3u8
trbeyaztv,TR BEYAZ TV HD,土耳其,sources/live-cleaned-backup.txt,durable-cleaned-backup-hls,TR BEYAZ TV HD,z3.ubtvfans.com,direct-hls,true,true,retest-existing-hls,,,https://z3.ubtvfans.com/live/rx5/2368/d7ce961bfde14034d7ade20b4c8c7127/index.m3u8
trcnnturk,TR CNN TURK HD,土耳其,sources/live-base.txt,durable-base-hls,TR CNN TURK HD,z3.ubtvfans.com,direct-hls,true,true,retest-existing-hls,,,https://z3.ubtvfans.com/live/rx5/2372/db5430f6ee0d61ed8a658ea3abb70172/index.m3u8
trcnnturk,TR CNN TURK HD,土耳其,sources/live-cleaned-backup.txt,durable-cleaned-backup-hls,TR CNN TURK HD,z3.ubtvfans.com,direct-hls,true,true,retest-existing-hls,,,https://z3.ubtvfans.com/live/rx5/2372/db5430f6ee0d61ed8a658ea3abb70172/index.m3u8
trdmax,TR DMAX HD,土耳其,sources/live-base.txt,durable-base-hls,TR DMAX HD,z3.ubtvfans.com,direct-hls,true,true,retest-existing-hls,,,https://z3.ubtvfans.com/live/rx5/2376/804d878d131039e49aa771e5d35066d4/index.m3u8
trdmax,TR DMAX HD,土耳其,sources/live-cleaned-backup.txt,durable-cleaned-backup-hls,TR DMAX HD,z3.ubtvfans.com,direct-hls,true,true,retest-existing-hls,,,https://z3.ubtvfans.com/live/rx5/2376/804d878d131039e49aa771e5d35066d4/index.m3u8
trfox,TR FOX HD,土耳其,sources/live-base.txt,durable-base-hls,TR FOX HD,z3.ubtvfans.com,direct-hls,true,true,retest-existing-hls,,,https://z3.ubtvfans.com/live/rx5/2383/7a36f6f1227d7b9b183e6ecb84f1e596/index.m3u8
trfox,TR FOX HD,土耳其,sources/live-cleaned-backup.txt,durable-cleaned-backup-hls,TR FOX HD,z3.ubtvfans.com,direct-hls,true,true,retest-existing-hls,,,https://z3.ubtvfans.com/live/rx5/2383/7a36f6f1227d7b9b183e6ecb84f1e596/index.m3u8
trhaberturk,TR HABER TURK HD,土耳其,sources/live-base.txt,durable-base-hls,TR HABER TURK HD,z3.ubtvfans.com,direct-hls,true,true,retest-existing-hls,,,https://z3.ubtvfans.com/live/rx5/2371/4f25b15ab25442d38632fa9ecb0282da/index.m3u8
trhaberturk,TR HABER TURK HD,土耳其,sources/live-cleaned-backup.txt,durable-cleaned-backup-hls,TR HABER TURK HD,z3.ubtvfans.com,direct-hls,true,true,retest-existing-hls,,,https://z3.ubtvfans.com/live/rx5/2371/4f25b15ab25442d38632fa9ecb0282da/index.m3u8
trkanal7,TR KANAL 7 HD,土耳其,sources/live-base.txt,durable-base-hls,TR KANAL 7 HD,z3.ubtvfans.com,direct-hls,true,true,retest-existing-hls,,,https://z3.ubtvfans.com/live/rx5/2367/0ad9bd91764954c20695c7f7daa70b5a/index.m3u8
trkanal7,TR KANAL 7 HD,土耳其,sources/live-cleaned-backup.txt,durable-cleaned-backup-hls,TR KANAL 7 HD,z3.ubtvfans.com,direct-hls,true,true,retest-existing-hls,,,https://z3.ubtvfans.com/live/rx5/2367/0ad9bd91764954c20695c7f7daa70b5a/index.m3u8
trkanald,TR KANAL D HD,土耳其,sources/live-base.txt,durable-base-hls,TR KANAL D HD,z3.ubtvfans.com,direct-hls,true,true,retest-existing-hls,,,https://z3.ubtvfans.com/live/rx5/2384/51423bbb4e2da10f203994c77125d9b1/index.m3u8
trkanald,TR KANAL D HD,土耳其,sources/live-cleaned-backup.txt,durable-cleaned-backup-hls,TR KANAL D HD,z3.ubtvfans.com,direct-hls,true,true,retest-existing-hls,,,https://z3.ubtvfans.com/live/rx5/2384/51423bbb4e2da10f203994c77125d9b1/index.m3u8
trkemalsunaltv,TR KEMAL SUNAL TV HD,Verified Fastest | 土耳其,sources/live-base.txt,durable-base-hls,TR KEMAL SUNAL TV HD,z3.ubtvfans.com,direct-hls,true,true,retest-existing-hls,,,https://z3.ubtvfans.com/live/rx5/2387/d48636c0968f859e4c42db66310e099e/index.m3u8
trkemalsunaltv,TR KEMAL SUNAL TV HD,Verified Fastest | 土耳其,sources/live-base.txt,durable-base-hls,TR KEMAL SUNAL TV HD,z3.ubtvfans.com,direct-hls,true,true,retest-existing-hls,,,https://z3.ubtvfans.com/live/rx5/2387/d48636c0968f859e4c42db66310e099e/index.m3u8
trkemalsunaltv,TR KEMAL SUNAL TV HD,Verified Fastest | 土耳其,sources/live-cleaned-backup.txt,durable-cleaned-backup-hls,TR KEMAL SUNAL TV HD,z3.ubtvfans.com,direct-hls,true,true,retest-existing-hls,,,https://z3.ubtvfans.com/live/rx5/2387/d48636c0968f859e4c42db66310e099e/index.m3u8
trntv,TR NTV HD,土耳其,sources/live-base.txt,durable-base-hls,TR NTV HD,z3.ubtvfans.com,direct-hls,true,true,retest-existing-hls,,,https://z3.ubtvfans.com/live/rx5/2370/666061acb60259db213298393d53b3ab/index.m3u8
trntv,TR NTV HD,土耳其,sources/live-cleaned-backup.txt,durable-cleaned-backup-hls,TR NTV HD,z3.ubtvfans.com,direct-hls,true,true,retest-existing-hls,,,https://z3.ubtvfans.com/live/rx5/2370/666061acb60259db213298393d53b3ab/index.m3u8
trshowtv,TR SHOW TV HD,土耳其,sources/live-base.txt,durable-base-hls,TR SHOW TV HD,z3.ubtvfans.com,direct-hls,true,true,retest-existing-hls,,,https://z3.ubtvfans.com/live/rx5/2386/a7dbc08ef2bd3ff6ddad405c9bfdd623/index.m3u8
trshowtv,TR SHOW TV HD,土耳其,sources/live-cleaned-backup.txt,durable-cleaned-backup-hls,TR SHOW TV HD,z3.ubtvfans.com,direct-hls,true,true,retest-existing-hls,,,https://z3.ubtvfans.com/live/rx5/2386/a7dbc08ef2bd3ff6ddad405c9bfdd623/index.m3u8
trstartv,TR STAR TV HD,土耳其,sources/live-base.txt,durable-base-hls,TR STAR TV HD,z3.ubtvfans.com,direct-hls,true,true,retest-existing-hls,,,https://z3.ubtvfans.com/live/rx5/2385/facc8a9fa22b07424efddef6a4e47e9f/index.m3u8
trstartv,TR STAR TV HD,土耳其,sources/live-cleaned-backup.txt,durable-cleaned-backup-hls,TR STAR TV HD,z3.ubtvfans.com,direct-hls,true,true,retest-existing-hls,,,https://z3.ubtvfans.com/live/rx5/2385/facc8a9fa22b07424efddef6a4e47e9f/index.m3u8
trtgrthaber,TR TGRT HABER HD,土耳其,sources/live-base.txt,durable-base-hls,TR TGRT HABER HD,z3.ubtvfans.com,direct-hls,true,true,retest-existing-hls,,,https://z3.ubtvfans.com/live/rx5/2390/791b8f86db4c161ad71884068dae38f6/index.m3u8
trtgrthaber,TR TGRT HABER HD,土耳其,sources/live-cleaned-backup.txt,durable-cleaned-backup-hls,TR TGRT HABER HD,z3.ubtvfans.com,direct-hls,true,true,retest-existing-hls,,,https://z3.ubtvfans.com/live/rx5/2390/791b8f86db4c161ad71884068dae38f6/index.m3u8
trtrt1,TR TRT 1 HD,土耳其,sources/live-base.txt,durable-base-hls,TR TRT 1 HD,z3.ubtvfans.com,direct-hls,true,true,retest-existing-hls,,,https://z3.ubtvfans.com/live/rx5/3288/3a56f2593bea79f0cc33ee59476897b3/index.m3u8
trtrt1,TR TRT 1 HD,土耳其,sources/live-cleaned-backup.txt,durable-cleaned-backup-hls,TR TRT 1 HD,z3.ubtvfans.com,direct-hls,true,true,retest-existing-hls,,,https://z3.ubtvfans.com/live/rx5/3288/3a56f2593bea79f0cc33ee59476897b3/index.m3u8
trtrtbelgesel,TR TRT BELGESEL HD,土耳其,sources/live-base.txt,durable-base-hls,TR TRT BELGESEL HD,z3.ubtvfans.com,direct-hls,true,true,retest-existing-hls,,,https://z3.ubtvfans.com/live/rx5/2375/8efa1fa19356a218e96c7a8f5fd67734/index.m3u8
trtrtbelgesel,TR TRT BELGESEL HD,土耳其,sources/live-cleaned-backup.txt,durable-cleaned-backup-hls,TR TRT BELGESEL HD,z3.ubtvfans.com,direct-hls,true,true,retest-existing-hls,,,https://z3.ubtvfans.com/live/rx5/2375/8efa1fa19356a218e96c7a8f5fd67734/index.m3u8
trtrtcocuk,TR TRT COCUK HD,土耳其,sources/live-base.txt,durable-base-hls,TR TRT COCUK HD,z3.ubtvfans.com,direct-hls,true,true,retest-existing-hls,,,https://z3.ubtvfans.com/live/rx5/2374/2f752fdb0041eccc4a4f88dc1c505b2c/index.m3u8
trtrtcocuk,TR TRT COCUK HD,土耳其,sources/live-cleaned-backup.txt,durable-cleaned-backup-hls,TR TRT COCUK HD,z3.ubtvfans.com,direct-hls,true,true,retest-existing-hls,,,https://z3.ubtvfans.com/live/rx5/2374/2f752fdb0041eccc4a4f88dc1c505b2c/index.m3u8
trtrtspor,TR TRT SPOR HD,土耳其,sources/live-base.txt,durable-base-hls,TR TRT SPOR HD,z3.ubtvfans.com,direct-hls,true,true,retest-existing-hls,,,https://z3.ubtvfans.com/live/rx5/2377/8494bac2a0195378c9e5cb1089876267/index.m3u8
trtrtspor,TR TRT SPOR HD,土耳其,sources/live-cleaned-backup.txt,durable-cleaned-backup-hls,TR TRT SPOR HD,z3.ubtvfans.com,direct-hls,true,true,retest-existing-hls,,,https://z3.ubtvfans.com/live/rx5/2377/8494bac2a0195378c9e5cb1089876267/index.m3u8
trtv8,TR TV 8 HD,土耳其,sources/live-base.txt,durable-base-hls,TR TV 8 HD,z3.ubtvfans.com,direct-hls,true,true,retest-existing-hls,,,https://z3.ubtvfans.com/live/rx5/2391/1836fd05e130d4b407aa417734f2beec/index.m3u8
trtv8,TR TV 8 HD,土耳其,sources/live-cleaned-backup.txt,durable-cleaned-backup-hls,TR TV 8 HD,z3.ubtvfans.com,direct-hls,true,true,retest-existing-hls,,,https://z3.ubtvfans.com/live/rx5/2391/1836fd05e130d4b407aa417734f2beec/index.m3u8
trulusaltv,TR ULUSAL TV,土耳其,sources/live-base.txt,durable-base-hls,TR ULUSAL TV,z3.ubtvfans.com,direct-hls,true,true,retest-existing-hls,,,https://z3.ubtvfans.com/live/rx5/2378/dc28c0333b60e729206e55ad7441717d/index.m3u8
trulusaltv,TR ULUSAL TV,土耳其,sources/live-cleaned-backup.txt,durable-cleaned-backup-hls,TR ULUSAL TV,z3.ubtvfans.com,direct-hls,true,true,retest-existing-hls,,,https://z3.ubtvfans.com/live/rx5/2378/dc28c0333b60e729206e55ad7441717d/index.m3u8
trans7eko,Trans7_eko,Verified Fastest | 印尼頻道,sources/live-base.txt,durable-base-hls,Trans7_eko,z3.ubtvfans.com,direct-hls,true,true,retest-existing-hls,,,https://z3.ubtvfans.com/live/rx6/1485/65eb5c9d246e08321db273428d310026/index.m3u8
trans7eko,Trans7_eko,Verified Fastest | 印尼頻道,sources/live-base.txt,durable-base-hls,Trans7_eko,z3.ubtvfans.com,direct-hls,true,true,retest-existing-hls,,,https://z3.ubtvfans.com/live/rx6/1485/65eb5c9d246e08321db273428d310026/index.m3u8
trans7eko,Trans7_eko,Verified Fastest | 印尼頻道,sources/live-cleaned-backup.txt,durable-cleaned-backup-hls,Trans7_eko,z3.ubtvfans.com,direct-hls,true,true,retest-existing-hls,,,https://z3.ubtvfans.com/live/rx6/1485/65eb5c9d246e08321db273428d310026/index.m3u8
transtv,Transtv,印尼頻道,sources/live-base.txt,durable-base-hls,Transtv,z3.ubtvfans.com,direct-hls,true,true,retest-existing-hls,,,https://z3.ubtvfans.com/live/rx6/1484/ece6bb52c1b9945490f20f3d62db9011/index.m3u8
transtv,Transtv,印尼頻道,sources/live-cleaned-backup.txt,durable-cleaned-backup-hls,Transtv,z3.ubtvfans.com,direct-hls,true,true,retest-existing-hls,,,https://z3.ubtvfans.com/live/rx6/1484/ece6bb52c1b9945490f20f3d62db9011/index.m3u8
travelchan,Travel chan,美國頻道,sources/live-base.txt,durable-base-hls,Travel chan,z3.ubtvfans.com,direct-hls,true,true,retest-existing-hls,,,https://z3.ubtvfans.com/live/rx2/1515/068ac2c109449104e48b7eff9ce1d611/index.m3u8
travelchan,Travel chan,美國頻道,sources/live-cleaned-backup.txt,durable-cleaned-backup-hls,Travel chan,z3.ubtvfans.com,direct-hls,true,true,retest-existing-hls,,,https://z3.ubtvfans.com/live/rx2/1515/068ac2c109449104e48b7eff9ce1d611/index.m3u8
treehouse,Treehouse,少兒頻道 | 加拿大,sources/live-base.txt,durable-base-hls,Treehouse,z3.ubtvfans.com,direct-hls,true,true,retest-existing-hls,,,https://z3.ubtvfans.com/live/rx4/55/c1dc68e981a3d166303d8799dfe3dda7/index.m3u8
treehouse,Treehouse,少兒頻道 | 加拿大,sources/live-base.txt,durable-base-hls,TreeHouse,z3.ubtvfans.com,direct-hls,true,true,retest-existing-hls,,,https://z3.ubtvfans.com/live/rx3/1283/3f3ba6a5a622c2b86c4f291cc3f6b6bd/index.m3u8
treehouse,Treehouse,少兒頻道 | 加拿大,sources/live-cleaned-backup.txt,durable-cleaned-backup-hls,Treehouse,z3.ubtvfans.com,direct-hls,true,true,retest-existing-hls,,,https://z3.ubtvfans.com/live/rx4/55/c1dc68e981a3d166303d8799dfe3dda7/index.m3u8
treehouse,Treehouse,少兒頻道 | 加拿大,sources/live-cleaned-backup.txt,durable-cleaned-backup-hls,TreeHouse,z3.ubtvfans.com,direct-hls,true,true,retest-existing-hls,,,https://z3.ubtvfans.com/live/rx3/1283/3f3ba6a5a622c2b86c4f291cc3f6b6bd/index.m3u8
trill恐怖電影,Trill恐怖電影,台灣頻道,sources/live-base.txt,durable-base-hls,Trill恐怖電影,z3.ubtvfans.com,direct-hls,true,true,retest-existing-hls,,,https://z3.ubtvfans.com/live/rx6/18/13cd3989fded34c1189c198e9d9d4e99/index.m3u8
trill恐怖電影,Trill恐怖電影,台灣頻道,sources/live-cleaned-backup.txt,durable-cleaned-backup-hls,Trill恐怖電影,z3.ubtvfans.com,direct-hls,true,true,retest-existing-hls,,,https://z3.ubtvfans.com/live/rx6/18/13cd3989fded34c1189c198e9d9d4e99/index.m3u8
trtworld,TRT WORLD,新聞頻道,sources/live-base.txt,durable-base-hls,TRT WORLD,z3.ubtvfans.com,direct-hls,true,true,retest-existing-hls,,,https://z3.ubtvfans.com/live/rx4/1022/5b41bbf76ec7f873a3ddad2f5a1506b6/index.m3u8
trtworld,TRT WORLD,新聞頻道,sources/live-cleaned-backup.txt,durable-cleaned-backup-hls,TRT WORLD,z3.ubtvfans.com,direct-hls,true,true,retest-existing-hls,,,https://z3.ubtvfans.com/live/rx4/1022/5b41bbf76ec7f873a3ddad2f5a1506b6/index.m3u8
trueentertainment,True entertainment,英國頻道,sources/live-base.txt,durable-base-hls,True entertainment,z3.ubtvfans.com,direct-hls,true,true,retest-existing-hls,,,https://z3.ubtvfans.com/live/rx4/1386/9fda3b7555302883902a227465a8549a/index.m3u8
trueentertainment,True entertainment,英國頻道,sources/live-cleaned-backup.txt,durable-cleaned-backup-hls,True entertainment,z3.ubtvfans.com,direct-hls,true,true,retest-existing-hls,,,https://z3.ubtvfans.com/live/rx4/1386/9fda3b7555302883902a227465a8549a/index.m3u8
tsn1,TSN 1,體育頻道,sources/live-base.txt,durable-base-hls,TSN 1,z3.ubtvfans.com,direct-hls,true,true,retest-existing-hls,,,https://z3.ubtvfans.com/live/rx3/1273/5b15dd097629c54eea8448b1f5456066/index.m3u8
tsn1,TSN 1,體育頻道,sources/live-cleaned-backup.txt,durable-cleaned-backup-hls,TSN 1,z3.ubtvfans.com,direct-hls,true,true,retest-existing-hls,,,https://z3.ubtvfans.com/live/rx3/1273/5b15dd097629c54eea8448b1f5456066/index.m3u8
tsn2,TSN 2,體育頻道,sources/live-base.txt,durable-base-hls,TSN 2,z3.ubtvfans.com,direct-hls,true,true,retest-existing-hls,,,https://z3.ubtvfans.com/live/rx3/1274/1a10d53c47be4cf9fed9301ff9257c2d/index.m3u8
tsn2,TSN 2,體育頻道,sources/live-cleaned-backup.txt,durable-cleaned-backup-hls,TSN 2,z3.ubtvfans.com,direct-hls,true,true,retest-existing-hls,,,https://z3.ubtvfans.com/live/rx3/1274/1a10d53c47be4cf9fed9301ff9257c2d/index.m3u8
tsn3,TSN 3,體育頻道,sources/live-base.txt,durable-base-hls,TSN 3,z3.ubtvfans.com,direct-hls,true,true,retest-existing-hls,,,https://z3.ubtvfans.com/live/rx3/1275/247a89a3cebdee6359357f0e7bcf9331/index.m3u8
tsn3,TSN 3,體育頻道,sources/live-cleaned-backup.txt,durable-cleaned-backup-hls,TSN 3,z3.ubtvfans.com,direct-hls,true,true,retest-existing-hls,,,https://z3.ubtvfans.com/live/rx3/1275/247a89a3cebdee6359357f0e7bcf9331/index.m3u8
tsn4,TSN 4,體育頻道,sources/live-base.txt,durable-base-hls,TSN 4,z3.ubtvfans.com,direct-hls,true,true,retest-existing-hls,,,https://z3.ubtvfans.com/live/rx3/1276/60ba8daf8bb0f11d1c913a04288f3388/index.m3u8
tsn4,TSN 4,體育頻道,sources/live-cleaned-backup.txt,durable-cleaned-backup-hls,TSN 4,z3.ubtvfans.com,direct-hls,true,true,retest-existing-hls,,,https://z3.ubtvfans.com/live/rx3/1276/60ba8daf8bb0f11d1c913a04288f3388/index.m3u8
tsn5,TSN 5,體育頻道,sources/live-base.txt,durable-base-hls,TSN 5,z3.ubtvfans.com,direct-hls,true,true,retest-existing-hls,,,https://z3.ubtvfans.com/live/rx3/1277/3d7e32fd49b6fb906c5da1dffba6a5cb/index.m3u8
tsn5,TSN 5,體育頻道,sources/live-cleaned-backup.txt,durable-cleaned-backup-hls,TSN 5,z3.ubtvfans.com,direct-hls,true,true,retest-existing-hls,,,https://z3.ubtvfans.com/live/rx3/1277/3d7e32fd49b6fb906c5da1dffba6a5cb/index.m3u8
tvcentr,TV CENTR,俄羅斯,sources/live-base.txt,durable-base-hls,TV CENTR,z3.ubtvfans.com,direct-hls,true,true,retest-existing-hls,,,https://z3.ubtvfans.com/live/rx3/2451/c415e125e1d7fc79d07eb197a2b58356/index.m3u8
tvcentr,TV CENTR,俄羅斯,sources/live-cleaned-backup.txt,durable-cleaned-backup-hls,TV CENTR,z3.ubtvfans.com,direct-hls,true,true,retest-existing-hls,,,https://z3.ubtvfans.com/live/rx3/2451/c415e125e1d7fc79d07eb197a2b58356/index.m3u8
tvchosun,TV Chosun,한국,sources/live-base.txt,durable-base-hls,TV Chosun,z3.ubtvfans.com,direct-hls,true,true,retest-existing-hls,,,https://z3.ubtvfans.com/live/rx4/3109/fe5128fd5931a14326ea0c4dac909517/index.m3u8
tvchosun,TV Chosun,한국,sources/live-cleaned-backup.txt,durable-cleaned-backup-hls,TV Chosun,z3.ubtvfans.com,direct-hls,true,true,retest-existing-hls,,,https://z3.ubtvfans.com/live/rx4/3109/fe5128fd5931a14326ea0c4dac909517/index.m3u8
tvchosun2,TV Chosun 2,한국,sources/live-base.txt,durable-base-hls,TV Chosun 2,z3.ubtvfans.com,direct-hls,true,true,retest-existing-hls,,,https://z3.ubtvfans.com/live/rx4/3202/a8c77a3f852061a66bf42de1150ae94e/index.m3u8
tvchosun2,TV Chosun 2,한국,sources/live-cleaned-backup.txt,durable-cleaned-backup-hls,TV Chosun 2,z3.ubtvfans.com,direct-hls,true,true,retest-existing-hls,,,https://z3.ubtvfans.com/live/rx4/3202/a8c77a3f852061a66bf42de1150ae94e/index.m3u8
tvtokyo,TV Tokyo,にっぽん,sources/live-base.txt,durable-base-hls,TV Tokyo,z3.ubtvfans.com,direct-hls,true,true,retest-existing-hls,,,https://z3.ubtvfans.com/live/rx3/123/3c9c7e278cd2c625bc5383fdd5ac30f5/index.m3u8
tvtokyo,TV Tokyo,にっぽん,sources/live-cleaned-backup.txt,durable-cleaned-backup-hls,TV Tokyo,z3.ubtvfans.com,direct-hls,true,true,retest-existing-hls,,,https://z3.ubtvfans.com/live/rx3/123/3c9c7e278cd2c625bc5383fdd5ac30f5/index.m3u8
tv1,TV1,新馬頻道,sources/live-base.txt,durable-base-hls,TV1,z3.ubtvfans.com,direct-hls,true,true,retest-existing-hls,,,https://z3.ubtvfans.com/live/rx3/435/26601c9b3070051cb7d0d50554eb867c/index.m3u8
tv1,TV1,新馬頻道,sources/live-cleaned-backup.txt,durable-cleaned-backup-hls,TV1,z3.ubtvfans.com,direct-hls,true,true,retest-existing-hls,,,https://z3.ubtvfans.com/live/rx3/435/26601c9b3070051cb7d0d50554eb867c/index.m3u8
tv2,TV2,新馬頻道,sources/live-base.txt,durable-base-hls,TV2,z3.ubtvfans.com,direct-hls,true,true,retest-existing-hls,,,https://z3.ubtvfans.com/live/rx3/436/0b30e6ee65f7f7063e9b92ed17dca0e7/index.m3u8
tv2,TV2,新馬頻道,sources/live-cleaned-backup.txt,durable-cleaned-backup-hls,TV2,z3.ubtvfans.com,direct-hls,true,true,retest-existing-hls,,,https://z3.ubtvfans.com/live/rx3/436/0b30e6ee65f7f7063e9b92ed17dca0e7/index.m3u8
tv3,TV3,新馬頻道,sources/live-base.txt,durable-base-hls,TV3,z3.ubtvfans.com,direct-hls,true,true,retest-existing-hls,,,https://z3.ubtvfans.com/live/rx3/437/a12f894c9a78d259fc195436541597a6/index.m3u8
tv3,TV3,新馬頻道,sources/live-cleaned-backup.txt,durable-cleaned-backup-hls,TV3,z3.ubtvfans.com,direct-hls,true,true,retest-existing-hls,,,https://z3.ubtvfans.com/live/rx3/437/a12f894c9a78d259fc195436541597a6/index.m3u8
tv3virgin,Tv3 virgin,英國頻道,sources/live-base.txt,durable-base-hls,Tv3 virgin,z3.ubtvfans.com,direct-hls,true,true,retest-existing-hls,,,https://z3.ubtvfans.com/live/rx4/1416/5337aadfdc3873c7747c99b1313343d0/index.m3u8
tv3virgin,Tv3 virgin,英國頻道,sources/live-cleaned-backup.txt,durable-cleaned-backup-hls,Tv3 virgin,z3.ubtvfans.com,direct-hls,true,true,retest-existing-hls,,,https://z3.ubtvfans.com/live/rx4/1416/5337aadfdc3873c7747c99b1313343d0/index.m3u8
tv5news,TV5 News,YouTube國際新聞,sources/youtube-live-channels.csv,durable-youtube-page,TV5 News,www.youtube.com,youtube-page,true,true,resolve-with-yt-dlp,,EMNH8Gg8BzM,https://www.youtube.com/watch?v=EMNH8Gg8BzM
tv5mondestyle,TV5MONDE STYLE,紀實頻道,sources/live-base.txt,durable-base-hls,TV5MONDE STYLE,z3.ubtvfans.com,direct-hls,true,true,retest-existing-hls,,,https://z3.ubtvfans.com/live/rx6/389/25888db98caced709a45b0ec06c50a31/index.m3u8
tv5mondestyle,TV5MONDE STYLE,紀實頻道,sources/live-cleaned-backup.txt,durable-cleaned-backup-hls,TV5MONDE STYLE,z3.ubtvfans.com,direct-hls,true,true,retest-existing-hls,,,https://z3.ubtvfans.com/live/rx6/389/25888db98caced709a45b0ec06c50a31/index.m3u8
tv8,TV8,新馬頻道,sources/live-base.txt,durable-base-hls,TV8,z3.ubtvfans.com,direct-hls,true,true,retest-existing-hls,,,https://z3.ubtvfans.com/live/rx3/1455/d12ac00f8cea7038dafcb8165956feba/index.m3u8
tv8,TV8,新馬頻道,sources/live-base.txt,durable-base-hls,TV8,z3.ubtvfans.com,direct-hls,true,true,retest-existing-hls,,,https://z3.ubtvfans.com/live/rx3/442/db9fddeaa482dfaec8d9e7b372fe9b65/index.m3u8
tv8,TV8,新馬頻道,sources/live-cleaned-backup.txt,durable-cleaned-backup-hls,TV8,z3.ubtvfans.com,direct-hls,true,true,retest-existing-hls,,,https://z3.ubtvfans.com/live/rx3/1455/d12ac00f8cea7038dafcb8165956feba/index.m3u8
tv8,TV8,新馬頻道,sources/live-cleaned-backup.txt,durable-cleaned-backup-hls,TV8,z3.ubtvfans.com,direct-hls,true,true,retest-existing-hls,,,https://z3.ubtvfans.com/live/rx3/442/db9fddeaa482dfaec8d9e7b372fe9b65/index.m3u8
tv9,TV9,新馬頻道 | 印尼頻道,sources/live-base.txt,durable-base-hls,TV9,z3.ubtvfans.com,direct-hls,true,true,retest-existing-hls,,,https://z3.ubtvfans.com/live/rx3/438/e21723fe13262b6a6efe6f70ccde8256/index.m3u8
tv9,TV9,新馬頻道 | 印尼頻道,sources/live-base.txt,durable-base-hls,TV9,z3.ubtvfans.com,direct-hls,true,true,retest-existing-hls,,,https://z3.ubtvfans.com/live/rx6/1487/d4df87112c9a1433073d83f02c5cc0fb/index.m3u8
tv9,TV9,新馬頻道 | 印尼頻道,sources/live-cleaned-backup.txt,durable-cleaned-backup-hls,TV9,z3.ubtvfans.com,direct-hls,true,true,retest-existing-hls,,,https://z3.ubtvfans.com/live/rx3/438/e21723fe13262b6a6efe6f70ccde8256/index.m3u8
tv9,TV9,新馬頻道 | 印尼頻道,sources/live-cleaned-backup.txt,durable-cleaned-backup-hls,TV9,z3.ubtvfans.com,direct-hls,true,true,retest-existing-hls,,,https://z3.ubtvfans.com/live/rx6/1487/d4df87112c9a1433073d83f02c5cc0fb/index.m3u8
tv9marathi,TV9 Marathi,भारत,sources/live-base.txt,durable-base-hls,TV9 Marathi,z3.ubtvfans.com,direct-hls,true,true,retest-existing-hls,,,https://z3.ubtvfans.com/live/rx3/2281/f984e5eac888ff472c20def918c7c709/index.m3u8
tv9marathi,TV9 Marathi,भारत,sources/live-cleaned-backup.txt,durable-cleaned-backup-hls,TV9 Marathi,z3.ubtvfans.com,direct-hls,true,true,retest-existing-hls,,,https://z3.ubtvfans.com/live/rx3/2281/f984e5eac888ff472c20def918c7c709/index.m3u8
tvbdrama,TVB DRAMA,港澳頻道,sources/live-base.txt,durable-base-hls,TVB DRAMA,z3.ubtvfans.com,direct-hls,true,true,retest-existing-hls,,,https://z3.ubtvfans.com/live/rx6/1243/28b0cad35a10ece34c76617cf1666f24/index.m3u8
tvbdrama,TVB DRAMA,港澳頻道,sources/live-cleaned-backup.txt,durable-cleaned-backup-hls,TVB DRAMA,z3.ubtvfans.com,direct-hls,true,true,retest-existing-hls,,,https://z3.ubtvfans.com/live/rx6/1243/28b0cad35a10ece34c76617cf1666f24/index.m3u8
tvbj2,TVB J2,港澳頻道,sources/live-base.txt,durable-base-hls,TVB J2,z3.ubtvfans.com,direct-hls,true,true,retest-existing-hls,,,https://z3.ubtvfans.com/live/rx3/392/f181e9b5beacce70822ecd56f2ff3a60/index.m3u8
tvbj2,TVB J2,港澳頻道,sources/live-cleaned-backup.txt,durable-cleaned-backup-hls,TVB J2,z3.ubtvfans.com,direct-hls,true,true,retest-existing-hls,,,https://z3.ubtvfans.com/live/rx3/392/f181e9b5beacce70822ecd56f2ff3a60/index.m3u8
tvbplus,TVB plus,港澳頻道,sources/live-base.txt,durable-base-hls,TVB plus,z3.ubtvfans.com,direct-hls,true,true,retest-existing-hls,,,https://z3.ubtvfans.com/live/rx3/394/6ca77065bd3abbf5fabd7986c33c2f3c/index.m3u8
tvbplus,TVB plus,港澳頻道,sources/live-cleaned-backup.txt,durable-cleaned-backup-hls,TVB plus,z3.ubtvfans.com,direct-hls,true,true,retest-existing-hls,,,https://z3.ubtvfans.com/live/rx3/394/6ca77065bd3abbf5fabd7986c33c2f3c/index.m3u8
tvbpopc,TVB_POPC,港澳頻道,sources/live-base.txt,durable-base-hls,TVB_POPC,z3.ubtvfans.com,direct-hls,true,true,retest-existing-hls,,,https://z3.ubtvfans.com/live/rx3/2818/5b30b8dcda7a71491b6f1120e763db04/index.m3u8
tvbpopc,TVB_POPC,港澳頻道,sources/live-cleaned-backup.txt,durable-cleaned-backup-hls,TVB_POPC,z3.ubtvfans.com,direct-hls,true,true,retest-existing-hls,,,https://z3.ubtvfans.com/live/rx3/2818/5b30b8dcda7a71491b6f1120e763db04/index.m3u8
tvb1,TVB1,港澳頻道,sources/live-base.txt,durable-base-hls,TVB1,z3.ubtvfans.com,direct-hls,true,true,retest-existing-hls,,,https://z3.ubtvfans.com/live/rx6/1242/f6307c563430858b3a52b6537671a300/index.m3u8
tvb1,TVB1,港澳頻道,sources/live-cleaned-backup.txt,durable-cleaned-backup-hls,TVB1,z3.ubtvfans.com,direct-hls,true,true,retest-existing-hls,,,https://z3.ubtvfans.com/live/rx6/1242/f6307c563430858b3a52b6537671a300/index.m3u8
tvb功夫台,TVB功夫台,港澳頻道,sources/live-base.txt,durable-base-hls,TVB功夫台,z3.ubtvfans.com,direct-hls,true,true,retest-existing-hls,,,https://z3.ubtvfans.com/live/rx6/168/0645b9a525f605f5522d0c4ad27d002b/index.m3u8
tvb功夫台,TVB功夫台,港澳頻道,sources/live-cleaned-backup.txt,durable-cleaned-backup-hls,TVB功夫台,z3.ubtvfans.com,direct-hls,true,true,retest-existing-hls,,,https://z3.ubtvfans.com/live/rx6/168/0645b9a525f605f5522d0c4ad27d002b/index.m3u8
tvb亞洲劇,TVB亞洲劇,港澳頻道,sources/live-base.txt,durable-base-hls,TVB亞洲劇,z3.ubtvfans.com,direct-hls,true,true,retest-existing-hls,,,https://z3.ubtvfans.com/live/rx6/1048/ba97f2529f5a142c6139f78eb3bb591c/index.m3u8
tvb亞洲劇,TVB亞洲劇,港澳頻道,sources/live-cleaned-backup.txt,durable-cleaned-backup-hls,TVB亞洲劇,z3.ubtvfans.com,direct-hls,true,true,retest-existing-hls,,,https://z3.ubtvfans.com/live/rx6/1048/ba97f2529f5a142c6139f78eb3bb591c/index.m3u8
tvb明珠,TVB明珠,港澳頻道,sources/live-base.txt,durable-base-hls,TVB明珠,z3.ubtvfans.com,direct-hls,true,true,retest-existing-hls,,,https://z3.ubtvfans.com/live/rx3/2437/3932585f7a20a1e8262c3917d8180e7d/index.m3u8
tvb明珠,TVB明珠,港澳頻道,sources/live-cleaned-backup.txt,durable-cleaned-backup-hls,TVB明珠,z3.ubtvfans.com,direct-hls,true,true,retest-existing-hls,,,https://z3.ubtvfans.com/live/rx3/2437/3932585f7a20a1e8262c3917d8180e7d/index.m3u8
tvb粵語片,TVB粵語片,港澳頻道,sources/live-base.txt,durable-base-hls,TVB粵語片,z3.ubtvfans.com,direct-hls,true,true,retest-existing-hls,,,https://z3.ubtvfans.com/live/rx6/1589/6fbc837959aeea20a19efef16547bcb1/index.m3u8
tvb粵語片,TVB粵語片,港澳頻道,sources/live-cleaned-backup.txt,durable-cleaned-backup-hls,TVB粵語片,z3.ubtvfans.com,direct-hls,true,true,retest-existing-hls,,,https://z3.ubtvfans.com/live/rx6/1589/6fbc837959aeea20a19efef16547bcb1/index.m3u8
tvb經典,TVB經典,新馬頻道,sources/live-base.txt,durable-base-hls,TVB經典,z3.ubtvfans.com,direct-hls,true,true,retest-existing-hls,,,https://z3.ubtvfans.com/live/rx3/1083/65fa2454c8febaa8b22dc238bebc3d22/index.m3u8
tvb經典,TVB經典,新馬頻道,sources/live-cleaned-backup.txt,durable-cleaned-backup-hls,TVB經典,z3.ubtvfans.com,direct-hls,true,true,retest-existing-hls,,,https://z3.ubtvfans.com/live/rx3/1083/65fa2454c8febaa8b22dc238bebc3d22/index.m3u8
tvbaduk,TVBaduk,한국,sources/live-base.txt,durable-base-hls,TVBaduk,z3.ubtvfans.com,direct-hls,true,true,retest-existing-hls,,,https://z3.ubtvfans.com/live/rx4/2906/d6a9fed4bb4d05f7e23fcde63556973f/index.m3u8
tvbaduk,TVBaduk,한국,sources/live-cleaned-backup.txt,durable-cleaned-backup-hls,TVBaduk,z3.ubtvfans.com,direct-hls,true,true,retest-existing-hls,,,https://z3.ubtvfans.com/live/rx4/2906/d6a9fed4bb4d05f7e23fcde63556973f/index.m3u8
tvbe,TVBE,港澳頻道,sources/live-base.txt,durable-base-hls,TVBE,z3.ubtvfans.com,direct-hls,true,true,retest-existing-hls,,,https://z3.ubtvfans.com/live/rx6/1245/20b8e643079e2bfa2d636838eb364803/index.m3u8
tvbe,TVBE,港澳頻道,sources/live-cleaned-backup.txt,durable-cleaned-backup-hls,TVBE,z3.ubtvfans.com,direct-hls,true,true,retest-existing-hls,,,https://z3.ubtvfans.com/live/rx6/1245/20b8e643079e2bfa2d636838eb364803/index.m3u8
tvbj1,TVBJ1,港澳頻道,sources/live-base.txt,durable-base-hls,TVBJ1,z3.ubtvfans.com,direct-hls,true,true,retest-existing-hls,,,https://z3.ubtvfans.com/live/rx6/1244/9e33f54f11985bfef721c0c5b96bc693/index.m3u8
tvbj1,TVBJ1,港澳頻道,sources/live-cleaned-backup.txt,durable-cleaned-backup-hls,TVBJ1,z3.ubtvfans.com,direct-hls,true,true,retest-existing-hls,,,https://z3.ubtvfans.com/live/rx6/1244/9e33f54f11985bfef721c0c5b96bc693/index.m3u8
tvbs,TVBS,台灣頻道,sources/live-base.txt,durable-base-hls,TVBS,z3.ubtvfans.com,direct-hls,true,true,retest-existing-hls,,,https://z3.ubtvfans.com/live/rx3/2273/e38682ba99e995012865ef6aa7992c66/index.m3u8
tvbs,TVBS,台灣頻道,sources/live-base.txt,durable-base-hls,TVBS,z3.ubtvfans.com,direct-hls,true,true,retest-existing-hls,,,https://z3.ubtvfans.com/live/rx1/16/816a76dca2889ba6884ee64e09151340/index.m3u8
tvbs,TVBS,台灣頻道,sources/live-cleaned-backup.txt,durable-cleaned-backup-hls,TVBS,z3.ubtvfans.com,direct-hls,true,true,retest-existing-hls,,,https://z3.ubtvfans.com/live/rx3/2273/e38682ba99e995012865ef6aa7992c66/index.m3u8
tvbs,TVBS,台灣頻道,sources/live-cleaned-backup.txt,durable-cleaned-backup-hls,TVBS,z3.ubtvfans.com,direct-hls,true,true,retest-existing-hls,,,https://z3.ubtvfans.com/live/rx1/16/816a76dca2889ba6884ee64e09151340/index.m3u8
tvbsnews,TVBS NEWS,YouTube新聞台,sources/youtube-live-channels.csv,durable-youtube-page,TVBS NEWS,www.youtube.com,youtube-page,true,true,resolve-with-yt-dlp,,jMGAopbbmEE,https://www.youtube.com/watch?v=jMGAopbbmEE
tvbsnews24小時直播,TVBS NEWS 24小時直播,YouTube新聞台,sources/youtube-live-channels.csv,durable-youtube-page,TVBS NEWS 24小時直播,www.youtube.com,youtube-page,true,true,resolve-with-yt-dlp,,m_dhMSvUCIc,https://www.youtube.com/watch?v=m_dhMSvUCIc
tvbsnews24小時直播,TVBS NEWS 24小時直播,YouTube新聞台,sources/live-youtube-stable.txt,generated-youtube-hls,009 TVBS NEWS 24小時直播,manifest.googlevideo.com,youtube-generated-hls,false,false,generated-short-lived,2026-06-22T21:47:57.000Z,m_dhMSvUCIc,"https://manifest.googlevideo.com/api/manifest/hls_playlist/expire/1782164877/ei/LVk5av3KGsTP2roP_-fmqAs/ip/114.42.199.53/id/m_dhMSvUCIc.7/itag/94/source/yt_live_broadcast/requiressl/yes/ratebypass/yes/live/1/sgoap/gir%3Dyes%3Bitag%3D140/sgovp/gir%3Dyes%3Bitag%3D135/rqh/1/hls_chunk_host/rr1---sn-ipoxu-umbk.googlevideo.com/xpc/EgVo2aDSNQ%3D%3D/playlist_duration/30/manifest_duration/30/bui/ARmQxEWHQZV8okrfrcTrix-77LpITnr33kFJX8U_hIpCCtE9NaMSMOwOOOlx5ZLWCtGW_rKEzZRneHe4/spc/SQ-umuu4eb1zVYDM4ldPHl9xxiSC7DpqaZisGaeyLxUT1dLJpg/vprv/1/reg/0/playlist_type/DVR/initcwndbps/2872500/met/1782143277,/mh/V0/mm/44/mn/sn-ipoxu-umbk/ms/lva/mv/m/mvi/1/pcm2cms/yes/pl/24/rms/lva,lva/dover/11/pacing/0/keepalive/yes/fexp/51565115,51565682,51987687/mt/1782142835/sparams/expire,ei,ip,id,itag,source,requiressl,ratebypass,live,sgoap,sgovp,rqh,xpc,playlist_duration,manifest_duration,bui,spc,vprv,reg,playlist_type/sig/AHEqNM4wRgIhAIzSzUOVeQOY8Q8oI51ZRfGE5n2rD0L90tBxDioIX7UVAiEApY4wFE0PaJgkjHLWKoBcjhmbezVzrKPF9D7Ks6zqnto%3D/lsparams/hls_chunk_host,initcwndbps,met,mh,mm,mn,ms,mv,mvi,pcm2cms,pl,rms/lsig/APaTxxMwRgIhAOHkygtDbuznfVhGfr5cfWujm2CqaLWlEIw_SzzJyLt2AiEAwYK4Jd4A1FMetuB3irK-zdbyAbJkR4G1qN0GjmByjK0%3D/playlist/index.m3u8"
tvbs新聞,TVBS新聞,台灣頻道,sources/live-base.txt,durable-base-hls,TVBS新聞,z3.ubtvfans.com,direct-hls,true,true,retest-existing-hls,,,https://z3.ubtvfans.com/live/rx1/2736/a9e0da19e80810bc21a903a4b9b02aa8/index.m3u8
tvbs新聞,TVBS新聞,台灣頻道,sources/live-base.txt,durable-base-hls,TVBS新聞,z3.ubtvfans.com,direct-hls,true,true,retest-existing-hls,,,https://z3.ubtvfans.com/live/rx1/2490/54595060e2a2bed178cf189bcc9457e4/index.m3u8
tvbs新聞,TVBS新聞,台灣頻道,sources/live-base.txt,durable-base-hls,TVBS新聞,z3.ubtvfans.com,direct-hls,true,true,retest-existing-hls,,,https://z3.ubtvfans.com/live/rx3/2/5443815966ecbac9d62966e2b8ad67cc/index.m3u8
tvbs新聞,TVBS新聞,台灣頻道,sources/live-cleaned-backup.txt,durable-cleaned-backup-hls,TVBS新聞,z3.ubtvfans.com,direct-hls,true,true,retest-existing-hls,,,https://z3.ubtvfans.com/live/rx1/2490/54595060e2a2bed178cf189bcc9457e4/index.m3u8
tvbs新聞,TVBS新聞,台灣頻道,sources/live-cleaned-backup.txt,durable-cleaned-backup-hls,TVBS新聞,z3.ubtvfans.com,direct-hls,true,true,retest-existing-hls,,,https://z3.ubtvfans.com/live/rx1/2736/a9e0da19e80810bc21a903a4b9b02aa8/index.m3u8
tvbs新聞,TVBS新聞,台灣頻道,sources/live-cleaned-backup.txt,durable-cleaned-backup-hls,TVBS新聞,z3.ubtvfans.com,direct-hls,true,true,retest-existing-hls,,,https://z3.ubtvfans.com/live/rx3/2/5443815966ecbac9d62966e2b8ad67cc/index.m3u8
tvbs精采,TVBS精采,台灣頻道,sources/live-base.txt,durable-base-hls,TVBS精采,z3.ubtvfans.com,direct-hls,true,true,retest-existing-hls,,,https://z3.ubtvfans.com/live/rx3/66/72f2076980f3f707fa82975c351fc14b/index.m3u8
tvbs精采,TVBS精采,台灣頻道,sources/live-cleaned-backup.txt,durable-cleaned-backup-hls,TVBS精采,z3.ubtvfans.com,direct-hls,true,true,retest-existing-hls,,,https://z3.ubtvfans.com/live/rx3/66/72f2076980f3f707fa82975c351fc14b/index.m3u8
tvbs選新聞,TVBS選新聞,YouTube新聞台,sources/youtube-live-channels.csv,durable-youtube-page,TVBS選新聞,www.youtube.com,youtube-page,true,true,resolve-with-yt-dlp,,72d-gkakiek,https://www.youtube.com/watch?v=72d-gkakiek
tvbs歡樂,TVBS歡樂,台灣頻道,sources/live-base.txt,durable-base-hls,TVBS歡樂,z3.ubtvfans.com,direct-hls,true,true,retest-existing-hls,,,https://z3.ubtvfans.com/live/rx3/40/e95032da0c5dd1d44838d70f97836221/index.m3u8
tvbs歡樂,TVBS歡樂,台灣頻道,sources/live-base.txt,durable-base-hls,TVBS歡樂,z3.ubtvfans.com,direct-hls,true,true,retest-existing-hls,,,https://z3.ubtvfans.com/live/rx1/3486/d890fc2f4f09aa427bffd29590611486/index.m3u8
tvbs歡樂,TVBS歡樂,台灣頻道,sources/live-cleaned-backup.txt,durable-cleaned-backup-hls,TVBS歡樂,z3.ubtvfans.com,direct-hls,true,true,retest-existing-hls,,,https://z3.ubtvfans.com/live/rx1/3486/d890fc2f4f09aa427bffd29590611486/index.m3u8
tvbs歡樂,TVBS歡樂,台灣頻道,sources/live-cleaned-backup.txt,durable-cleaned-backup-hls,TVBS歡樂,z3.ubtvfans.com,direct-hls,true,true,retest-existing-hls,,,https://z3.ubtvfans.com/live/rx3/40/e95032da0c5dd1d44838d70f97836221/index.m3u8
tvmueko,TVMU_eko,印尼頻道,sources/live-base.txt,durable-base-hls,TVMU_eko,z3.ubtvfans.com,direct-hls,true,true,retest-existing-hls,,,https://z3.ubtvfans.com/live/rx6/1479/12fc2fc1cdd9282daa252d0de99305f6/index.m3u8
tvmueko,TVMU_eko,印尼頻道,sources/live-cleaned-backup.txt,durable-cleaned-backup-hls,TVMU_eko,z3.ubtvfans.com,direct-hls,true,true,retest-existing-hls,,,https://z3.ubtvfans.com/live/rx6/1479/12fc2fc1cdd9282daa252d0de99305f6/index.m3u8
tvn,TVN,한국 | 新馬頻道,sources/live-base.txt,durable-base-hls,TVN,z3.ubtvfans.com,direct-hls,true,true,retest-existing-hls,,,https://z3.ubtvfans.com/live/rx4/295/f7b8f364d98f98e74b987343e3fe39b7/index.m3u8
tvn,TVN,한국 | 新馬頻道,sources/live-base.txt,durable-base-hls,tvN,z3.ubtvfans.com,direct-hls,true,true,retest-existing-hls,,,https://z3.ubtvfans.com/live/rx4/1154/b932286d05d69ee35928a9273ab5f385/index.m3u8
tvn,TVN,한국 | 新馬頻道,sources/live-base.txt,durable-base-hls,TVN,z3.ubtvfans.com,direct-hls,true,true,retest-existing-hls,,,https://z3.ubtvfans.com/live/rx3/1170/b96fc20974c0abb0d21de02bbf0ff69b/index.m3u8
tvn,TVN,한국 | 新馬頻道,sources/live-cleaned-backup.txt,durable-cleaned-backup-hls,TVN,z3.ubtvfans.com,direct-hls,true,true,retest-existing-hls,,,https://z3.ubtvfans.com/live/rx4/295/f7b8f364d98f98e74b987343e3fe39b7/index.m3u8
tvn,TVN,한국 | 新馬頻道,sources/live-cleaned-backup.txt,durable-cleaned-backup-hls,tvN,z3.ubtvfans.com,direct-hls,true,true,retest-existing-hls,,,https://z3.ubtvfans.com/live/rx4/1154/b932286d05d69ee35928a9273ab5f385/index.m3u8
tvn,TVN,한국 | 新馬頻道,sources/live-cleaned-backup.txt,durable-cleaned-backup-hls,TVN,z3.ubtvfans.com,direct-hls,true,true,retest-existing-hls,,,https://z3.ubtvfans.com/live/rx3/1170/b96fc20974c0abb0d21de02bbf0ff69b/index.m3u8
tvnshow,tvN Show,한국,sources/live-base.txt,durable-base-hls,tvN Show,z3.ubtvfans.com,direct-hls,true,true,retest-existing-hls,,,https://z3.ubtvfans.com/live/rx4/1020/fa9bed320c0ff7e3b7eb7873dd1b5226/index.m3u8
tvnshow,tvN Show,한국,sources/live-cleaned-backup.txt,durable-cleaned-backup-hls,tvN Show,z3.ubtvfans.com,direct-hls,true,true,retest-existing-hls,,,https://z3.ubtvfans.com/live/rx4/1020/fa9bed320c0ff7e3b7eb7873dd1b5226/index.m3u8
tvnsports,tvN Sports,한국,sources/live-base.txt,durable-base-hls,tvN Sports,z3.ubtvfans.com,direct-hls,true,true,retest-existing-hls,,,https://z3.ubtvfans.com/live/rx4/2931/e18c7272548c4c7f7593e612730ea7de/index.m3u8
tvnsports,tvN Sports,한국,sources/live-cleaned-backup.txt,durable-cleaned-backup-hls,tvN Sports,z3.ubtvfans.com,direct-hls,true,true,retest-existing-hls,,,https://z3.ubtvfans.com/live/rx4/2931/e18c7272548c4c7f7593e612730ea7de/index.m3u8
tvo,TVO,加拿大,sources/live-base.txt,durable-base-hls,TVO,z3.ubtvfans.com,direct-hls,true,true,retest-existing-hls,,,https://z3.ubtvfans.com/live/rx3/1260/2a419cca4deee34b34b8ceb598be8ff1/index.m3u8
tvo,TVO,加拿大,sources/live-cleaned-backup.txt,durable-cleaned-backup-hls,TVO,z3.ubtvfans.com,direct-hls,true,true,retest-existing-hls,,,https://z3.ubtvfans.com/live/rx3/1260/2a419cca4deee34b34b8ceb598be8ff1/index.m3u8
tvone,Tvone,印尼頻道,sources/live-base.txt,durable-base-hls,Tvone,z3.ubtvfans.com,direct-hls,true,true,retest-existing-hls,,,https://z3.ubtvfans.com/live/rx6/1482/40c32b8e90266424a631b2bb9a1a6a25/index.m3u8
tvone,Tvone,印尼頻道,sources/live-cleaned-backup.txt,durable-cleaned-backup-hls,Tvone,z3.ubtvfans.com,direct-hls,true,true,retest-existing-hls,,,https://z3.ubtvfans.com/live/rx6/1482/40c32b8e90266424a631b2bb9a1a6a25/index.m3u8
tvr,TVR,印尼頻道,sources/live-base.txt,durable-base-hls,TVR,z3.ubtvfans.com,direct-hls,true,true,retest-existing-hls,,,https://z3.ubtvfans.com/live/rx3/3023/314aab2576293acaa739fc8c14a87881/index.m3u8
tvr,TVR,印尼頻道,sources/live-cleaned-backup.txt,durable-cleaned-backup-hls,TVR,z3.ubtvfans.com,direct-hls,true,true,retest-existing-hls,,,https://z3.ubtvfans.com/live/rx3/3023/314aab2576293acaa739fc8c14a87881/index.m3u8
tvsn,TVSN,澳洲,sources/live-base.txt,durable-base-hls,TVSN,z3.ubtvfans.com,direct-hls,true,true,retest-existing-hls,,,https://z3.ubtvfans.com/live/rx2/2410/f5f6781da9df59340ba619de9820e336/index.m3u8
tvsn,TVSN,澳洲,sources/live-cleaned-backup.txt,durable-cleaned-backup-hls,TVSN,z3.ubtvfans.com,direct-hls,true,true,retest-existing-hls,,,https://z3.ubtvfans.com/live/rx2/2410/f5f6781da9df59340ba619de9820e336/index.m3u8
ufcpass,UFC PASS,美國頻道,sources/live-base.txt,durable-base-hls,UFC PASS,z3.ubtvfans.com,direct-hls,true,true,retest-existing-hls,,,https://z3.ubtvfans.com/live/rx3/1192/8234f59938b9150edc15ff4d8fe7834f/index.m3u8
ufcpass,UFC PASS,美國頻道,sources/live-cleaned-backup.txt,durable-cleaned-backup-hls,UFC PASS,z3.ubtvfans.com,direct-hls,true,true,retest-existing-hls,,,https://z3.ubtvfans.com/live/rx3/1192/8234f59938b9150edc15ff4d8fe7834f/index.m3u8
unitednations,United Nations,新聞頻道,sources/live-base.txt,durable-base-hls,United Nations,z3.ubtvfans.com,direct-hls,true,true,retest-existing-hls,,,https://z3.ubtvfans.com/live/rx1/184/71342d0fa0118470abbe7133ef1f7a47/index.m3u8
unitednations,United Nations,新聞頻道,sources/live-cleaned-backup.txt,durable-cleaned-backup-hls,United Nations,z3.ubtvfans.com,direct-hls,true,true,retest-existing-hls,,,https://z3.ubtvfans.com/live/rx1/184/71342d0fa0118470abbe7133ef1f7a47/index.m3u8
vasantham,Vasantham,新馬頻道,sources/live-base.txt,durable-base-hls,Vasantham,z3.ubtvfans.com,direct-hls,true,true,retest-existing-hls,,,https://z3.ubtvfans.com/live/rx3/1078/c273426f922abbced2c40459a28e2dc3/index.m3u8
vasantham,Vasantham,新馬頻道,sources/live-cleaned-backup.txt,durable-cleaned-backup-hls,Vasantham,z3.ubtvfans.com,direct-hls,true,true,retest-existing-hls,,,https://z3.ubtvfans.com/live/rx3/1078/c273426f922abbced2c40459a28e2dc3/index.m3u8
vh1,VH-1,美國頻道,sources/live-base.txt,durable-base-hls,VH-1,z3.ubtvfans.com,direct-hls,true,true,retest-existing-hls,,,https://z3.ubtvfans.com/live/rx6/1233/caa91fdb568304843b327c476f296a00/index.m3u8
vh1,VH-1,美國頻道,sources/live-cleaned-backup.txt,durable-cleaned-backup-hls,VH-1,z3.ubtvfans.com,direct-hls,true,true,retest-existing-hls,,,https://z3.ubtvfans.com/live/rx6/1233/caa91fdb568304843b327c476f296a00/index.m3u8
viutv,ViuTV,港澳頻道,sources/live-base.txt,durable-base-hls,ViuTV,z3.ubtvfans.com,direct-hls,true,true,retest-existing-hls,,,https://z3.ubtvfans.com/live/rx3/72/dbc228a85e7d1985d5b62dbc3ef8de53/index.m3u8
viutv,ViuTV,港澳頻道,sources/live-cleaned-backup.txt,durable-cleaned-backup-hls,ViuTV,z3.ubtvfans.com,direct-hls,true,true,retest-existing-hls,,,https://z3.ubtvfans.com/live/rx3/72/dbc228a85e7d1985d5b62dbc3ef8de53/index.m3u8
viutv6,Viutv 6,港澳頻道,sources/live-base.txt,durable-base-hls,Viutv 6,z3.ubtvfans.com,direct-hls,true,true,retest-existing-hls,,,https://z3.ubtvfans.com/live/rx3/176/872d90d185e07149489461608fae23b0/index.m3u8
viutv6,Viutv 6,港澳頻道,sources/live-cleaned-backup.txt,durable-cleaned-backup-hls,Viutv 6,z3.ubtvfans.com,direct-hls,true,true,retest-existing-hls,,,https://z3.ubtvfans.com/live/rx3/176/872d90d185e07149489461608fae23b0/index.m3u8
wabc,WABC,美國頻道,sources/live-base.txt,durable-base-hls,WABC,z3.ubtvfans.com,direct-hls,true,true,retest-existing-hls,,,https://z3.ubtvfans.com/live/rx6/3264/5d050cb9b4c9bbe556d17d65734fd640/index.m3u8
wabc,WABC,美國頻道,sources/live-cleaned-backup.txt,durable-cleaned-backup-hls,WABC,z3.ubtvfans.com,direct-hls,true,true,retest-existing-hls,,,https://z3.ubtvfans.com/live/rx6/3264/5d050cb9b4c9bbe556d17d65734fd640/index.m3u8
watch,Watch,英國頻道,sources/live-base.txt,durable-base-hls,Watch,z3.ubtvfans.com,direct-hls,true,true,retest-existing-hls,,,https://z3.ubtvfans.com/live/rx3/1430/6a396536c78045492a4a2e16ec77b4ad/index.m3u8
watch,Watch,英國頻道,sources/live-cleaned-backup.txt,durable-cleaned-backup-hls,Watch,z3.ubtvfans.com,direct-hls,true,true,retest-existing-hls,,,https://z3.ubtvfans.com/live/rx3/1430/6a396536c78045492a4a2e16ec77b4ad/index.m3u8
wdr,WDR,德國頻道,sources/live-base.txt,durable-base-hls,WDR,z3.ubtvfans.com,direct-hls,true,true,retest-existing-hls,,,https://z3.ubtvfans.com/live/rx6/409/53c97d49dcb6f2b00144e65ce2d44004/index.m3u8
wdr,WDR,德國頻道,sources/live-cleaned-backup.txt,durable-cleaned-backup-hls,WDR,z3.ubtvfans.com,direct-hls,true,true,retest-existing-hls,,,https://z3.ubtvfans.com/live/rx6/409/53c97d49dcb6f2b00144e65ce2d44004/index.m3u8
wetv,WE TV,美國頻道,sources/live-base.txt,durable-base-hls,WE TV,z3.ubtvfans.com,direct-hls,true,true,retest-existing-hls,,,https://z3.ubtvfans.com/live/rx6/1229/24451d73a24b994056a37d10a947cd0f/index.m3u8
wetv,WE TV,美國頻道,sources/live-cleaned-backup.txt,durable-cleaned-backup-hls,WE TV,z3.ubtvfans.com,direct-hls,true,true,retest-existing-hls,,,https://z3.ubtvfans.com/live/rx6/1229/24451d73a24b994056a37d10a947cd0f/index.m3u8
wflddtfox321,WFLD-DT Fox 32.1,美國頻道,sources/live-base.txt,durable-base-hls,WFLD-DT Fox 32.1,z3.ubtvfans.com,direct-hls,true,true,retest-existing-hls,,,https://z3.ubtvfans.com/live/rx6/2431/581e3f5967d8db63d91ee58c210feff8/index.m3u8
wflddtfox321,WFLD-DT Fox 32.1,美國頻道,sources/live-cleaned-backup.txt,durable-cleaned-backup-hls,WFLD-DT Fox 32.1,z3.ubtvfans.com,direct-hls,true,true,retest-existing-hls,,,https://z3.ubtvfans.com/live/rx6/2431/581e3f5967d8db63d91ee58c210feff8/index.m3u8
wgn,WGN,美國頻道,sources/live-base.txt,durable-base-hls,WGN,z3.ubtvfans.com,direct-hls,true,true,retest-existing-hls,,,https://z3.ubtvfans.com/live/rx6/1372/45b2a4798c18713f22bbb284a54c7396/index.m3u8
wgn,WGN,美國頻道,sources/live-cleaned-backup.txt,durable-cleaned-backup-hls,WGN,z3.ubtvfans.com,direct-hls,true,true,retest-existing-hls,,,https://z3.ubtvfans.com/live/rx6/1372/45b2a4798c18713f22bbb284a54c7396/index.m3u8
wildstuff,Wild Stuff,紀實頻道,sources/live-base.txt,durable-base-hls,Wild Stuff,z3.ubtvfans.com,direct-hls,true,true,retest-existing-hls,,,https://z3.ubtvfans.com/live/rx1/2769/3ada58549d947195fab9f9dc78805105/index.m3u8
wildstuff,Wild Stuff,紀實頻道,sources/live-cleaned-backup.txt,durable-cleaned-backup-hls,Wild Stuff,z3.ubtvfans.com,direct-hls,true,true,retest-existing-hls,,,https://z3.ubtvfans.com/live/rx1/2769/3ada58549d947195fab9f9dc78805105/index.m3u8
wion,WION,भारत,sources/live-base.txt,durable-base-hls,WION,z3.ubtvfans.com,direct-hls,true,true,retest-existing-hls,,,https://z3.ubtvfans.com/live/rx3/303/e0cc086f92a219ce3140ed62627d2568/index.m3u8
wion,WION,भारत,sources/live-cleaned-backup.txt,durable-cleaned-backup-hls,WION,z3.ubtvfans.com,direct-hls,true,true,retest-existing-hls,,,https://z3.ubtvfans.com/live/rx3/303/e0cc086f92a219ce3140ed62627d2568/index.m3u8
woai,woai,美國頻道,sources/live-base.txt,durable-base-hls,woai,z3.ubtvfans.com,direct-hls,true,true,retest-existing-hls,,,https://z3.ubtvfans.com/live/rx6/2430/a6227f7fb72bc6cc88ade74b8ca625f8/index.m3u8
woai,woai,美國頻道,sources/live-cleaned-backup.txt,durable-cleaned-backup-hls,woai,z3.ubtvfans.com,direct-hls,true,true,retest-existing-hls,,,https://z3.ubtvfans.com/live/rx6/2430/a6227f7fb72bc6cc88ade74b8ca625f8/index.m3u8
wonder,Wonder,英國頻道,sources/live-base.txt,durable-base-hls,Wonder,z3.ubtvfans.com,direct-hls,true,true,retest-existing-hls,,,https://z3.ubtvfans.com/live/rx3/3286/620bb0d8c1b3f0cfaccd3a84b5585214/index.m3u8
wonder,Wonder,英國頻道,sources/live-cleaned-backup.txt,durable-cleaned-backup-hls,Wonder,z3.ubtvfans.com,direct-hls,true,true,retest-existing-hls,,,https://z3.ubtvfans.com/live/rx3/3286/620bb0d8c1b3f0cfaccd3a84b5585214/index.m3u8
workpoint,Workpoint,泰國頻道,sources/live-base.txt,durable-base-hls,Workpoint,z3.ubtvfans.com,direct-hls,true,true,retest-existing-hls,,,https://z3.ubtvfans.com/live/rx2/2326/0feca6f9822033b064b7425be0d8317b/index.m3u8
workpoint,Workpoint,泰國頻道,sources/live-cleaned-backup.txt,durable-cleaned-backup-hls,Workpoint,z3.ubtvfans.com,direct-hls,true,true,retest-existing-hls,,,https://z3.ubtvfans.com/live/rx2/2326/0feca6f9822033b064b7425be0d8317b/index.m3u8
worldfishingnet,World Fishing net,美國頻道,sources/live-base.txt,durable-base-hls,World Fishing net,z3.ubtvfans.com,direct-hls,true,true,retest-existing-hls,,,https://z3.ubtvfans.com/live/rx2/1531/bd871c28e0bb2fd541f7dcdcd20a5b15/index.m3u8
worldfishingnet,World Fishing net,美國頻道,sources/live-cleaned-backup.txt,durable-cleaned-backup-hls,World Fishing net,z3.ubtvfans.com,direct-hls,true,true,retest-existing-hls,,,https://z3.ubtvfans.com/live/rx2/1531/bd871c28e0bb2fd541f7dcdcd20a5b15/index.m3u8
worldwar,World War,英國頻道,sources/live-base.txt,durable-base-hls,World War,z3.ubtvfans.com,direct-hls,true,true,retest-existing-hls,,,https://z3.ubtvfans.com/live/rx5/2443/ec22d13856f3a72e8a295db3bd1ad386/index.m3u8
worldwar,World War,英國頻道,sources/live-cleaned-backup.txt,durable-cleaned-backup-hls,World War,z3.ubtvfans.com,direct-hls,true,true,retest-existing-hls,,,https://z3.ubtvfans.com/live/rx5/2443/ec22d13856f3a72e8a295db3bd1ad386/index.m3u8
wowowシネマ,WOWOWシネマ,にっぽん,sources/live-base.txt,durable-base-hls,WOWOWシネマ,z3.ubtvfans.com,direct-hls,true,true,retest-existing-hls,,,https://z3.ubtvfans.com/live/rx3/135/02561264e2d4b82a28f4ac2b2c52770d/index.m3u8
wowowシネマ,WOWOWシネマ,にっぽん,sources/live-cleaned-backup.txt,durable-cleaned-backup-hls,WOWOWシネマ,z3.ubtvfans.com,direct-hls,true,true,retest-existing-hls,,,https://z3.ubtvfans.com/live/rx3/135/02561264e2d4b82a28f4ac2b2c52770d/index.m3u8
wowowプライム,WOWOWプライム,にっぽん,sources/live-base.txt,durable-base-hls,WOWOWプライム,z3.ubtvfans.com,direct-hls,true,true,retest-existing-hls,,,https://z3.ubtvfans.com/live/rx3/133/f6956db8c014ad91d6aec76284b2e8fc/index.m3u8
wowowプライム,WOWOWプライム,にっぽん,sources/live-cleaned-backup.txt,durable-cleaned-backup-hls,WOWOWプライム,z3.ubtvfans.com,direct-hls,true,true,retest-existing-hls,,,https://z3.ubtvfans.com/live/rx3/133/f6956db8c014ad91d6aec76284b2e8fc/index.m3u8
wowowライブ,WOWOWライブ,にっぽん,sources/live-base.txt,durable-base-hls,WOWOWライブ,z3.ubtvfans.com,direct-hls,true,true,retest-existing-hls,,,https://z3.ubtvfans.com/live/rx3/134/1b5780c32059911f1626f772797b1e8b/index.m3u8
wowowライブ,WOWOWライブ,にっぽん,sources/live-cleaned-backup.txt,durable-cleaned-backup-hls,WOWOWライブ,z3.ubtvfans.com,direct-hls,true,true,retest-existing-hls,,,https://z3.ubtvfans.com/live/rx3/134/1b5780c32059911f1626f772797b1e8b/index.m3u8
wwe,WWE,美國頻道,sources/live-base.txt,durable-base-hls,WWE,z3.ubtvfans.com,direct-hls,true,true,retest-existing-hls,,,https://z3.ubtvfans.com/live/rx3/1191/60e34bcf5bb6514dc8891ec86923cc28/index.m3u8
wwe,WWE,美國頻道,sources/live-cleaned-backup.txt,durable-cleaned-backup-hls,WWE,z3.ubtvfans.com,direct-hls,true,true,retest-existing-hls,,,https://z3.ubtvfans.com/live/rx3/1191/60e34bcf5bb6514dc8891ec86923cc28/index.m3u8
yoyotv,YOYO TV,YouTube兒童動畫,sources/youtube-live-channels.csv,durable-youtube-page,YOYO TV,www.youtube.com,youtube-page,true,true,resolve-with-yt-dlp,,KbG88GiZmBI,https://www.youtube.com/watch?v=KbG88GiZmBI
ytv,YTV,加拿大,sources/live-base.txt,durable-base-hls,YTV,z3.ubtvfans.com,direct-hls,true,true,retest-existing-hls,,,https://z3.ubtvfans.com/live/rx3/1285/28dcade712d3dc346a87ecbfd1cf304e/index.m3u8
ytv,YTV,加拿大,sources/live-cleaned-backup.txt,durable-cleaned-backup-hls,YTV,z3.ubtvfans.com,direct-hls,true,true,retest-existing-hls,,,https://z3.ubtvfans.com/live/rx3/1285/28dcade712d3dc346a87ecbfd1cf304e/index.m3u8
z頻道,Z頻道,台灣頻道,sources/live-base.txt,durable-base-hls,Z頻道,z3.ubtvfans.com,direct-hls,true,true,retest-existing-hls,,,https://z3.ubtvfans.com/live/rx3/1130/60f8781c69c873997b5fbd27b5b8ceb2/index.m3u8
z頻道,Z頻道,台灣頻道,sources/live-cleaned-backup.txt,durable-cleaned-backup-hls,Z頻道,z3.ubtvfans.com,direct-hls,true,true,retest-existing-hls,,,https://z3.ubtvfans.com/live/rx3/1130/60f8781c69c873997b5fbd27b5b8ceb2/index.m3u8
zeeactions,Zee Actions,भारत,sources/live-base.txt,durable-base-hls,Zee Actions,z3.ubtvfans.com,direct-hls,true,true,retest-existing-hls,,,https://z3.ubtvfans.com/live/rx5/1464/6c82bc6c727d066b0cdc137b3596a5b9/index.m3u8
zeeactions,Zee Actions,भारत,sources/live-cleaned-backup.txt,durable-cleaned-backup-hls,Zee Actions,z3.ubtvfans.com,direct-hls,true,true,retest-existing-hls,,,https://z3.ubtvfans.com/live/rx5/1464/6c82bc6c727d066b0cdc137b3596a5b9/index.m3u8
zeebusiness,Zee Business,भारत,sources/live-base.txt,durable-base-hls,Zee Business,z3.ubtvfans.com,direct-hls,true,true,retest-existing-hls,,,https://z3.ubtvfans.com/live/rx5/1461/e2499ccae42108b49cc96639f480093d/index.m3u8
zeebusiness,Zee Business,भारत,sources/live-cleaned-backup.txt,durable-cleaned-backup-hls,Zee Business,z3.ubtvfans.com,direct-hls,true,true,retest-existing-hls,,,https://z3.ubtvfans.com/live/rx5/1461/e2499ccae42108b49cc96639f480093d/index.m3u8
zeecinema,Zee Cinema HD,भारत,sources/live-base.txt,durable-base-hls,Zee Cinema HD,z3.ubtvfans.com,direct-hls,true,true,retest-existing-hls,,,https://z3.ubtvfans.com/live/rx5/1467/f5783d6c72d0b4d1db028e2f3cce44ab/index.m3u8
zeecinema,Zee Cinema HD,भारत,sources/live-cleaned-backup.txt,durable-cleaned-backup-hls,Zee Cinema HD,z3.ubtvfans.com,direct-hls,true,true,retest-existing-hls,,,https://z3.ubtvfans.com/live/rx5/1467/f5783d6c72d0b4d1db028e2f3cce44ab/index.m3u8
zeetamil,Zee Tamil,भारत,sources/live-base.txt,durable-base-hls,Zee Tamil,z3.ubtvfans.com,direct-hls,true,true,retest-existing-hls,,,https://z3.ubtvfans.com/live/rx5/1460/3723989d3c89e883e97758c265c8025b/index.m3u8
zeetamil,Zee Tamil,भारत,sources/live-cleaned-backup.txt,durable-cleaned-backup-hls,Zee Tamil,z3.ubtvfans.com,direct-hls,true,true,retest-existing-hls,,,https://z3.ubtvfans.com/live/rx5/1460/3723989d3c89e883e97758c265c8025b/index.m3u8
zeetv,Zee TV HD,भारत,sources/live-base.txt,durable-base-hls,Zee TV HD,z3.ubtvfans.com,direct-hls,true,true,retest-existing-hls,,,https://z3.ubtvfans.com/live/rx5/1466/2222f503d51f107d2d052f6727f5a7b0/index.m3u8
zeetv,Zee TV HD,भारत,sources/live-cleaned-backup.txt,durable-cleaned-backup-hls,Zee TV HD,z3.ubtvfans.com,direct-hls,true,true,retest-existing-hls,,,https://z3.ubtvfans.com/live/rx5/1466/2222f503d51f107d2d052f6727f5a7b0/index.m3u8
zeenews,ZeeNews,भारत,sources/live-base.txt,durable-base-hls,ZeeNews,z3.ubtvfans.com,direct-hls,true,true,retest-existing-hls,,,https://z3.ubtvfans.com/live/rx3/465/5182e4389a35165c6d4c602ed9bea9b4/index.m3u8
zeenews,ZeeNews,भारत,sources/live-cleaned-backup.txt,durable-cleaned-backup-hls,ZeeNews,z3.ubtvfans.com,direct-hls,true,true,retest-existing-hls,,,https://z3.ubtvfans.com/live/rx3/465/5182e4389a35165c6d4c602ed9bea9b4/index.m3u8
대교어린이,대교 어린이,한국,sources/live-base.txt,durable-base-hls,대교 어린이,z3.ubtvfans.com,direct-hls,true,true,retest-existing-hls,,,https://z3.ubtvfans.com/live/rx4/260/3cda35ece7828be714255db4249af6f9/index.m3u8
대교어린이,대교 어린이,한국,sources/live-cleaned-backup.txt,durable-cleaned-backup-hls,대교 어린이,z3.ubtvfans.com,direct-hls,true,true,retest-existing-hls,,,https://z3.ubtvfans.com/live/rx4/260/3cda35ece7828be714255db4249af6f9/index.m3u8
바둑tv,바둑TV,한국,sources/live-base.txt,durable-base-hls,바둑TV,z3.ubtvfans.com,direct-hls,true,true,retest-existing-hls,,,https://z3.ubtvfans.com/live/rx4/2356/3fc3e0dff95aad28aec12ea41de99f22/index.m3u8
바둑tv,바둑TV,한국,sources/live-cleaned-backup.txt,durable-cleaned-backup-hls,바둑TV,z3.ubtvfans.com,direct-hls,true,true,retest-existing-hls,,,https://z3.ubtvfans.com/live/rx4/2356/3fc3e0dff95aad28aec12ea41de99f22/index.m3u8
연변위성,연변위성,한국,sources/live-base.txt,durable-base-hls,연변위성,z3.ubtvfans.com,direct-hls,true,true,retest-existing-hls,,,https://z3.ubtvfans.com/live/rx4/2361/4ac15e5f557cfd16593b933b5d792d46/index.m3u8
연변위성,연변위성,한국,sources/live-cleaned-backup.txt,durable-cleaned-backup-hls,연변위성,z3.ubtvfans.com,direct-hls,true,true,retest-existing-hls,,,https://z3.ubtvfans.com/live/rx4/2361/4ac15e5f557cfd16593b933b5d792d46/index.m3u8
채널a,채널A,한국,sources/live-base.txt,durable-base-hls,채널A,z3.ubtvfans.com,direct-hls,true,true,retest-existing-hls,,,https://z3.ubtvfans.com/live/rx4/1092/b0f4b97a26077b95526aec049f113eaf/index.m3u8
채널a,채널A,한국,sources/live-cleaned-backup.txt,durable-cleaned-backup-hls,채널A,z3.ubtvfans.com,direct-hls,true,true,retest-existing-hls,,,https://z3.ubtvfans.com/live/rx4/1092/b0f4b97a26077b95526aec049f113eaf/index.m3u8
アニマックス,アニマックス,にっぽん,sources/live-base.txt,durable-base-hls,アニマックス,z3.ubtvfans.com,direct-hls,true,true,retest-existing-hls,,,https://z3.ubtvfans.com/live/rx3/139/22ef9980fdadf773c7596a6f5b9aaf4f/index.m3u8
アニマックス,アニマックス,にっぽん,sources/live-cleaned-backup.txt,durable-cleaned-backup-hls,アニマックス,z3.ubtvfans.com,direct-hls,true,true,retest-existing-hls,,,https://z3.ubtvfans.com/live/rx3/139/22ef9980fdadf773c7596a6f5b9aaf4f/index.m3u8
キッズステーション,キッズステーション,にっぽん,sources/live-base.txt,durable-base-hls,キッズステーション,z3.ubtvfans.com,direct-hls,true,true,retest-existing-hls,,,https://z3.ubtvfans.com/live/rx3/289/6dc4fbfaa62828b54431c8dcd02ab327/index.m3u8
キッズステーション,キッズステーション,にっぽん,sources/live-cleaned-backup.txt,durable-cleaned-backup-hls,キッズステーション,z3.ubtvfans.com,direct-hls,true,true,retest-existing-hls,,,https://z3.ubtvfans.com/live/rx3/289/6dc4fbfaa62828b54431c8dcd02ab327/index.m3u8
グリーンチャンネル,グリーンチャンネル,にっぽん,sources/live-base.txt,durable-base-hls,グリーンチャンネル,z3.ubtvfans.com,direct-hls,true,true,retest-existing-hls,,,https://z3.ubtvfans.com/live/rx3/140/8c5b91ba7353553ef251f1f06c30a43e/index.m3u8
グリーンチャンネル,グリーンチャンネル,にっぽん,sources/live-cleaned-backup.txt,durable-cleaned-backup-hls,グリーンチャンネル,z3.ubtvfans.com,direct-hls,true,true,retest-existing-hls,,,https://z3.ubtvfans.com/live/rx3/140/8c5b91ba7353553ef251f1f06c30a43e/index.m3u8
ゴルフネットワーク,ゴルフネットワーク,にっぽん,sources/live-base.txt,durable-base-hls,ゴルフネットワーク,z3.ubtvfans.com,direct-hls,true,true,retest-existing-hls,,,https://z3.ubtvfans.com/live/rx3/249/9b5983d37f56239f49d331376fad070c/index.m3u8
ゴルフネットワーク,ゴルフネットワーク,にっぽん,sources/live-cleaned-backup.txt,durable-cleaned-backup-hls,ゴルフネットワーク,z3.ubtvfans.com,direct-hls,true,true,retest-existing-hls,,,https://z3.ubtvfans.com/live/rx3/249/9b5983d37f56239f49d331376fad070c/index.m3u8
スターチャンネル,スター・チャンネル,にっぽん,sources/live-base.txt,durable-base-hls,スター・チャンネル,z3.ubtvfans.com,direct-hls,true,true,retest-existing-hls,,,https://z3.ubtvfans.com/live/rx6/3210/9a2ffa83fa6f611a5e70475fa328817d/index.m3u8
スターチャンネル,スター・チャンネル,にっぽん,sources/live-cleaned-backup.txt,durable-cleaned-backup-hls,スター・チャンネル,z3.ubtvfans.com,direct-hls,true,true,retest-existing-hls,,,https://z3.ubtvfans.com/live/rx6/3210/9a2ffa83fa6f611a5e70475fa328817d/index.m3u8
スポーツライブ,スポーツライブ＋,にっぽん,sources/live-base.txt,durable-base-hls,スポーツライブ＋,z3.ubtvfans.com,direct-hls,true,true,retest-existing-hls,,,https://z3.ubtvfans.com/live/rx3/2343/00c5dd905a30c5d1712d8703f94fa1c7/index.m3u8
スポーツライブ,スポーツライブ＋,にっぽん,sources/live-cleaned-backup.txt,durable-cleaned-backup-hls,スポーツライブ＋,z3.ubtvfans.com,direct-hls,true,true,retest-existing-hls,,,https://z3.ubtvfans.com/live/rx3/2343/00c5dd905a30c5d1712d8703f94fa1c7/index.m3u8
テレ朝チャンネル2,テレ朝チャンネル2,にっぽん,sources/live-base.txt,durable-base-hls,テレ朝チャンネル2,z3.ubtvfans.com,direct-hls,true,true,retest-existing-hls,,,https://z3.ubtvfans.com/live/rx3/2344/865cf242c8e600e0520087edb1dd9aee/index.m3u8
テレ朝チャンネル2,テレ朝チャンネル2,にっぽん,sources/live-cleaned-backup.txt,durable-cleaned-backup-hls,テレ朝チャンネル2,z3.ubtvfans.com,direct-hls,true,true,retest-existing-hls,,,https://z3.ubtvfans.com/live/rx3/2344/865cf242c8e600e0520087edb1dd9aee/index.m3u8
テレビ東京,テレビ東京,Verified Fastest | にっぽん,sources/live-base.txt,durable-base-hls,テレビ東京,z3.ubtvfans.com,direct-hls,true,true,retest-existing-hls,,,https://z3.ubtvfans.com/live/rx3/2202/a0eb9f3e48e16063a3e9156f7c26afa4/index.m3u8
テレビ東京,テレビ東京,Verified Fastest | にっぽん,sources/live-base.txt,durable-base-hls,テレビ東京,z3.ubtvfans.com,direct-hls,true,true,retest-existing-hls,,,https://z3.ubtvfans.com/live/rx3/2202/a0eb9f3e48e16063a3e9156f7c26afa4/index.m3u8
テレビ東京,テレビ東京,Verified Fastest | にっぽん,sources/live-base.txt,durable-base-hls,テレビ東京,z3.ubtvfans.com,direct-hls,true,true,retest-existing-hls,,,https://z3.ubtvfans.com/live/rx6/2922/c7fe87ac0b26e907f6b2db182879989a/index.m3u8
テレビ東京,テレビ東京,Verified Fastest | にっぽん,sources/live-cleaned-backup.txt,durable-cleaned-backup-hls,テレビ東京,z3.ubtvfans.com,direct-hls,true,true,retest-existing-hls,,,https://z3.ubtvfans.com/live/rx3/2202/a0eb9f3e48e16063a3e9156f7c26afa4/index.m3u8
テレビ東京,テレビ東京,Verified Fastest | にっぽん,sources/live-cleaned-backup.txt,durable-cleaned-backup-hls,テレビ東京,z3.ubtvfans.com,direct-hls,true,true,retest-existing-hls,,,https://z3.ubtvfans.com/live/rx6/2922/c7fe87ac0b26e907f6b2db182879989a/index.m3u8
テレビ朝日,テレビ朝日,にっぽん,sources/live-base.txt,durable-base-hls,テレビ朝日,z3.ubtvfans.com,direct-hls,true,true,retest-existing-hls,,,https://z3.ubtvfans.com/live/rx6/2921/f27c317033442e3b247dceafc9768dee/index.m3u8
テレビ朝日,テレビ朝日,にっぽん,sources/live-cleaned-backup.txt,durable-cleaned-backup-hls,テレビ朝日,z3.ubtvfans.com,direct-hls,true,true,retest-existing-hls,,,https://z3.ubtvfans.com/live/rx6/2921/f27c317033442e3b247dceafc9768dee/index.m3u8
フジnext,フジ next,にっぽん,sources/live-base.txt,durable-base-hls,フジ next,z3.ubtvfans.com,direct-hls,true,true,retest-existing-hls,,,https://z3.ubtvfans.com/live/rx6/2750/7bf1653a931dbfe0216f8594e1e55230/index.m3u8
フジnext,フジ next,にっぽん,sources/live-cleaned-backup.txt,durable-cleaned-backup-hls,フジ next,z3.ubtvfans.com,direct-hls,true,true,retest-existing-hls,,,https://z3.ubtvfans.com/live/rx6/2750/7bf1653a931dbfe0216f8594e1e55230/index.m3u8
フジtwo,フジ two,にっぽん,sources/live-base.txt,durable-base-hls,フジ two,z3.ubtvfans.com,direct-hls,true,true,retest-existing-hls,,,https://z3.ubtvfans.com/live/rx3/2301/a598c7dabb8ce279495104ade6e791a6/index.m3u8
フジtwo,フジ two,にっぽん,sources/live-cleaned-backup.txt,durable-cleaned-backup-hls,フジ two,z3.ubtvfans.com,direct-hls,true,true,retest-existing-hls,,,https://z3.ubtvfans.com/live/rx3/2301/a598c7dabb8ce279495104ade6e791a6/index.m3u8
フジone,フジone,にっぽん,sources/live-base.txt,durable-base-hls,フジone,z3.ubtvfans.com,direct-hls,true,true,retest-existing-hls,,,https://z3.ubtvfans.com/live/rx3/2300/ca5dc1dc9509931a8ccf4cb898db6a56/index.m3u8
フジone,フジone,にっぽん,sources/live-cleaned-backup.txt,durable-cleaned-backup-hls,フジone,z3.ubtvfans.com,direct-hls,true,true,retest-existing-hls,,,https://z3.ubtvfans.com/live/rx3/2300/ca5dc1dc9509931a8ccf4cb898db6a56/index.m3u8
フジテレビ,フジテレビ,にっぽん,sources/live-base.txt,durable-base-hls,フジテレビ,z3.ubtvfans.com,direct-hls,true,true,retest-existing-hls,,,https://z3.ubtvfans.com/live/rx3/2203/7d2c913fa399d75653de918237c805fc/index.m3u8
フジテレビ,フジテレビ,にっぽん,sources/live-cleaned-backup.txt,durable-cleaned-backup-hls,フジテレビ,z3.ubtvfans.com,direct-hls,true,true,retest-existing-hls,,,https://z3.ubtvfans.com/live/rx3/2203/7d2c913fa399d75653de918237c805fc/index.m3u8
フジテレビ富士,フジテレビ富士,にっぽん,sources/live-base.txt,durable-base-hls,フジテレビ富士,z3.ubtvfans.com,direct-hls,true,true,retest-existing-hls,,,https://z3.ubtvfans.com/live/rx6/2920/77ed629f17a344f09b9f42d7109e095b/index.m3u8
フジテレビ富士,フジテレビ富士,にっぽん,sources/live-cleaned-backup.txt,durable-cleaned-backup-hls,フジテレビ富士,z3.ubtvfans.com,direct-hls,true,true,retest-existing-hls,,,https://z3.ubtvfans.com/live/rx6/2920/77ed629f17a344f09b9f42d7109e095b/index.m3u8
